/*
SQLyog Community v13.3.1 (64 bit)
MySQL - 8.4.7 : Database - menswear
*********************************************************************
*/

/*!40101 SET NAMES utf8 */;

/*!40101 SET SQL_MODE=''*/;

/*!40014 SET @OLD_UNIQUE_CHECKS=@@UNIQUE_CHECKS, UNIQUE_CHECKS=0 */;
/*!40014 SET @OLD_FOREIGN_KEY_CHECKS=@@FOREIGN_KEY_CHECKS, FOREIGN_KEY_CHECKS=0 */;
/*!40101 SET @OLD_SQL_MODE=@@SQL_MODE, SQL_MODE='NO_AUTO_VALUE_ON_ZERO' */;
/*!40111 SET @OLD_SQL_NOTES=@@SQL_NOTES, SQL_NOTES=0 */;
CREATE DATABASE /*!32312 IF NOT EXISTS*/`menswear` /*!40100 DEFAULT CHARACTER SET utf8mb4 COLLATE utf8mb4_0900_ai_ci */ /*!80016 DEFAULT ENCRYPTION='N' */;

USE `menswear`;

/*Table structure for table `attender` */

DROP TABLE IF EXISTS `attender`;

CREATE TABLE `attender` (
  `id` int unsigned NOT NULL AUTO_INCREMENT,
  `name` varchar(255) NOT NULL,
  `code` varchar(255) DEFAULT NULL,
  `is_active` int DEFAULT '1',
  PRIMARY KEY (`id`)
) ENGINE=InnoDB AUTO_INCREMENT=6 DEFAULT CHARSET=utf8mb4 COLLATE=utf8mb4_0900_ai_ci;

/*Data for the table `attender` */

insert  into `attender`(`id`,`name`,`code`,`is_active`) values 
(3,'Jeya Kumar','JK',1),
(4,'NIKESH','NK',1),
(5,'abcd','AK',1);

/*Table structure for table `company_details` */

DROP TABLE IF EXISTS `company_details`;

CREATE TABLE `company_details` (
  `id` int unsigned NOT NULL AUTO_INCREMENT,
  `shop_name` varchar(255) CHARACTER SET utf8mb4 COLLATE utf8mb4_0900_ai_ci NOT NULL,
  `address` text,
  `gstin` varchar(255) DEFAULT NULL,
  `print_type` int NOT NULL DEFAULT '0',
  `printer_name` varchar(255) DEFAULT NULL,
  `bank_details` varchar(255) DEFAULT NULL,
  `barcode_printer` varchar(255) DEFAULT NULL,
  PRIMARY KEY (`id`)
) ENGINE=InnoDB AUTO_INCREMENT=3 DEFAULT CHARSET=utf8mb4 COLLATE=utf8mb4_0900_ai_ci;

/*Data for the table `company_details` */

insert  into `company_details`(`id`,`shop_name`,`address`,`gstin`,`print_type`,`printer_name`,`bank_details`,`barcode_printer`) values 
(2,'MAPLA  MENS  WEAR','RADHAPURAM ROAD\r\nVADAKKU VALLYUR\r\nTHIRUNELVELI\r\nPH: 9047476247','',1,'RP3160 GOLD','','SNBC TVSE LP 46 NEO BPLE');

/*Table structure for table `configure_bank_details` */

DROP TABLE IF EXISTS `configure_bank_details`;

CREATE TABLE `configure_bank_details` (
  `id` int unsigned NOT NULL AUTO_INCREMENT,
  `name` varchar(255) NOT NULL,
  `is_blocked` tinyint unsigned NOT NULL DEFAULT '0',
  PRIMARY KEY (`id`)
) ENGINE=InnoDB AUTO_INCREMENT=5 DEFAULT CHARSET=latin1;

/*Data for the table `configure_bank_details` */

insert  into `configure_bank_details`(`id`,`name`,`is_blocked`) values 
(1,'SBI BANK',0),
(2,'CANARA BANK',0),
(3,'AXIS BANK',0),
(4,'IOB BANK',0);

/*Table structure for table `configure_payment_type` */

DROP TABLE IF EXISTS `configure_payment_type`;

CREATE TABLE `configure_payment_type` (
  `id` int unsigned NOT NULL AUTO_INCREMENT,
  `name` varchar(255) NOT NULL,
  `is_blocked` int unsigned NOT NULL DEFAULT '0',
  `type_id` int unsigned NOT NULL DEFAULT '0',
  PRIMARY KEY (`id`)
) ENGINE=InnoDB AUTO_INCREMENT=6 DEFAULT CHARSET=latin1;

/*Data for the table `configure_payment_type` */

insert  into `configure_payment_type`(`id`,`name`,`is_blocked`,`type_id`) values 
(1,'Cash',0,1),
(2,'BANK',0,2);

/*Table structure for table `credit_days` */

DROP TABLE IF EXISTS `credit_days`;

CREATE TABLE `credit_days` (
  `id` int unsigned NOT NULL AUTO_INCREMENT,
  `credit_days` int NOT NULL,
  PRIMARY KEY (`id`)
) ENGINE=InnoDB AUTO_INCREMENT=2 DEFAULT CHARSET=utf8mb4 COLLATE=utf8mb4_0900_ai_ci;

/*Data for the table `credit_days` */

insert  into `credit_days`(`id`,`credit_days`) values 
(1,10);

/*Table structure for table `customers` */

DROP TABLE IF EXISTS `customers`;

CREATE TABLE `customers` (
  `id` int unsigned NOT NULL AUTO_INCREMENT,
  `name` varchar(255) NOT NULL,
  `phone_number` varchar(255) DEFAULT NULL,
  `address` varchar(255) DEFAULT NULL,
  `date` date DEFAULT NULL,
  `time` time DEFAULT NULL,
  `is_active` int DEFAULT '1',
  `gstin` varchar(255) DEFAULT NULL,
  `is_gst` int DEFAULT '0',
  `salesman` int DEFAULT NULL,
  `area` int DEFAULT NULL,
  `credit_limit` double(10,2) NOT NULL DEFAULT '0.00',
  `local` int DEFAULT '1',
  `exchange_point` double(10,3) DEFAULT '0.000',
  PRIMARY KEY (`id`)
) ENGINE=InnoDB AUTO_INCREMENT=2 DEFAULT CHARSET=utf8mb4 COLLATE=utf8mb4_0900_ai_ci;

/*Data for the table `customers` */

insert  into `customers`(`id`,`name`,`phone_number`,`address`,`date`,`time`,`is_active`,`gstin`,`is_gst`,`salesman`,`area`,`credit_limit`,`local`,`exchange_point`) values 
(1,'jaswa','9898989898','','2026-07-20','15:44:27',1,'',0,0,0,50000.00,1,500.000);

/*Table structure for table `customers_exchange_point` */

DROP TABLE IF EXISTS `customers_exchange_point`;

CREATE TABLE `customers_exchange_point` (
  `id` int unsigned NOT NULL AUTO_INCREMENT,
  `customer_id` int NOT NULL,
  `bill_id` int NOT NULL,
  `old_point` double(10,3) DEFAULT '0.000',
  `exchange_point` double(10,3) DEFAULT '0.000',
  `total_point` double(10,3) DEFAULT '0.000',
  `uid` int DEFAULT NULL,
  `date_time` datetime DEFAULT NULL,
  `notes` text,
  PRIMARY KEY (`id`)
) ENGINE=InnoDB AUTO_INCREMENT=5 DEFAULT CHARSET=utf8mb4 COLLATE=utf8mb4_0900_ai_ci;

/*Data for the table `customers_exchange_point` */

insert  into `customers_exchange_point`(`id`,`customer_id`,`bill_id`,`old_point`,`exchange_point`,`total_point`,`uid`,`date_time`,`notes`) values 
(1,1,585,0.000,500.000,500.000,1,'2026-07-22 13:07:00','Points earned on product return (Bill: 26-585, Qty: 1.0)'),
(2,1,587,500.000,-250.000,250.000,1,'2026-07-22 14:11:19','Points used as bill discount (Bill ID: 587, Used: 250.00)'),
(3,1,588,250.000,-250.000,0.000,1,'2026-07-22 14:16:40','Points used as bill discount (Bill ID: 588, Used: 250.00)'),
(4,1,589,0.000,500.000,500.000,1,'2026-07-22 14:17:21','Points earned on product return (Bill: 26-589, Qty: 1.0)');

/*Table structure for table `expense_entry` */

DROP TABLE IF EXISTS `expense_entry`;

CREATE TABLE `expense_entry` (
  `id` int unsigned NOT NULL AUTO_INCREMENT,
  `exp_type` int NOT NULL,
  `content` varchar(255) NOT NULL,
  `amount` decimal(10,2) NOT NULL,
  `description` text,
  `exc_date_time` datetime DEFAULT NULL,
  `entry_date_time` datetime DEFAULT NULL,
  `is_active` int DEFAULT '1',
  `uid` int NOT NULL,
  PRIMARY KEY (`id`),
  KEY `type` (`exp_type`)
) ENGINE=InnoDB DEFAULT CHARSET=utf8mb4 COLLATE=utf8mb4_0900_ai_ci;

/*Data for the table `expense_entry` */

/*Table structure for table `expense_type` */

DROP TABLE IF EXISTS `expense_type`;

CREATE TABLE `expense_type` (
  `id` int unsigned NOT NULL AUTO_INCREMENT,
  `type` varchar(255) NOT NULL,
  `is_active` int DEFAULT '1',
  PRIMARY KEY (`id`)
) ENGINE=InnoDB DEFAULT CHARSET=utf8mb4 COLLATE=utf8mb4_0900_ai_ci;

/*Data for the table `expense_type` */

/*Table structure for table `gstin` */

DROP TABLE IF EXISTS `gstin`;

CREATE TABLE `gstin` (
  `id` int unsigned NOT NULL AUTO_INCREMENT,
  `gstin` varchar(255) NOT NULL,
  `shop_name` varchar(255) NOT NULL,
  PRIMARY KEY (`id`)
) ENGINE=InnoDB DEFAULT CHARSET=utf8mb4 COLLATE=utf8mb4_0900_ai_ci;

/*Data for the table `gstin` */

/*Table structure for table `heading` */

DROP TABLE IF EXISTS `heading`;

CREATE TABLE `heading` (
  `id` int unsigned NOT NULL AUTO_INCREMENT,
  `head1` varchar(255) DEFAULT NULL,
  `head2` varchar(255) DEFAULT NULL,
  `head3` varchar(255) DEFAULT NULL,
  `active` int DEFAULT '0',
  PRIMARY KEY (`id`)
) ENGINE=InnoDB AUTO_INCREMENT=2 DEFAULT CHARSET=latin1;

/*Data for the table `heading` */

insert  into `heading`(`id`,`head1`,`head2`,`head3`,`active`) values 
(1,'Category','Brand','Product',600);

/*Table structure for table `order_tables` */

DROP TABLE IF EXISTS `order_tables`;

CREATE TABLE `order_tables` (
  `id` int unsigned NOT NULL AUTO_INCREMENT,
  `name` varchar(255) NOT NULL,
  `is_occupied` int NOT NULL DEFAULT '0',
  PRIMARY KEY (`id`)
) ENGINE=InnoDB DEFAULT CHARSET=utf8mb4 COLLATE=utf8mb4_0900_ai_ci;

/*Data for the table `order_tables` */

/*Table structure for table `pro_bill_exchange` */

DROP TABLE IF EXISTS `pro_bill_exchange`;

CREATE TABLE `pro_bill_exchange` (
  `id` int unsigned NOT NULL AUTO_INCREMENT,
  `bill_id` int NOT NULL,
  `customer_id` int NOT NULL,
  `old_prod_id` int NOT NULL,
  `new_prod_id` int NOT NULL,
  `uid` int NOT NULL,
  `date_time` datetime DEFAULT NULL,
  PRIMARY KEY (`id`)
) ENGINE=InnoDB AUTO_INCREMENT=3 DEFAULT CHARSET=utf8mb4 COLLATE=utf8mb4_0900_ai_ci;

/*Data for the table `pro_bill_exchange` */

insert  into `pro_bill_exchange`(`id`,`bill_id`,`customer_id`,`old_prod_id`,`new_prod_id`,`uid`,`date_time`) values 
(1,585,1,36,36,1,'2026-07-22 13:07:00'),
(2,589,1,36,36,1,'2026-07-22 14:17:21');

/*Table structure for table `prod_batch` */

DROP TABLE IF EXISTS `prod_batch`;

CREATE TABLE `prod_batch` (
  `id` int unsigned NOT NULL AUTO_INCREMENT,
  `name` varchar(255) NOT NULL,
  `product_id` int NOT NULL,
  `cost` double(10,3) DEFAULT '0.000',
  `mrp` double(10,3) DEFAULT '0.000',
  `stock` decimal(10,2) NOT NULL,
  `disc_type` int DEFAULT '0' COMMENT '1=rs 2=%',
  `discount` double(10,3) DEFAULT '0.000',
  `date` date DEFAULT NULL,
  `time` time DEFAULT '00:00:00',
  `added_stock` decimal(10,2) NOT NULL,
  `uid` int NOT NULL,
  PRIMARY KEY (`id`),
  KEY `prod` (`product_id`),
  KEY `disc` (`disc_type`),
  KEY `uid` (`uid`)
) ENGINE=InnoDB AUTO_INCREMENT=38 DEFAULT CHARSET=latin1;

/*Data for the table `prod_batch` */

insert  into `prod_batch`(`id`,`name`,`product_id`,`cost`,`mrp`,`stock`,`disc_type`,`discount`,`date`,`time`,`added_stock`,`uid`) values 
(1,'Z4',1,795.000,795.000,692.00,0,0.000,'2026-03-09','22:16:12',0.00,1),
(2,'Z2',2,495.000,495.000,339.00,0,0.000,'2026-03-10','18:22:25',10.00,24),
(3,'Z3',3,695.000,695.000,565.00,0,0.000,'2008-05-09','01:00:33',563.00,24),
(4,'Z11',4,749.000,749.000,68.00,0,0.000,'2026-03-11','07:17:20',80.00,24),
(5,'Z12',5,849.000,849.000,146.00,0,0.000,'2026-03-11','07:22:36',119.00,24),
(6,'Z13',6,695.000,695.000,82.00,0,0.000,'2026-03-11','09:27:26',98.00,24),
(7,'Z14',7,795.000,795.000,91.00,0,0.000,'2026-03-11','10:00:04',109.00,24),
(8,'Z51',8,430.000,430.000,25.00,0,0.000,'2026-03-12','14:45:33',55.00,24),
(9,'Z61',9,330.000,330.000,55.00,0,0.000,'2026-03-12','14:48:16',85.00,24),
(10,'Z31',10,449.000,449.000,86.00,0,0.000,'2026-03-12','14:55:43',100.00,24),
(11,'Z32',11,295.000,295.000,73.00,0,0.000,'2026-03-12','14:57:34',40.00,24),
(12,'Z62',12,430.000,430.000,78.00,0,0.000,'2026-03-12','15:43:30',88.00,24),
(13,'Z33',13,395.000,395.000,28.00,0,0.000,'2026-03-12','17:11:57',35.00,24),
(14,'Z34',14,550.000,550.000,18.00,0,0.000,'2026-03-12','17:22:26',20.00,24),
(15,'Z35',15,395.000,395.000,27.00,0,0.000,'2026-03-12','17:28:33',40.00,24),
(16,'Z36',16,550.000,550.000,45.00,0,0.000,'2026-03-12','18:27:31',60.00,24),
(17,'Z37',17,580.000,580.000,22.00,0,0.000,'2026-03-12','18:36:53',66.00,24),
(18,'Z38',18,580.000,580.000,59.00,0,0.000,'2026-03-12','18:41:33',66.00,24),
(19,'Z39',19,450.000,450.000,35.00,0,0.000,'2026-03-12','18:45:02',39.00,24),
(20,'Z40',20,730.000,730.000,5.00,0,0.000,'2026-03-12','18:48:14',6.00,24),
(21,'Z21',21,795.000,795.000,66.00,0,0.000,'2026-03-12','08:37:53',90.00,24),
(22,'Z22',22,895.000,895.000,276.00,0,0.000,'2026-03-12','09:10:58',307.00,24),
(23,'Z15',23,849.000,849.000,77.00,0,0.000,'2026-03-13','11:34:54',105.00,24),
(24,'Z23',24,995.000,995.000,183.00,0,0.000,'2026-03-13','11:43:51',203.00,24),
(25,'Z5',25,795.000,795.000,47.00,0,0.000,'2026-03-13','09:19:40',24.00,24),
(26,'Z001',26,200.000,200.000,0.00,0,0.000,'2026-03-13','08:55:42',0.00,24),
(27,'Z002',27,170.000,170.000,0.00,0,0.000,'2026-03-13','08:57:51',0.00,24),
(28,'Z003',28,340.000,340.000,0.00,0,0.000,'2026-03-13','08:59:03',0.00,24),
(29,'Z004',29,100.000,100.000,0.00,0,0.000,'2026-03-13','08:59:52',0.00,24),
(30,'Z005',30,170.000,170.000,0.00,0,0.000,'2026-03-13','09:00:59',0.00,24),
(31,'Z7',31,133.000,133.000,0.00,0,0.000,'2026-03-13','08:58:21',0.00,24),
(32,'Z100',32,50.000,50.000,0.00,0,0.000,'2026-03-13','09:40:59',0.00,24),
(33,'Z010',33,100.000,100.000,0.00,0,0.000,'2026-03-15','11:37:18',0.00,24),
(34,'Z111',34,100.000,100.000,0.00,0,0.000,'2026-03-17','02:28:53',0.00,24),
(35,'Z006',35,500.000,500.000,0.00,0,0.000,'2026-03-21','10:17:23',0.00,24),
(36,'Z101',36,500.000,500.000,1.00,0,0.000,'2026-03-21','10:35:32',0.00,24),
(37,'Z102',37,700.000,700.000,0.00,0,0.000,'2026-03-21','10:36:30',0.00,24);

/*Table structure for table `prod_batch_updated` */

DROP TABLE IF EXISTS `prod_batch_updated`;

CREATE TABLE `prod_batch_updated` (
  `id` int unsigned NOT NULL AUTO_INCREMENT,
  `name` varchar(255) NOT NULL,
  `product_id` int NOT NULL,
  `cost` double(10,3) NOT NULL DEFAULT '0.000',
  `mrp` double(10,3) NOT NULL DEFAULT '0.000',
  `stock` decimal(10,2) NOT NULL,
  `disc_type` int DEFAULT '0' COMMENT '1=rs 2=%',
  `discount` double(10,3) DEFAULT '0.000',
  `date` date DEFAULT NULL,
  `time` time DEFAULT '00:00:00',
  `added_stock` decimal(10,2) NOT NULL,
  `uid` int NOT NULL DEFAULT '0',
  `updatedDate` date DEFAULT NULL,
  `updatedTime` time DEFAULT '00:00:00',
  `updatedUid` int NOT NULL,
  PRIMARY KEY (`id`),
  KEY `prod` (`product_id`),
  KEY `disc` (`disc_type`),
  KEY `uid` (`uid`)
) ENGINE=InnoDB AUTO_INCREMENT=3 DEFAULT CHARSET=latin1;

/*Data for the table `prod_batch_updated` */

insert  into `prod_batch_updated`(`id`,`name`,`product_id`,`cost`,`mrp`,`stock`,`disc_type`,`discount`,`date`,`time`,`added_stock`,`uid`,`updatedDate`,`updatedTime`,`updatedUid`) values 
(1,'Z101',1,250.000,350.000,0.00,0,0.000,NULL,'00:00:00',0.00,0,'2026-03-11','03:30:24',24),
(2,'Z0900',2,150.000,900.000,9.00,0,0.000,NULL,'00:00:00',10.00,0,'2026-03-11','03:31:02',24);

/*Table structure for table `prod_batch_zero_stock_bill` */

DROP TABLE IF EXISTS `prod_batch_zero_stock_bill`;

CREATE TABLE `prod_batch_zero_stock_bill` (
  `id` int unsigned NOT NULL AUTO_INCREMENT,
  `batch_id` varchar(255) NOT NULL,
  `product_id` int NOT NULL,
  `qty` decimal(10,2) NOT NULL,
  `date` date DEFAULT NULL,
  `time` time DEFAULT '00:00:00',
  `uid` int NOT NULL,
  PRIMARY KEY (`id`),
  KEY `batch` (`batch_id`),
  KEY `prod` (`product_id`),
  KEY `uid` (`uid`)
) ENGINE=InnoDB AUTO_INCREMENT=507 DEFAULT CHARSET=latin1;

/*Data for the table `prod_batch_zero_stock_bill` */

insert  into `prod_batch_zero_stock_bill`(`id`,`batch_id`,`product_id`,`qty`,`date`,`time`,`uid`) values 
(1,'26',26,5.00,'2026-03-13','09:00:18',24),
(2,'26',26,1.00,'2026-03-13','09:12:07',24),
(3,'28',28,1.00,'2026-03-13','09:23:28',24),
(4,'26',26,5.00,'2026-03-13','09:23:28',24),
(5,'28',28,1.00,'2026-03-13','09:29:08',24),
(6,'28',28,2.00,'2026-03-13','09:31:23',24),
(7,'26',26,1.00,'2026-03-13','09:43:34',24),
(8,'26',26,5.00,'2026-03-13','09:47:16',24),
(9,'30',30,1.00,'2026-03-13','09:48:00',24),
(10,'28',28,1.00,'2026-03-13','08:52:50',24),
(11,'29',29,1.00,'2026-03-13','08:53:19',24),
(12,'29',29,1.00,'2026-03-13','08:53:58',24),
(13,'29',29,2.00,'2026-03-13','08:54:24',24),
(14,'29',29,2.00,'2026-03-13','08:56:21',24),
(15,'31',31,3.00,'2026-03-13','08:58:58',24),
(16,'29',29,1.00,'2026-03-13','08:58:58',24),
(17,'26',26,5.00,'2026-03-13','09:00:35',24),
(18,'28',28,1.00,'2026-03-13','09:04:53',24),
(19,'29',29,1.00,'2026-03-13','09:04:53',24),
(20,'26',26,3.00,'2026-03-13','09:04:53',24),
(21,'28',28,1.00,'2026-03-13','09:07:05',24),
(22,'28',28,1.00,'2026-03-13','09:07:56',24),
(23,'27',27,1.00,'2026-03-13','09:10:18',24),
(24,'29',29,5.00,'2026-03-13','09:13:11',24),
(25,'26',26,5.00,'2026-03-13','09:18:45',24),
(26,'28',28,1.00,'2026-03-13','09:18:45',24),
(27,'27',27,1.00,'2026-03-13','09:20:34',24),
(28,'30',30,2.00,'2026-03-13','09:20:34',24),
(29,'30',30,1.00,'2026-03-13','09:23:35',24),
(30,'26',26,5.00,'2026-03-13','09:26:07',24),
(31,'27',27,1.00,'2026-03-13','09:28:57',24),
(32,'29',29,10.00,'2026-03-13','09:34:36',24),
(33,'29',29,3.00,'2026-03-13','09:43:42',24),
(34,'30',30,1.00,'2026-03-13','09:43:42',24),
(35,'31',31,3.00,'2026-03-13','09:43:42',24),
(36,'32',32,1.00,'2026-03-13','09:43:42',24),
(37,'28',28,1.00,'2026-03-13','09:43:42',24),
(38,'26',26,5.00,'2026-03-13','09:45:58',24),
(39,'30',30,2.00,'2026-03-13','09:47:44',24),
(40,'29',29,5.00,'2026-03-13','09:47:44',24),
(41,'26',26,3.00,'2026-03-13','09:50:42',24),
(42,'26',26,5.00,'2026-03-13','09:51:53',24),
(43,'26',26,3.00,'2026-03-13','09:52:40',24),
(44,'26',26,1.00,'2026-03-13','08:57:35',24),
(45,'27',27,1.00,'2026-03-13','08:59:41',24),
(46,'26',26,4.00,'2026-03-13','09:02:34',24),
(47,'26',26,1.00,'2026-03-13','09:07:46',24),
(48,'28',28,1.00,'2026-03-13','09:07:46',24),
(49,'31',31,1.00,'2026-03-13','09:07:46',24),
(50,'26',26,4.00,'2026-03-13','09:08:58',24),
(51,'29',29,4.00,'2026-03-13','09:08:58',24),
(52,'26',26,4.00,'2026-03-13','09:09:53',24),
(53,'28',28,1.00,'2026-03-13','09:12:04',24),
(54,'30',30,1.00,'2026-03-13','09:15:07',24),
(55,'29',29,2.00,'2026-03-13','09:15:07',24),
(56,'30',30,1.00,'2026-03-13','09:19:08',24),
(57,'29',29,5.00,'2026-03-13','09:19:08',24),
(58,'28',28,1.00,'2026-03-13','09:19:45',24),
(59,'32',32,1.00,'2026-03-13','09:19:45',24),
(60,'28',28,1.00,'2026-03-13','09:21:31',24),
(61,'30',30,1.00,'2026-03-13','09:21:31',24),
(62,'29',29,2.00,'2026-03-13','09:21:31',24),
(63,'28',28,1.00,'2026-03-13','09:26:20',24),
(64,'26',26,3.00,'2026-03-13','09:28:38',24),
(65,'29',29,5.00,'2026-03-13','09:32:24',24),
(66,'30',30,1.00,'2026-03-13','09:32:24',24),
(67,'30',30,1.00,'2026-03-13','09:33:37',24),
(68,'28',28,1.00,'2026-03-13','09:36:55',24),
(69,'28',28,1.00,'2026-03-13','09:41:51',24),
(70,'26',26,5.00,'2026-03-13','09:52:09',24),
(71,'30',30,1.00,'2026-03-13','09:52:09',24),
(72,'26',26,5.00,'2026-03-13','08:57:38',24),
(73,'29',29,2.00,'2026-03-13','09:03:25',24),
(74,'29',29,5.00,'2026-03-13','09:07:42',24),
(75,'29',29,1.00,'2026-03-13','09:08:43',24),
(76,'30',30,1.00,'2026-03-13','09:08:43',24),
(77,'26',26,5.00,'2026-03-13','09:10:13',24),
(78,'28',28,1.00,'2026-03-13','09:18:14',24),
(79,'27',27,1.00,'2026-03-13','09:18:58',24),
(80,'26',26,5.00,'2026-03-13','09:20:52',24),
(81,'28',28,1.00,'2026-03-13','09:21:47',24),
(82,'29',29,5.00,'2026-03-13','09:21:47',24),
(83,'26',26,5.00,'2026-03-13','09:22:55',24),
(84,'26',26,5.00,'2026-03-13','09:33:46',24),
(85,'26',26,2.00,'2026-03-13','09:36:49',24),
(86,'30',30,2.00,'2026-03-13','09:36:50',24),
(87,'28',28,1.00,'2026-03-13','09:44:47',24),
(88,'28',28,1.00,'2026-03-13','09:49:13',24),
(89,'26',26,5.00,'2026-03-13','09:52:01',24),
(90,'30',30,1.00,'2026-03-13','08:53:01',24),
(91,'29',29,3.00,'2026-03-13','08:53:01',24),
(92,'27',27,1.00,'2026-03-13','08:53:44',24),
(93,'26',26,5.00,'2026-03-13','08:54:01',24),
(94,'26',26,4.00,'2026-03-13','08:56:05',24),
(95,'29',29,1.00,'2026-03-13','08:56:05',24),
(96,'29',29,2.00,'2026-03-13','09:01:34',24),
(97,'30',30,1.00,'2026-03-13','09:06:39',24),
(98,'29',29,5.00,'2026-03-13','09:06:39',24),
(99,'26',26,1.00,'2026-03-13','09:14:09',24),
(100,'26',26,1.00,'2026-03-13','09:20:03',24),
(101,'29',29,3.00,'2026-03-13','09:20:03',24),
(102,'29',29,5.00,'2026-03-13','09:41:32',24),
(103,'27',27,1.00,'2026-03-13','09:42:27',24),
(104,'30',30,1.00,'2026-03-13','09:42:27',24),
(105,'30',30,1.00,'2026-03-13','09:43:26',24),
(106,'28',28,1.00,'2026-03-13','09:46:50',24),
(107,'26',26,5.00,'2026-03-13','09:49:58',24),
(108,'27',27,1.00,'2026-03-13','09:02:51',24),
(109,'32',32,1.00,'2026-03-13','09:04:57',24),
(110,'26',26,5.00,'2026-03-13','09:05:54',24),
(111,'28',28,1.00,'2026-03-13','09:06:37',24),
(112,'31',31,3.00,'2026-03-13','09:14:38',24),
(113,'30',30,1.00,'2026-03-13','09:21:23',24),
(114,'28',28,1.00,'2026-03-13','09:21:23',24),
(115,'26',26,5.00,'2026-03-13','09:24:01',24),
(116,'28',28,1.00,'2026-03-13','09:24:59',24),
(117,'28',28,1.00,'2026-03-13','09:27:16',24),
(118,'30',30,1.00,'2026-03-13','09:33:52',24),
(119,'26',26,4.00,'2026-03-13','09:39:31',24),
(120,'32',32,1.00,'2026-03-13','09:42:24',24),
(121,'31',31,1.00,'2026-03-13','09:42:24',24),
(122,'31',31,1.00,'2026-03-13','09:42:24',24),
(123,'30',30,1.00,'2026-03-13','09:48:49',24),
(124,'29',29,3.00,'2026-03-13','09:48:49',24),
(125,'30',30,1.00,'2026-03-13','08:53:09',24),
(126,'29',29,5.00,'2026-03-13','08:53:09',24),
(127,'28',28,1.00,'2026-03-13','08:53:09',24),
(128,'27',27,1.00,'2026-03-13','08:53:45',24),
(129,'27',27,1.00,'2026-03-13','08:55:51',24),
(130,'29',29,5.00,'2026-03-13','09:12:33',24),
(131,'30',30,1.00,'2026-03-13','09:12:33',24),
(132,'26',26,5.00,'2026-03-13','09:12:33',24),
(133,'30',30,1.00,'2026-03-13','09:15:05',24),
(134,'26',26,2.00,'2026-03-13','09:15:05',24),
(135,'29',29,3.00,'2026-03-13','09:15:05',24),
(136,'26',26,3.00,'2026-03-13','09:17:01',24),
(137,'30',30,1.00,'2026-03-13','09:19:05',24),
(138,'26',26,5.00,'2026-03-13','09:29:32',24),
(139,'29',29,5.00,'2026-03-13','09:29:58',24),
(140,'29',29,2.00,'2026-03-13','09:38:59',24),
(141,'27',27,1.00,'2026-03-13','09:40:29',24),
(142,'28',28,1.00,'2026-03-13','09:50:34',24),
(143,'27',27,1.00,'2026-03-13','08:53:11',24),
(144,'29',29,5.00,'2026-03-13','09:04:33',24),
(145,'26',26,3.00,'2026-03-13','09:06:05',24),
(146,'28',28,1.00,'2026-03-13','09:08:01',24),
(147,'27',27,1.00,'2026-03-13','09:08:53',24),
(148,'28',28,1.00,'2026-03-13','09:15:46',24),
(149,'27',27,1.00,'2026-03-13','09:17:34',24),
(150,'27',27,1.00,'2026-03-13','09:17:52',24),
(151,'29',29,5.00,'2026-03-13','09:21:20',24),
(152,'30',30,1.00,'2026-03-13','09:21:20',24),
(153,'30',30,1.00,'2026-03-13','09:23:10',24),
(154,'27',27,1.00,'2026-03-13','09:23:10',24),
(155,'26',26,5.00,'2026-03-13','09:26:10',24),
(156,'30',30,1.00,'2026-03-13','09:31:27',24),
(157,'30',30,1.00,'2026-03-13','09:32:51',24),
(158,'26',26,4.00,'2026-03-13','09:34:20',24),
(159,'31',31,1.00,'2026-03-13','09:37:23',24),
(160,'26',26,4.00,'2026-03-13','09:37:23',24),
(161,'28',28,1.00,'2026-03-13','09:43:16',24),
(162,'26',26,5.00,'2026-03-13','09:44:14',24),
(163,'27',27,1.00,'2026-03-13','09:51:47',24),
(164,'26',26,5.00,'2026-03-13','08:54:23',24),
(165,'30',30,1.00,'2026-03-13','08:57:38',24),
(166,'29',29,5.00,'2026-03-13','09:08:18',24),
(167,'26',26,5.00,'2026-03-13','09:12:56',24),
(168,'26',26,2.00,'2026-03-13','09:14:01',24),
(169,'26',26,2.00,'2026-03-13','09:19:55',24),
(170,'31',31,4.00,'2026-03-13','09:25:23',24),
(171,'29',29,5.00,'2026-03-13','09:26:33',24),
(172,'26',26,5.00,'2026-03-13','09:27:09',24),
(173,'27',27,1.00,'2026-03-13','09:28:13',24),
(174,'27',27,1.00,'2026-03-13','09:29:02',24),
(175,'29',29,5.00,'2026-03-13','09:37:54',24),
(176,'26',26,5.00,'2026-03-13','09:40:50',24),
(177,'26',26,2.00,'2026-03-13','09:45:39',24),
(178,'27',27,1.00,'2026-03-13','09:45:39',24),
(179,'26',26,6.00,'2026-03-13','09:51:43',24),
(180,'26',26,2.00,'2026-03-13','08:53:31',24),
(181,'26',26,1.00,'2026-03-13','08:54:00',24),
(182,'30',30,2.00,'2026-03-13','08:55:18',24),
(183,'29',29,1.00,'2026-03-13','08:55:18',24),
(184,'26',26,10.00,'2026-03-13','09:07:35',24),
(185,'30',30,1.00,'2026-03-13','09:13:15',24),
(186,'30',30,1.00,'2026-03-13','09:13:15',24),
(187,'26',26,5.00,'2026-03-13','09:15:36',24),
(188,'29',29,3.00,'2026-03-13','09:17:41',24),
(189,'26',26,2.00,'2026-03-13','09:18:51',24),
(190,'32',32,1.00,'2026-03-13','09:19:38',24),
(191,'30',30,1.00,'2026-03-13','09:20:52',24),
(192,'29',29,2.00,'2026-03-13','09:22:43',24),
(193,'26',26,2.00,'2026-03-13','09:38:59',24),
(194,'29',29,3.00,'2026-03-13','09:38:59',24),
(195,'27',27,1.00,'2026-03-13','09:40:02',24),
(196,'26',26,1.00,'2026-03-13','09:40:44',24),
(197,'29',29,3.00,'2026-03-13','09:40:44',24),
(198,'29',29,7.00,'2026-03-13','09:43:47',24),
(199,'26',26,1.00,'2026-03-13','09:43:47',24),
(200,'26',26,2.00,'2026-03-13','09:45:40',24),
(201,'30',30,1.00,'2026-03-13','09:48:41',24),
(202,'26',26,3.00,'2026-03-13','09:49:10',24),
(203,'30',30,1.00,'2026-03-13','09:49:55',24),
(204,'30',30,1.00,'2026-03-13','09:51:50',24),
(205,'30',30,1.00,'2026-03-13','08:53:27',24),
(206,'28',28,1.00,'2026-03-13','08:54:52',24),
(207,'26',26,5.00,'2026-03-13','08:59:16',24),
(208,'26',26,3.00,'2026-03-13','09:02:19',24),
(209,'26',26,1.00,'2026-03-13','09:04:00',24),
(210,'26',26,3.00,'2026-03-13','09:05:51',24),
(211,'26',26,4.00,'2026-03-13','09:10:09',24),
(212,'26',26,6.00,'2026-03-13','09:13:12',24),
(213,'30',30,1.00,'2026-03-13','09:13:13',24),
(214,'26',26,5.00,'2026-03-13','09:17:48',24),
(215,'28',28,1.00,'2026-03-13','09:17:48',24),
(216,'26',26,2.00,'2026-03-13','09:26:23',24),
(217,'27',27,1.00,'2026-03-13','09:26:49',24),
(218,'29',29,5.00,'2026-03-13','09:33:37',24),
(219,'26',26,5.00,'2026-03-13','09:35:44',24),
(220,'31',31,1.00,'2026-03-13','09:37:59',24),
(221,'27',27,1.00,'2026-03-13','09:47:03',24),
(222,'28',28,1.00,'2026-03-13','09:51:06',24),
(223,'26',26,5.00,'2026-03-13','08:53:30',24),
(224,'26',26,1.00,'2026-03-13','09:00:41',24),
(225,'26',26,2.00,'2026-03-13','09:01:39',24),
(226,'26',26,3.00,'2026-03-13','09:05:51',24),
(227,'32',32,3.00,'2026-03-13','09:08:03',24),
(228,'29',29,1.00,'2026-03-13','09:14:36',24),
(229,'26',26,1.00,'2026-03-13','09:14:54',24),
(230,'29',29,2.00,'2026-03-13','09:24:09',24),
(231,'26',26,1.00,'2026-03-13','09:24:09',24),
(232,'26',26,3.00,'2026-03-13','09:30:43',24),
(233,'26',26,1.00,'2026-03-13','09:32:03',24),
(234,'27',27,1.00,'2026-03-13','09:42:40',24),
(235,'29',29,2.00,'2026-03-13','08:55:28',24),
(236,'31',31,2.00,'2026-03-13','08:56:49',24),
(237,'32',32,2.00,'2026-03-13','09:01:49',24),
(238,'29',29,3.00,'2026-03-13','09:10:52',24),
(239,'29',29,1.00,'2026-03-13','09:10:52',24),
(240,'28',28,1.00,'2026-03-13','09:11:22',24),
(241,'29',29,2.00,'2026-03-13','09:28:49',24),
(242,'26',26,1.00,'2026-03-15','11:09:13',24),
(243,'32',32,1.00,'2026-03-15','11:19:23',24),
(244,'26',26,2.00,'2026-03-15','11:13:49',24),
(245,'26',26,2.00,'2026-03-15','11:12:04',24),
(246,'26',26,1.00,'2026-03-15','11:17:05',24),
(247,'26',26,3.00,'2026-03-15','11:28:20',24),
(248,'26',26,2.00,'2026-03-15','11:33:30',24),
(249,'30',30,1.00,'2026-03-15','11:47:27',24),
(250,'26',26,1.00,'2026-03-15','11:47:27',24),
(251,'29',29,3.00,'2026-03-15','11:04:07',24),
(252,'26',26,6.00,'2026-03-15','11:04:07',24),
(253,'26',26,1.00,'2026-03-15','11:04:07',24),
(254,'32',32,2.00,'2026-03-15','11:13:56',24),
(255,'31',31,2.00,'2026-03-15','11:13:56',24),
(256,'32',32,2.00,'2026-03-15','11:15:11',24),
(257,'32',32,1.00,'2026-03-15','11:15:28',24),
(258,'32',32,1.00,'2026-03-15','11:29:42',24),
(259,'26',26,2.00,'2026-03-15','11:32:56',24),
(260,'26',26,3.00,'2026-03-15','11:58:57',24),
(261,'26',26,1.00,'2026-03-15','11:11:54',24),
(262,'27',27,1.00,'2026-03-15','11:19:10',24),
(263,'33',33,1.00,'2026-03-15','11:37:36',24),
(264,'29',29,5.00,'2026-03-15','11:22:54',24),
(265,'30',30,1.00,'2026-03-15','11:45:07',24),
(266,'26',26,5.00,'2026-03-15','11:50:02',24),
(267,'28',28,1.00,'2026-03-15','11:52:01',24),
(268,'26',26,3.00,'2026-03-15','11:38:00',24),
(269,'26',26,5.00,'2026-03-15','11:41:07',24),
(270,'26',26,5.00,'2026-03-15','11:25:24',24),
(271,'26',26,6.00,'2026-03-15','11:29:59',24),
(272,'26',26,3.00,'2026-03-15','11:33:17',24),
(273,'26',26,7.00,'2026-03-15','11:59:18',24),
(274,'26',26,2.00,'2026-03-15','11:59:58',24),
(275,'26',26,1.00,'2026-03-15','12:01:41',24),
(276,'26',26,4.00,'2026-03-15','12:02:03',24),
(277,'29',29,1.00,'2026-03-15','11:08:10',25),
(278,'26',26,5.00,'2026-03-16','11:31:54',25),
(279,'28',28,1.00,'2026-03-16','11:18:50',25),
(280,'31',31,4.00,'2026-03-16','11:38:01',25),
(281,'31',31,2.00,'2026-03-16','11:38:48',25),
(282,'30',30,1.00,'2026-03-16','11:28:01',25),
(283,'30',30,1.00,'2026-03-16','10:59:55',25),
(284,'26',26,5.00,'2026-03-16','11:15:20',25),
(285,'26',26,5.00,'2026-03-16','11:27:53',25),
(286,'26',26,5.00,'2026-03-16','11:08:29',25),
(287,'33',33,1.00,'2026-03-16','11:16:33',25),
(288,'32',32,1.00,'2026-03-16','11:39:44',25),
(289,'31',31,2.00,'2026-03-16','11:15:05',25),
(290,'32',32,1.00,'2026-03-16','11:28:27',25),
(291,'31',31,4.00,'2026-03-16','11:32:46',25),
(292,'29',29,2.00,'2026-03-16','11:37:15',25),
(293,'26',26,6.00,'2026-03-16','11:37:16',25),
(294,'31',31,2.00,'2026-03-16','11:37:16',25),
(295,'31',31,1.00,'2026-03-17','11:22:56',25),
(296,'31',31,1.00,'2026-03-17','11:10:16',25),
(297,'26',26,1.00,'2026-03-17','10:55:55',25),
(298,'29',29,2.00,'2026-03-17','10:55:56',25),
(299,'27',27,1.00,'2026-03-17','10:55:56',25),
(300,'28',28,1.00,'2026-03-17','10:55:56',25),
(301,'32',32,1.00,'2026-03-17','11:19:05',25),
(302,'29',29,3.00,'2026-03-17','02:23:02',24),
(303,'26',26,5.00,'2026-03-17','02:46:55',24),
(304,'31',31,2.00,'2026-03-17','02:50:30',24),
(305,'31',31,1.00,'2026-03-17','02:21:23',24),
(306,'26',26,2.00,'2026-03-17','02:29:08',25),
(307,'29',29,5.00,'2026-03-17','02:29:08',25),
(308,'26',26,2.00,'2026-03-17','02:53:37',25),
(309,'30',30,1.00,'2026-03-17','02:21:34',25),
(310,'31',31,4.00,'2026-03-17','02:21:34',25),
(311,'31',31,2.00,'2026-03-17','02:52:31',24),
(312,'30',30,1.00,'2026-03-17','02:59:28',24),
(313,'34',34,3.00,'2026-03-17','02:16:34',24),
(314,'34',34,1.00,'2026-03-17','02:27:46',24),
(315,'33',33,1.00,'2026-03-17','02:31:20',24),
(316,'29',29,1.00,'2026-03-17','02:35:19',24),
(317,'30',30,1.00,'2026-03-17','02:17:29',24),
(318,'26',26,5.00,'2026-03-17','02:17:29',24),
(319,'29',29,5.00,'2026-03-17','02:29:39',24),
(320,'34',34,1.00,'2026-03-17','02:34:09',24),
(321,'34',34,2.00,'2026-03-17','02:34:09',24),
(322,'34',34,1.00,'2026-03-17','02:34:09',24),
(323,'26',26,2.00,'2026-03-17','02:51:49',24),
(324,'26',26,2.00,'2026-03-18','11:20:57',24),
(325,'30',30,1.00,'2026-03-18','11:50:45',24),
(326,'30',30,2.00,'2026-03-18','11:20:52',24),
(327,'26',26,5.00,'2026-03-18','11:39:00',24),
(328,'26',26,4.00,'2026-03-18','11:54:22',24),
(329,'31',31,2.00,'2026-03-18','12:11:41',24),
(330,'26',26,5.00,'2026-03-18','11:24:42',24),
(331,'29',29,5.00,'2026-03-18','11:24:42',24),
(332,'31',31,2.00,'2026-03-18','11:24:43',24),
(333,'26',26,2.00,'2026-03-18','11:26:30',24),
(334,'28',28,1.00,'2026-03-18','11:40:40',24),
(335,'26',26,5.00,'2026-03-18','11:45:19',24),
(336,'26',26,2.00,'2026-03-18','11:27:32',24),
(337,'26',26,1.00,'2026-03-19','12:19:52',24),
(338,'26',26,2.00,'2026-03-19','12:22:17',24),
(339,'31',31,1.00,'2026-03-19','12:01:46',24),
(340,'26',26,3.00,'2026-03-19','12:07:29',24),
(341,'26',26,2.00,'2026-03-19','12:15:44',24),
(342,'26',26,5.00,'2026-03-19','12:06:22',24),
(343,'32',32,2.00,'2026-03-19','12:01:10',24),
(344,'32',32,2.00,'2026-03-19','12:01:10',24),
(345,'31',31,1.00,'2026-03-19','12:03:04',24),
(346,'29',29,1.00,'2026-03-19','12:33:03',24),
(347,'30',30,2.00,'2026-03-19','12:49:42',24),
(348,'30',30,3.00,'2026-03-19','12:56:03',24),
(349,'30',30,2.00,'2026-03-19','12:04:04',24),
(350,'29',29,5.00,'2026-03-19','12:14:59',24),
(351,'29',29,1.00,'2026-03-19','12:00:23',25),
(352,'31',31,1.00,'2026-03-19','12:15:00',25),
(353,'31',31,1.00,'2026-03-19','12:15:00',25),
(354,'26',26,5.00,'2026-03-19','12:15:36',25),
(355,'29',29,2.00,'2026-03-19','12:35:27',25),
(356,'31',31,1.00,'2026-03-19','12:42:19',25),
(357,'31',31,3.00,'2026-03-19','12:50:04',24),
(358,'26',26,5.00,'2026-03-19','12:54:48',24),
(359,'26',26,3.00,'2026-03-19','12:13:55',24),
(360,'30',30,1.00,'2026-03-19','12:21:43',24),
(361,'30',30,2.00,'2026-03-19','12:22:40',24),
(362,'26',26,7.00,'2026-03-19','12:37:49',24),
(363,'31',31,1.00,'2026-03-19','12:42:18',24),
(364,'29',29,5.00,'2026-03-20','10:26:41',24),
(365,'32',32,1.00,'2026-03-20','10:52:51',25),
(366,'28',28,1.00,'2026-03-20','10:53:34',25),
(367,'32',32,2.00,'2026-03-20','10:53:34',25),
(368,'30',30,1.00,'2026-03-20','10:54:45',25),
(369,'30',30,1.00,'2026-03-20','10:59:18',25),
(370,'30',30,1.00,'2026-03-20','10:59:19',25),
(371,'30',30,1.00,'2026-03-20','10:59:19',25),
(372,'31',31,2.00,'2026-03-20','10:59:19',25),
(373,'29',29,1.00,'2026-03-20','10:34:26',24),
(374,'29',29,1.00,'2026-03-20','10:34:26',24),
(375,'28',28,1.00,'2026-03-20','10:34:26',24),
(376,'26',26,2.00,'2026-03-20','10:24:55',24),
(377,'28',28,1.00,'2026-03-20','10:28:14',24),
(378,'30',30,1.00,'2026-03-20','10:47:22',24),
(379,'26',26,5.00,'2026-03-20','10:16:09',24),
(380,'26',26,5.00,'2026-03-20','10:18:53',24),
(381,'32',32,1.00,'2026-03-20','10:11:21',24),
(382,'29',29,1.00,'2026-03-20','10:17:43',24),
(383,'28',28,1.00,'2026-03-20','10:17:43',24),
(384,'29',29,5.00,'2026-03-20','10:37:38',24),
(385,'30',30,1.00,'2026-03-20','10:37:38',24),
(386,'34',34,1.00,'2026-03-20','10:37:39',24),
(387,'28',28,1.00,'2026-03-20','10:11:19',24),
(388,'26',26,2.00,'2026-03-20','10:25:46',24),
(389,'31',31,3.00,'2026-03-20','10:28:43',24),
(390,'31',31,1.00,'2026-03-20','10:28:43',24),
(391,'29',29,6.00,'2026-03-21','10:11:33',24),
(392,'30',30,2.00,'2026-03-21','10:11:33',24),
(393,'28',28,1.00,'2026-03-21','10:13:54',24),
(394,'30',30,1.00,'2026-03-21','10:14:31',24),
(395,'26',26,5.00,'2026-03-21','10:15:53',24),
(396,'29',29,5.00,'2026-03-21','10:15:53',24),
(397,'35',35,2.00,'2026-03-21','10:27:56',24),
(398,'30',30,2.00,'2026-03-21','10:32:11',24),
(399,'29',29,4.00,'2026-03-21','10:35:44',24),
(400,'29',29,1.00,'2026-03-21','10:35:44',24),
(401,'26',26,1.00,'2026-03-21','10:12:50',24),
(402,'35',35,1.00,'2026-03-21','10:50:59',24),
(403,'29',29,1.00,'2026-03-21','10:50:59',24),
(404,'32',32,1.00,'2026-03-21','10:53:10',24),
(405,'35',35,1.00,'2026-03-21','11:07:00',24),
(406,'29',29,5.00,'2026-03-21','10:39:17',24),
(407,'30',30,1.00,'2026-03-21','10:14:38',24),
(408,'28',28,1.00,'2026-03-21','10:18:06',24),
(409,'29',29,5.00,'2026-03-21','10:11:29',24),
(410,'28',28,1.00,'2026-03-21','10:11:29',24),
(411,'29',29,5.00,'2026-03-21','10:12:11',24),
(412,'28',28,1.00,'2026-03-21','10:12:11',24),
(413,'29',29,4.00,'2026-03-21','10:18:56',24),
(414,'26',26,5.00,'2026-03-21','10:18:56',24),
(415,'30',30,1.00,'2026-03-21','10:12:43',24),
(416,'29',29,12.00,'2026-03-21','10:15:44',24),
(417,'28',28,1.00,'2026-03-21','10:15:44',24),
(418,'28',28,1.00,'2026-03-21','10:15:44',24),
(419,'30',30,1.00,'2026-03-21','10:32:29',24),
(420,'29',29,1.00,'2026-03-21','10:32:29',24),
(421,'30',30,1.00,'2026-03-21','10:12:32',24),
(422,'26',26,3.00,'2026-03-21','10:20:46',24),
(423,'28',28,1.00,'2026-03-21','10:24:38',24),
(424,'32',32,1.00,'2026-03-21','10:24:38',24),
(425,'34',34,1.00,'2026-03-21','10:24:38',24),
(426,'29',29,1.00,'2026-03-21','10:34:14',24),
(427,'29',29,2.00,'2026-03-21','10:49:58',24),
(428,'30',30,1.00,'2026-03-21','10:59:27',24),
(429,'29',29,5.00,'2026-03-21','10:59:27',24),
(430,'29',29,5.00,'2026-03-21','11:04:37',24),
(431,'29',29,3.00,'2026-03-21','10:35:33',24),
(432,'28',28,1.00,'2026-03-21','10:35:33',24),
(433,'29',29,1.00,'2026-03-21','10:36:53',24),
(434,'29',29,1.00,'2026-03-21','10:52:34',24),
(435,'35',35,2.00,'2026-03-21','11:07:04',24),
(436,'30',30,1.00,'2026-03-21','11:07:04',24),
(437,'34',34,1.00,'2026-03-21','11:07:04',24),
(438,'28',28,1.00,'2026-03-21','11:07:04',24),
(439,'26',26,2.00,'2026-03-21','10:30:06',24),
(440,'31',31,1.00,'2026-03-21','10:30:06',24),
(441,'31',31,1.00,'2026-03-21','10:30:06',24),
(442,'26',26,1.00,'2026-03-21','10:31:28',24),
(443,'26',26,3.00,'2026-03-21','10:37:16',24),
(444,'35',35,1.00,'2026-03-21','10:37:16',24),
(445,'32',32,1.00,'2026-03-21','10:38:44',24),
(446,'26',26,5.00,'2026-03-21','10:40:45',24),
(447,'35',35,2.00,'2026-03-21','10:55:38',24),
(448,'34',34,1.00,'2026-03-21','10:55:38',24),
(449,'35',35,2.00,'2026-03-21','11:05:22',24),
(450,'30',30,1.00,'2026-03-21','11:05:22',24),
(451,'35',35,1.00,'2026-03-21','11:07:23',24),
(452,'29',29,1.00,'2026-03-21','11:07:57',24),
(453,'29',29,1.00,'2026-03-21','11:07:57',24),
(454,'29',29,5.00,'2026-03-21','10:36:27',24),
(455,'28',28,1.00,'2026-03-21','10:36:27',24),
(456,'28',28,1.00,'2026-03-21','11:01:15',24),
(457,'34',34,1.00,'2026-03-21','11:01:15',24),
(458,'28',28,1.00,'2026-03-22','10:24:22',24),
(459,'28',28,1.00,'2026-03-22','10:24:22',24),
(460,'32',32,1.00,'2026-03-22','10:27:36',24),
(461,'29',29,1.00,'2026-03-22','10:34:24',24),
(462,'26',26,3.00,'2026-03-22','10:38:52',24),
(463,'31',31,1.00,'2026-03-22','10:55:04',24),
(464,'27',27,1.00,'2026-03-22','10:55:04',24),
(465,'32',32,4.00,'2026-03-22','10:41:59',24),
(466,'32',32,1.00,'2026-03-22','10:41:59',24),
(467,'30',30,1.00,'2026-03-22','10:23:21',24),
(468,'28',28,1.00,'2026-03-22','10:22:40',24),
(469,'35',35,1.00,'2026-03-22','10:44:33',24),
(470,'26',26,3.00,'2026-03-22','11:17:09',24),
(471,'28',28,1.00,'2026-03-22','11:17:09',24),
(472,'32',32,1.00,'2026-03-22','10:30:51',24),
(473,'30',30,1.00,'2026-03-22','10:24:11',24),
(474,'28',28,1.00,'2026-03-22','10:21:54',24),
(475,'29',29,1.00,'2026-03-22','11:05:15',24),
(476,'30',30,1.00,'2026-03-22','11:05:15',24),
(477,'29',29,5.00,'2026-03-22','11:05:15',24),
(478,'29',29,1.00,'2026-03-22','10:22:19',24),
(479,'26',26,5.00,'2026-03-22','10:56:29',24),
(480,'29',29,1.00,'2026-03-22','11:08:26',24),
(481,'29',29,5.00,'2026-03-22','11:10:36',24),
(482,'29',29,2.00,'2026-03-22','11:12:39',24),
(483,'31',31,1.00,'2026-03-22','11:09:14',24),
(484,'29',29,5.00,'2026-03-22','10:27:35',24),
(485,'31',31,2.00,'2026-03-22','10:27:35',24),
(486,'29',29,2.00,'2026-03-22','10:31:10',24),
(487,'35',35,2.00,'2026-03-22','10:39:20',24),
(488,'30',30,1.00,'2026-03-22','10:39:20',24),
(489,'27',27,4.00,'2026-03-22','10:53:59',24),
(490,'27',27,1.00,'2026-03-23','11:05:36',25),
(491,'30',30,1.00,'2026-03-23','11:03:37',25),
(492,'27',27,2.00,'2026-03-23','11:00:45',24),
(493,'35',35,1.00,'2026-03-23','11:15:39',25),
(494,'30',30,1.00,'2026-03-23','11:22:34',25),
(495,'32',32,1.00,'2026-03-23','11:22:34',25),
(496,'32',32,1.00,'2026-03-23','11:22:34',25),
(497,'31',31,1.00,'2026-03-23','11:22:55',25),
(498,'29',29,1.00,'2026-03-23','11:32:44',24),
(499,'30',30,1.00,'2026-03-23','11:32:44',24),
(500,'26',26,2.00,'2026-03-23','11:21:10',24),
(501,'31',31,1.00,'2026-03-23','11:30:09',24),
(502,'36',36,1.00,'2026-07-17','18:23:39',1),
(503,'36',36,2.00,'2026-07-20','15:44:27',1),
(504,'36',36,2.00,'2026-07-22','14:02:50',1),
(505,'36',36,1.00,'2026-07-22','14:16:40',1),
(506,'36',36,10.00,'2026-07-22','14:17:01',1);

/*Table structure for table `prod_bill` */

DROP TABLE IF EXISTS `prod_bill`;

CREATE TABLE `prod_bill` (
  `id` int unsigned NOT NULL AUTO_INCREMENT,
  `bill_display` varchar(255) NOT NULL,
  `is_receipt` int DEFAULT '1',
  `total` double(10,3) DEFAULT '0.000',
  `prodDisc` double(10,3) DEFAULT '0.000',
  `extraDisc` double(10,3) DEFAULT '0.000',
  `payable` double(10,3) DEFAULT '0.000',
  `paid` double(10,3) DEFAULT '0.000',
  `balance` double(10,3) DEFAULT '0.000',
  `currentBalance` double(10,3) DEFAULT '0.000',
  `is_balance` int DEFAULT '0',
  `paymentMode` int NOT NULL COMMENT 'prod_bill_payment_mode',
  `paymentType` int DEFAULT '0' COMMENT 'prod_bill_payment_type',
  `uid` int NOT NULL,
  `date` date NOT NULL,
  `time` time NOT NULL DEFAULT '00:00:00',
  `is_cancelled` int DEFAULT '0',
  `bill_type` int DEFAULT '1' COMMENT '1=prod bill',
  `cusName` varchar(255) DEFAULT '""',
  `cusPhn` varchar(255) DEFAULT '-',
  `customerId` int DEFAULT NULL,
  `price_category` int NOT NULL,
  `lr_no` varchar(255) DEFAULT NULL,
  `lr_date` date DEFAULT NULL,
  `lr_name` varchar(255) DEFAULT NULL,
  `attender_id` int DEFAULT NULL,
  PRIMARY KEY (`id`),
  KEY `uid` (`uid`),
  KEY `mode` (`paymentMode`),
  KEY `type` (`paymentType`),
  KEY `att` (`attender_id`)
) ENGINE=InnoDB AUTO_INCREMENT=590 DEFAULT CHARSET=latin1;

/*Data for the table `prod_bill` */

insert  into `prod_bill`(`id`,`bill_display`,`is_receipt`,`total`,`prodDisc`,`extraDisc`,`payable`,`paid`,`balance`,`currentBalance`,`is_balance`,`paymentMode`,`paymentType`,`uid`,`date`,`time`,`is_cancelled`,`bill_type`,`cusName`,`cusPhn`,`customerId`,`price_category`,`lr_no`,`lr_date`,`lr_name`,`attender_id`) values 
(1,'26-1',1,695.000,0.000,0.000,695.000,695.000,0.000,0.000,0,1,0,24,'2026-03-13','09:04:02',0,1,'-','-',NULL,3,NULL,NULL,NULL,NULL),
(2,'26-2',1,795.000,0.000,145.000,650.000,650.000,0.000,0.000,0,1,0,24,'2026-03-13','09:51:54',0,1,'-','-',NULL,3,NULL,NULL,NULL,NULL),
(3,'26-3',1,495.000,0.000,0.000,495.000,495.000,0.000,0.000,0,1,0,24,'2026-03-13','08:53:56',0,1,'-','-',NULL,3,NULL,NULL,NULL,NULL),
(4,'26-4',1,1000.000,0.000,0.000,1000.000,1000.000,0.000,0.000,0,1,0,24,'2026-03-13','09:00:18',0,1,'-','-',NULL,3,NULL,NULL,NULL,NULL),
(5,'26-5',1,200.000,0.000,0.000,200.000,200.000,0.000,0.000,0,1,0,24,'2026-03-13','09:12:07',0,1,'-','-',NULL,3,NULL,NULL,NULL,NULL),
(6,'26-6',1,795.000,0.000,45.000,750.000,750.000,0.000,0.000,0,1,0,24,'2026-03-13','09:21:37',0,1,'-','-',NULL,3,NULL,NULL,NULL,NULL),
(7,'26-7',1,1340.000,0.000,0.000,1340.000,1340.000,0.000,0.000,0,1,0,24,'2026-03-13','09:23:28',0,1,'-','-',NULL,3,NULL,NULL,NULL,NULL),
(8,'26-8',1,990.000,0.000,0.000,990.000,990.000,0.000,0.000,0,1,0,24,'2026-03-13','09:27:54',0,1,'-','-',NULL,3,NULL,NULL,NULL,NULL),
(9,'26-9',1,1495.000,0.000,0.000,1495.000,1495.000,0.000,0.000,0,1,0,24,'2026-03-13','09:29:08',0,1,'-','-',NULL,3,NULL,NULL,NULL,NULL),
(10,'26-10',1,680.000,0.000,0.000,680.000,680.000,0.000,0.000,0,1,0,24,'2026-03-13','09:31:23',0,1,'-','-',NULL,3,NULL,NULL,NULL,NULL),
(11,'26-11',1,990.000,0.000,0.000,990.000,990.000,0.000,0.000,0,1,0,24,'2026-03-13','09:38:40',0,1,'-','-',NULL,3,NULL,NULL,NULL,NULL),
(12,'26-12',1,200.000,0.000,0.000,200.000,200.000,0.000,0.000,0,1,0,24,'2026-03-13','09:43:34',0,1,'-','-',NULL,3,NULL,NULL,NULL,NULL),
(13,'26-13',1,1000.000,0.000,0.000,1000.000,1000.000,0.000,0.000,0,1,0,24,'2026-03-13','09:47:15',0,1,'-','-',NULL,3,NULL,NULL,NULL,NULL),
(14,'26-14',1,170.000,0.000,0.000,170.000,170.000,0.000,0.000,0,1,0,24,'2026-03-13','09:48:00',0,1,'-','-',NULL,3,NULL,NULL,NULL,NULL),
(15,'26-15',1,1000.000,0.000,0.000,1000.000,1000.000,0.000,0.000,0,1,0,24,'2026-03-13','08:52:50',0,1,'-','-',NULL,3,NULL,NULL,NULL,NULL),
(16,'26-16',1,100.000,0.000,0.000,100.000,100.000,0.000,0.000,0,1,0,24,'2026-03-13','08:53:19',0,1,'-','-',NULL,3,NULL,NULL,NULL,NULL),
(17,'26-17',1,100.000,0.000,0.000,100.000,100.000,0.000,0.000,0,1,0,24,'2026-03-13','08:53:58',0,1,'-','-',NULL,3,NULL,NULL,NULL,NULL),
(18,'26-18',1,200.000,0.000,0.000,200.000,200.000,0.000,0.000,0,1,0,24,'2026-03-13','08:54:24',0,1,'-','-',NULL,3,NULL,NULL,NULL,NULL),
(19,'26-19',1,200.000,0.000,0.000,200.000,200.000,0.000,0.000,0,1,0,24,'2026-03-13','08:56:21',0,1,'-','-',NULL,3,NULL,NULL,NULL,NULL),
(20,'26-20',1,499.000,0.000,0.000,499.000,499.000,0.000,0.000,0,1,0,24,'2026-03-13','08:58:58',0,1,'-','-',NULL,3,NULL,NULL,NULL,NULL),
(21,'26-21',1,1000.000,0.000,0.000,1000.000,1000.000,0.000,0.000,0,1,0,24,'2026-03-13','09:00:35',0,1,'-','-',NULL,3,NULL,NULL,NULL,NULL),
(22,'26-22',1,380.000,0.000,0.000,380.000,380.000,0.000,0.000,0,1,0,24,'2026-03-13','09:01:45',0,1,'-','-',NULL,3,NULL,NULL,NULL,NULL),
(23,'26-23',1,1100.000,0.000,0.000,1100.000,1100.000,0.000,0.000,0,1,0,24,'2026-03-13','09:04:53',0,1,'-','-',NULL,3,NULL,NULL,NULL,NULL),
(24,'26-24',1,1430.000,0.000,0.000,1430.000,1430.000,0.000,0.000,0,1,0,24,'2026-03-13','09:07:05',0,1,'-','-',NULL,3,NULL,NULL,NULL,NULL),
(25,'26-25',1,1000.000,0.000,0.000,1000.000,1000.000,0.000,0.000,0,1,0,24,'2026-03-13','09:07:56',0,1,'-','-',NULL,3,NULL,NULL,NULL,NULL),
(26,'26-26',1,500.000,0.000,0.000,500.000,500.000,0.000,0.000,0,1,0,24,'2026-03-13','09:10:18',0,1,'-','-',NULL,3,NULL,NULL,NULL,NULL),
(27,'26-27',1,500.000,0.000,0.000,500.000,500.000,0.000,0.000,0,1,0,24,'2026-03-13','09:13:11',0,1,'-','-',NULL,3,NULL,NULL,NULL,NULL),
(28,'26-28',1,1400.000,0.000,0.000,1400.000,1400.000,0.000,0.000,0,1,0,24,'2026-03-13','09:18:45',0,1,'-','-',NULL,3,NULL,NULL,NULL,NULL),
(29,'26-29',1,1500.000,0.000,0.000,1500.000,1500.000,0.000,0.000,0,1,0,24,'2026-03-13','09:20:34',0,1,'-','-',NULL,3,NULL,NULL,NULL,NULL),
(30,'26-30',1,500.000,0.000,0.000,500.000,500.000,0.000,0.000,0,1,0,24,'2026-03-13','09:23:35',0,1,'-','-',NULL,3,NULL,NULL,NULL,NULL),
(31,'26-31',1,1000.000,0.000,0.000,1000.000,1000.000,0.000,0.000,0,1,0,24,'2026-03-13','09:26:07',0,1,'-','-',NULL,3,NULL,NULL,NULL,NULL),
(32,'26-32',1,1885.000,0.000,85.000,1800.000,1800.000,0.000,0.000,0,1,0,24,'2026-03-13','09:28:57',0,1,'-','-',NULL,3,NULL,NULL,NULL,NULL),
(33,'26-33',1,1390.000,0.000,190.000,1200.000,1200.000,0.000,0.000,0,1,0,24,'2026-03-13','09:30:48',0,1,'-','-',NULL,3,NULL,NULL,NULL,NULL),
(34,'26-34',1,1000.000,0.000,0.000,1000.000,1000.000,0.000,0.000,0,1,0,24,'2026-03-13','09:34:36',0,1,'-','-',NULL,3,NULL,NULL,NULL,NULL),
(35,'26-35',1,1590.000,0.000,140.000,1450.000,1450.000,0.000,0.000,0,1,0,24,'2026-03-13','09:38:25',0,1,'-','-',NULL,3,NULL,NULL,NULL,NULL),
(36,'26-36',1,2544.000,0.000,44.000,2500.000,2500.000,0.000,0.000,0,1,0,24,'2026-03-13','09:43:42',0,1,'-','-',NULL,3,NULL,NULL,NULL,NULL),
(37,'26-37',1,1000.000,0.000,0.000,1000.000,1000.000,0.000,0.000,0,1,0,24,'2026-03-13','09:45:58',0,1,'-','-',NULL,3,NULL,NULL,NULL,NULL),
(38,'26-38',1,1500.000,0.000,0.000,1500.000,1500.000,0.000,0.000,0,1,0,24,'2026-03-13','09:47:44',0,1,'-','-',NULL,3,NULL,NULL,NULL,NULL),
(39,'26-39',1,1844.000,0.000,440.000,1404.000,1404.000,0.000,0.000,0,1,0,24,'2026-03-13','09:50:42',0,1,'-','-',NULL,3,NULL,NULL,NULL,NULL),
(40,'26-40',1,1000.000,0.000,0.000,1000.000,1000.000,0.000,0.000,0,1,0,24,'2026-03-13','09:51:52',0,1,'-','-',NULL,3,NULL,NULL,NULL,NULL),
(41,'26-41',1,600.000,0.000,0.000,600.000,600.000,0.000,0.000,0,1,0,24,'2026-03-13','09:52:40',0,1,'-','-',NULL,3,NULL,NULL,NULL,NULL),
(42,'26-42',1,200.000,0.000,0.000,200.000,200.000,0.000,0.000,0,1,0,24,'2026-03-13','08:57:35',0,1,'-','-',NULL,3,NULL,NULL,NULL,NULL),
(43,'26-43',1,170.000,0.000,20.000,150.000,150.000,0.000,0.000,0,1,0,24,'2026-03-13','08:59:41',0,1,'-','-',NULL,3,NULL,NULL,NULL,NULL),
(44,'26-44',1,2344.000,0.000,44.000,2300.000,2300.000,0.000,0.000,0,1,0,24,'2026-03-13','09:02:34',0,1,'-','-',NULL,3,NULL,NULL,NULL,NULL),
(45,'26-45',1,2853.000,0.000,3530.000,-677.000,-677.000,0.000,0.000,0,1,0,24,'2026-03-13','09:07:46',0,1,'-','-',NULL,3,NULL,NULL,NULL,NULL),
(46,'26-46',1,1200.000,0.000,0.000,1200.000,1200.000,0.000,0.000,0,1,0,24,'2026-03-13','09:08:58',0,1,'-','-',NULL,3,NULL,NULL,NULL,NULL),
(47,'26-47',1,800.000,0.000,0.000,800.000,800.000,0.000,0.000,0,1,0,24,'2026-03-13','09:09:53',0,1,'-','-',NULL,3,NULL,NULL,NULL,NULL),
(48,'26-48',1,1000.000,0.000,0.000,1000.000,1000.000,0.000,0.000,0,1,0,24,'2026-03-13','09:12:04',0,1,'-','-',NULL,3,NULL,NULL,NULL,NULL),
(49,'26-49',1,795.000,0.000,45.000,750.000,750.000,0.000,0.000,0,1,0,24,'2026-03-13','09:14:05',0,1,'-','-',NULL,3,NULL,NULL,NULL,NULL),
(50,'26-50',1,700.000,0.000,0.000,700.000,700.000,0.000,0.000,0,1,0,24,'2026-03-13','09:15:06',0,1,'-','-',NULL,3,NULL,NULL,NULL,NULL),
(51,'26-51',1,1000.000,0.000,0.000,1000.000,1000.000,0.000,0.000,0,1,0,24,'2026-03-13','09:19:08',0,1,'-','-',NULL,3,NULL,NULL,NULL,NULL),
(52,'26-52',1,1050.000,0.000,0.000,1050.000,1050.000,0.000,0.000,0,1,0,24,'2026-03-13','09:19:45',0,1,'-','-',NULL,3,NULL,NULL,NULL,NULL),
(53,'26-53',1,1700.000,0.000,0.000,1700.000,1700.000,0.000,0.000,0,1,0,24,'2026-03-13','09:21:31',0,1,'-','-',NULL,3,NULL,NULL,NULL,NULL),
(54,'26-54',1,990.000,0.000,0.000,990.000,990.000,0.000,0.000,0,1,0,24,'2026-03-13','09:22:59',0,1,'-','-',NULL,3,NULL,NULL,NULL,NULL),
(55,'26-55',1,3285.000,0.000,135.000,3150.000,3150.000,0.000,0.000,0,1,0,24,'2026-03-13','09:26:20',0,1,'-','-',NULL,3,NULL,NULL,NULL,NULL),
(56,'26-56',1,600.000,0.000,0.000,600.000,600.000,0.000,0.000,0,1,0,24,'2026-03-13','09:28:38',0,1,'-','-',NULL,3,NULL,NULL,NULL,NULL),
(57,'26-57',1,695.000,0.000,45.000,650.000,650.000,0.000,0.000,0,1,0,24,'2026-03-13','09:29:29',0,1,'-','-',NULL,3,NULL,NULL,NULL,NULL),
(58,'26-58',1,1644.000,0.000,94.000,1550.000,1550.000,0.000,0.000,0,1,0,24,'2026-03-13','09:31:43',0,1,'-','-',NULL,3,NULL,NULL,NULL,NULL),
(59,'26-59',1,1000.000,0.000,0.000,1000.000,1000.000,0.000,0.000,0,1,0,24,'2026-03-13','09:32:24',0,1,'-','-',NULL,3,NULL,NULL,NULL,NULL),
(60,'26-60',1,1195.000,0.000,45.000,1150.000,1150.000,0.000,0.000,0,1,0,24,'2026-03-13','09:33:37',0,1,'-','-',NULL,3,NULL,NULL,NULL,NULL),
(61,'26-61',1,1000.000,0.000,0.000,1000.000,1000.000,0.000,0.000,0,1,0,24,'2026-03-13','09:36:55',0,1,'-','-',NULL,3,NULL,NULL,NULL,NULL),
(62,'26-62',1,400.000,0.000,0.000,400.000,400.000,0.000,0.000,0,1,0,24,'2026-03-13','09:41:51',0,1,'-','-',NULL,3,NULL,NULL,NULL,NULL),
(63,'26-63',1,430.000,0.000,30.000,400.000,400.000,0.000,0.000,0,1,0,24,'2026-03-13','09:42:31',0,1,'-','-',NULL,3,NULL,NULL,NULL,NULL),
(64,'26-64',1,1500.000,0.000,0.000,1500.000,1500.000,0.000,0.000,0,1,0,24,'2026-03-13','09:52:08',0,1,'-','-',NULL,3,NULL,NULL,NULL,NULL),
(65,'26-65',1,1000.000,0.000,0.000,1000.000,1000.000,0.000,0.000,0,1,0,24,'2026-03-13','08:57:38',0,1,'-','-',NULL,3,NULL,NULL,NULL,NULL),
(66,'26-66',1,2885.000,0.000,135.000,2750.000,2750.000,0.000,0.000,0,1,0,24,'2026-03-13','09:03:24',0,1,'-','-',NULL,3,NULL,NULL,NULL,NULL),
(67,'26-67',1,500.000,0.000,0.000,500.000,500.000,0.000,0.000,0,1,0,24,'2026-03-13','09:07:42',0,1,'-','-',NULL,3,NULL,NULL,NULL,NULL),
(68,'26-68',1,600.000,0.000,0.000,600.000,600.000,0.000,0.000,0,1,0,24,'2026-03-13','09:08:43',0,1,'-','-',NULL,3,NULL,NULL,NULL,NULL),
(69,'26-69',1,1000.000,0.000,0.000,1000.000,1000.000,0.000,0.000,0,1,0,24,'2026-03-13','09:10:13',0,1,'-','-',NULL,3,NULL,NULL,NULL,NULL),
(70,'26-70',1,580.000,0.000,80.000,500.000,500.000,0.000,0.000,0,1,0,24,'2026-03-13','09:14:52',0,1,'-','-',NULL,3,NULL,NULL,NULL,NULL),
(71,'26-71',1,1190.000,0.000,0.000,1190.000,1190.000,0.000,0.000,0,1,0,24,'2026-03-13','09:16:52',0,1,'-','-',NULL,3,NULL,NULL,NULL,NULL),
(72,'26-72',1,1190.000,0.000,0.000,1190.000,1190.000,0.000,0.000,0,1,0,24,'2026-03-13','09:17:30',0,1,'-','-',NULL,3,NULL,NULL,NULL,NULL),
(73,'26-73',1,1000.000,0.000,0.000,1000.000,1000.000,0.000,0.000,0,1,0,24,'2026-03-13','09:18:14',0,1,'-','-',NULL,3,NULL,NULL,NULL,NULL),
(74,'26-74',1,500.000,0.000,0.000,500.000,500.000,0.000,0.000,0,1,0,24,'2026-03-13','09:18:58',0,1,'-','-',NULL,3,NULL,NULL,NULL,NULL),
(75,'26-75',1,1495.000,0.000,0.000,1495.000,1495.000,0.000,0.000,0,1,0,24,'2026-03-13','09:20:52',0,1,'-','-',NULL,3,NULL,NULL,NULL,NULL),
(76,'26-76',1,900.000,0.000,0.000,900.000,900.000,0.000,0.000,0,1,0,24,'2026-03-13','09:21:47',0,1,'-','-',NULL,3,NULL,NULL,NULL,NULL),
(77,'26-77',1,1000.000,0.000,0.000,1000.000,1000.000,0.000,0.000,0,1,0,24,'2026-03-13','09:22:55',0,1,'-','-',NULL,3,NULL,NULL,NULL,NULL),
(78,'26-78',1,1000.000,0.000,0.000,1000.000,1000.000,0.000,0.000,0,1,0,24,'2026-03-13','09:33:46',0,1,'-','-',NULL,3,NULL,NULL,NULL,NULL),
(79,'26-79',1,3275.000,0.000,75.000,3200.000,3200.000,0.000,0.000,0,1,0,24,'2026-03-13','09:34:49',0,1,'-','-',NULL,3,NULL,NULL,NULL,NULL),
(80,'26-80',1,3000.000,0.000,0.000,3000.000,3000.000,0.000,0.000,0,1,0,24,'2026-03-13','09:36:49',0,1,'-','-',NULL,3,NULL,NULL,NULL,NULL),
(81,'26-81',1,2615.000,0.000,275.000,2340.000,2340.000,0.000,0.000,0,1,0,24,'2026-03-13','09:43:34',0,1,'-','-',NULL,3,NULL,NULL,NULL,NULL),
(82,'26-82',1,1000.000,0.000,0.000,1000.000,1000.000,0.000,0.000,0,1,0,24,'2026-03-13','09:44:47',0,1,'-','-',NULL,3,NULL,NULL,NULL,NULL),
(83,'26-83',1,1279.000,0.000,79.000,1200.000,1200.000,0.000,0.000,0,1,0,24,'2026-03-13','09:45:49',0,1,'-','-',NULL,3,NULL,NULL,NULL,NULL),
(84,'26-84',1,898.000,0.000,118.000,780.000,780.000,0.000,0.000,0,1,0,24,'2026-03-13','09:48:17',0,1,'-','-',NULL,3,NULL,NULL,NULL,NULL),
(85,'26-85',1,2790.000,0.000,90.000,2700.000,2700.000,0.000,0.000,0,1,0,24,'2026-03-13','09:49:13',0,1,'-','-',NULL,3,NULL,NULL,NULL,NULL),
(86,'26-86',1,495.000,0.000,45.000,450.000,450.000,0.000,0.000,0,1,0,24,'2026-03-13','09:49:41',0,1,'-','-',NULL,3,NULL,NULL,NULL,NULL),
(87,'26-87',1,1000.000,0.000,0.000,1000.000,1000.000,0.000,0.000,0,1,0,24,'2026-03-13','09:52:01',0,1,'-','-',NULL,3,NULL,NULL,NULL,NULL),
(88,'26-88',1,800.000,0.000,0.000,800.000,800.000,0.000,0.000,0,1,0,24,'2026-03-13','08:53:00',0,1,'-','-',NULL,3,NULL,NULL,NULL,NULL),
(89,'26-89',1,200.000,0.000,0.000,200.000,200.000,0.000,0.000,0,1,0,24,'2026-03-13','08:53:44',0,1,'-','-',NULL,3,NULL,NULL,NULL,NULL),
(90,'26-90',1,1000.000,0.000,0.000,1000.000,1000.000,0.000,0.000,0,1,0,24,'2026-03-13','08:54:01',0,1,'-','-',NULL,3,NULL,NULL,NULL,NULL),
(91,'26-91',1,900.000,0.000,0.000,900.000,900.000,0.000,0.000,0,1,0,24,'2026-03-13','08:56:05',0,1,'-','-',NULL,3,NULL,NULL,NULL,NULL),
(92,'26-92',1,200.000,0.000,0.000,200.000,200.000,0.000,0.000,0,1,0,24,'2026-03-13','09:01:34',0,1,'-','-',NULL,3,NULL,NULL,NULL,NULL),
(93,'26-93',1,1000.000,0.000,0.000,1000.000,1000.000,0.000,0.000,0,1,0,24,'2026-03-13','09:06:39',0,1,'-','-',NULL,3,NULL,NULL,NULL,NULL),
(94,'26-94',1,200.000,0.000,0.000,200.000,200.000,0.000,0.000,0,1,0,24,'2026-03-13','09:14:09',0,1,'-','-',NULL,3,NULL,NULL,NULL,NULL),
(95,'26-95',1,500.000,0.000,0.000,500.000,500.000,0.000,0.000,0,1,0,24,'2026-03-13','09:20:03',0,1,'-','-',NULL,3,NULL,NULL,NULL,NULL),
(96,'26-96',1,990.000,0.000,90.000,900.000,900.000,0.000,0.000,0,1,0,24,'2026-03-13','09:24:46',0,1,'-','-',NULL,3,NULL,NULL,NULL,NULL),
(97,'26-97',1,500.000,0.000,0.000,500.000,500.000,0.000,0.000,0,1,0,24,'2026-03-13','09:41:32',0,1,'-','-',NULL,3,NULL,NULL,NULL,NULL),
(98,'26-98',1,1000.000,0.000,0.000,1000.000,1000.000,0.000,0.000,0,1,0,24,'2026-03-13','09:42:27',0,1,'-','-',NULL,3,NULL,NULL,NULL,NULL),
(99,'26-99',1,995.000,0.000,45.000,950.000,950.000,0.000,0.000,0,1,0,24,'2026-03-13','09:43:26',0,1,'-','-',NULL,3,NULL,NULL,NULL,NULL),
(100,'26-100',1,1000.000,0.000,0.000,1000.000,1000.000,0.000,0.000,0,1,0,24,'2026-03-13','09:46:50',0,1,'-','-',NULL,3,NULL,NULL,NULL,NULL),
(101,'26-101',1,1000.000,0.000,0.000,1000.000,1000.000,0.000,0.000,0,1,0,24,'2026-03-13','09:49:58',0,1,'-','-',NULL,3,NULL,NULL,NULL,NULL),
(102,'26-102',1,495.000,0.000,45.000,450.000,450.000,0.000,0.000,0,1,0,24,'2026-03-13','08:58:47',0,1,'-','-',NULL,3,NULL,NULL,NULL,NULL),
(103,'26-103',1,500.000,0.000,0.000,500.000,500.000,0.000,0.000,0,1,0,24,'2026-03-13','09:02:51',0,1,'-','-',NULL,3,NULL,NULL,NULL,NULL),
(104,'26-104',1,1157.000,0.000,107.000,1050.000,1050.000,0.000,0.000,0,1,0,24,'2026-03-13','09:04:57',0,1,'-','-',NULL,3,NULL,NULL,NULL,NULL),
(105,'26-105',1,1430.000,0.000,30.000,1400.000,1400.000,0.000,0.000,0,1,0,24,'2026-03-13','09:05:54',0,1,'-','-',NULL,3,NULL,NULL,NULL,NULL),
(106,'26-106',1,1000.000,0.000,0.000,1000.000,1000.000,0.000,0.000,0,1,0,24,'2026-03-13','09:06:37',0,1,'-','-',NULL,3,NULL,NULL,NULL,NULL),
(107,'26-107',1,1590.000,0.000,490.000,1100.000,1100.000,0.000,0.000,0,1,0,24,'2026-03-13','09:07:24',0,1,'-','-',NULL,3,NULL,NULL,NULL,NULL),
(108,'26-108',1,360.000,0.000,0.000,360.000,360.000,0.000,0.000,0,1,0,24,'2026-03-13','09:14:38',0,1,'-','-',NULL,3,NULL,NULL,NULL,NULL),
(109,'26-109',1,495.000,0.000,0.000,495.000,495.000,0.000,0.000,0,1,0,24,'2026-03-13','09:18:02',0,1,'-','-',NULL,3,NULL,NULL,NULL,NULL),
(110,'26-110',1,1700.000,0.000,0.000,1700.000,1700.000,0.000,0.000,0,1,0,24,'2026-03-13','09:21:23',0,1,'-','-',NULL,3,NULL,NULL,NULL,NULL),
(111,'26-111',1,1000.000,0.000,0.000,1000.000,1000.000,0.000,0.000,0,1,0,24,'2026-03-13','09:24:00',0,1,'-','-',NULL,3,NULL,NULL,NULL,NULL),
(112,'26-112',1,2739.000,0.000,139.000,2600.000,2600.000,0.000,0.000,0,1,0,24,'2026-03-13','09:24:59',0,1,'-','-',NULL,3,NULL,NULL,NULL,NULL),
(113,'26-113',1,1000.000,0.000,0.000,1000.000,1000.000,0.000,0.000,0,1,0,24,'2026-03-13','09:27:16',0,1,'-','-',NULL,3,NULL,NULL,NULL,NULL),
(114,'26-114',1,1390.000,0.000,90.000,1300.000,1300.000,0.000,0.000,0,1,0,24,'2026-03-13','09:32:51',0,1,'-','-',NULL,3,NULL,NULL,NULL,NULL),
(115,'26-115',1,1349.000,0.000,48.000,1301.000,1301.000,0.000,0.000,0,1,0,24,'2026-03-13','09:33:52',0,1,'-','-',NULL,3,NULL,NULL,NULL,NULL),
(116,'26-116',1,1549.000,0.000,0.000,1549.000,1549.000,0.000,0.000,0,1,0,24,'2026-03-13','09:39:30',0,1,'-','-',NULL,3,NULL,NULL,NULL,NULL),
(117,'26-117',1,1598.000,0.000,98.000,1500.000,1500.000,0.000,0.000,0,1,0,24,'2026-03-13','09:40:02',0,1,'-','-',NULL,3,NULL,NULL,NULL,NULL),
(118,'26-118',1,396.000,0.000,0.000,396.000,396.000,0.000,0.000,0,1,0,24,'2026-03-13','09:42:24',0,1,'-','-',NULL,3,NULL,NULL,NULL,NULL),
(119,'26-119',1,500.000,0.000,0.000,500.000,500.000,0.000,0.000,0,1,0,24,'2026-03-13','09:48:49',0,1,'-','-',NULL,3,NULL,NULL,NULL,NULL),
(120,'26-120',1,1400.000,0.000,0.000,1400.000,1400.000,0.000,0.000,0,1,0,24,'2026-03-13','08:53:09',0,1,'-','-',NULL,3,NULL,NULL,NULL,NULL),
(121,'26-121',1,500.000,0.000,0.000,500.000,500.000,0.000,0.000,0,1,0,24,'2026-03-13','08:53:45',0,1,'-','-',NULL,3,NULL,NULL,NULL,NULL),
(122,'26-122',1,3280.000,0.000,80.000,3200.000,3200.000,0.000,0.000,0,1,0,24,'2026-03-13','08:55:51',0,1,'-','-',NULL,3,NULL,NULL,NULL,NULL),
(123,'26-123',1,1090.000,0.000,0.000,1090.000,1090.000,0.000,0.000,0,1,0,24,'2026-03-13','08:57:29',0,1,'-','-',NULL,3,NULL,NULL,NULL,NULL),
(124,'26-124',1,1690.000,0.000,90.000,1600.000,1600.000,0.000,0.000,0,1,0,24,'2026-03-13','08:58:26',0,1,'-','-',NULL,3,NULL,NULL,NULL,NULL),
(125,'26-125',1,1290.000,0.000,40.000,1250.000,1250.000,0.000,0.000,0,1,0,24,'2026-03-13','09:07:08',0,1,'-','-',NULL,3,NULL,NULL,NULL,NULL),
(126,'26-126',1,1700.000,0.000,0.000,1700.000,1700.000,0.000,0.000,0,1,0,24,'2026-03-13','09:12:33',0,1,'-','-',NULL,3,NULL,NULL,NULL,NULL),
(127,'26-127',1,1780.000,0.000,0.000,1780.000,1780.000,0.000,0.000,0,1,0,24,'2026-03-13','09:15:05',0,1,'-','-',NULL,3,NULL,NULL,NULL,NULL),
(128,'26-128',1,1990.000,0.000,40.000,1950.000,1950.000,0.000,0.000,0,1,0,24,'2026-03-13','09:17:01',0,1,'-','-',NULL,3,NULL,NULL,NULL,NULL),
(129,'26-129',1,1244.000,0.000,44.000,1200.000,1200.000,0.000,0.000,0,1,0,24,'2026-03-13','09:18:33',0,1,'-','-',NULL,3,NULL,NULL,NULL,NULL),
(130,'26-130',1,500.000,0.000,0.000,500.000,500.000,0.000,0.000,0,1,0,24,'2026-03-13','09:19:05',0,1,'-','-',NULL,3,NULL,NULL,NULL,NULL),
(131,'26-131',1,1000.000,0.000,0.000,1000.000,1000.000,0.000,0.000,0,1,0,24,'2026-03-13','09:29:32',0,1,'-','-',NULL,3,NULL,NULL,NULL,NULL),
(132,'26-132',1,500.000,0.000,0.000,500.000,500.000,0.000,0.000,0,1,0,24,'2026-03-13','09:29:57',0,1,'-','-',NULL,3,NULL,NULL,NULL,NULL),
(133,'26-133',1,495.000,0.000,15.000,480.000,480.000,0.000,0.000,0,1,0,24,'2026-03-13','09:30:27',0,1,'-','-',NULL,3,NULL,NULL,NULL,NULL),
(134,'26-134',1,1490.000,0.000,0.000,1490.000,1490.000,0.000,0.000,0,1,0,24,'2026-03-13','09:33:26',0,1,'-','-',NULL,3,NULL,NULL,NULL,NULL),
(135,'26-135',1,200.000,0.000,0.000,200.000,200.000,0.000,0.000,0,1,0,24,'2026-03-13','09:38:59',0,1,'-','-',NULL,3,NULL,NULL,NULL,NULL),
(136,'26-136',1,500.000,0.000,0.000,500.000,500.000,0.000,0.000,0,1,0,24,'2026-03-13','09:40:29',0,1,'-','-',NULL,3,NULL,NULL,NULL,NULL),
(137,'26-137',1,400.000,0.000,0.000,400.000,400.000,0.000,0.000,0,1,0,24,'2026-03-13','09:50:34',0,1,'-','-',NULL,3,NULL,NULL,NULL,NULL),
(138,'26-138',1,500.000,0.000,0.000,500.000,500.000,0.000,0.000,0,1,0,24,'2026-03-13','08:53:11',0,1,'-','-',NULL,3,NULL,NULL,NULL,NULL),
(139,'26-139',1,500.000,0.000,0.000,500.000,500.000,0.000,0.000,0,1,0,24,'2026-03-13','09:04:33',0,1,'-','-',NULL,3,NULL,NULL,NULL,NULL),
(140,'26-140',1,1690.000,0.000,90.000,1600.000,1600.000,0.000,0.000,0,1,0,24,'2026-03-13','09:05:17',0,1,'-','-',NULL,3,NULL,NULL,NULL,NULL),
(141,'26-141',1,600.000,0.000,0.000,600.000,600.000,0.000,0.000,0,1,0,24,'2026-03-13','09:06:05',0,1,'-','-',NULL,3,NULL,NULL,NULL,NULL),
(142,'26-142',1,700.000,0.000,0.000,700.000,700.000,0.000,0.000,0,1,0,24,'2026-03-13','09:08:01',0,1,'-','-',NULL,3,NULL,NULL,NULL,NULL),
(143,'26-143',1,500.000,0.000,0.000,500.000,500.000,0.000,0.000,0,1,0,24,'2026-03-13','09:08:53',0,1,'-','-',NULL,3,NULL,NULL,NULL,NULL),
(144,'26-144',1,1000.000,0.000,0.000,1000.000,1000.000,0.000,0.000,0,1,0,24,'2026-03-13','09:15:46',0,1,'-','-',NULL,3,NULL,NULL,NULL,NULL),
(145,'26-145',1,500.000,0.000,0.000,500.000,500.000,0.000,0.000,0,1,0,24,'2026-03-13','09:17:34',0,1,'-','-',NULL,3,NULL,NULL,NULL,NULL),
(146,'26-146',1,500.000,0.000,0.000,500.000,500.000,0.000,0.000,0,1,0,24,'2026-03-13','09:17:52',0,1,'-','-',NULL,3,NULL,NULL,NULL,NULL),
(147,'26-147',1,1000.000,0.000,0.000,1000.000,1000.000,0.000,0.000,0,1,0,24,'2026-03-13','09:21:20',0,1,'-','-',NULL,3,NULL,NULL,NULL,NULL),
(148,'26-148',1,1590.000,0.000,0.000,1590.000,1590.000,0.000,0.000,0,1,0,24,'2026-03-13','09:21:50',0,1,'-','-',NULL,3,NULL,NULL,NULL,NULL),
(149,'26-149',1,2739.000,0.000,39.000,2700.000,2700.000,0.000,0.000,0,1,0,24,'2026-03-13','09:23:10',0,1,'-','-',NULL,3,NULL,NULL,NULL,NULL),
(150,'26-150',1,1000.000,0.000,0.000,1000.000,1000.000,0.000,0.000,0,1,0,24,'2026-03-13','09:26:10',0,1,'-','-',NULL,3,NULL,NULL,NULL,NULL),
(151,'26-151',1,500.000,0.000,0.000,500.000,500.000,0.000,0.000,0,1,0,24,'2026-03-13','09:31:27',0,1,'-','-',NULL,3,NULL,NULL,NULL,NULL),
(152,'26-152',1,500.000,0.000,0.000,500.000,500.000,0.000,0.000,0,1,0,24,'2026-03-13','09:32:51',0,1,'-','-',NULL,3,NULL,NULL,NULL,NULL),
(153,'26-153',1,1649.000,0.000,49.000,1600.000,1600.000,0.000,0.000,0,1,0,24,'2026-03-13','09:34:20',0,1,'-','-',NULL,3,NULL,NULL,NULL,NULL),
(154,'26-154',1,948.000,0.000,0.000,948.000,948.000,0.000,0.000,0,1,0,24,'2026-03-13','09:37:23',0,1,'-','-',NULL,3,NULL,NULL,NULL,NULL),
(155,'26-155',1,1000.000,0.000,0.000,1000.000,1000.000,0.000,0.000,0,1,0,24,'2026-03-13','09:43:16',0,1,'-','-',NULL,3,NULL,NULL,NULL,NULL),
(156,'26-156',1,1000.000,0.000,0.000,1000.000,1000.000,0.000,0.000,0,1,0,24,'2026-03-13','09:44:14',0,1,'-','-',NULL,3,NULL,NULL,NULL,NULL),
(157,'26-157',1,795.000,0.000,45.000,750.000,750.000,0.000,0.000,0,1,0,24,'2026-03-13','09:45:06',0,1,'-','-',NULL,3,NULL,NULL,NULL,NULL),
(158,'26-158',1,500.000,0.000,0.000,500.000,500.000,0.000,0.000,0,1,0,24,'2026-03-13','09:51:47',0,1,'-','-',NULL,3,NULL,NULL,NULL,NULL),
(159,'26-159',1,1895.000,0.000,245.000,1650.000,1650.000,0.000,0.000,0,1,0,24,'2026-03-13','08:54:23',0,1,'-','-',NULL,3,NULL,NULL,NULL,NULL),
(160,'26-160',1,500.000,0.000,0.000,500.000,500.000,0.000,0.000,0,1,0,24,'2026-03-13','08:57:38',0,1,'-','-',NULL,3,NULL,NULL,NULL,NULL),
(161,'26-161',1,1000.000,0.000,0.000,1000.000,1000.000,0.000,0.000,0,1,0,24,'2026-03-13','09:08:18',0,1,'-','-',NULL,3,NULL,NULL,NULL,NULL),
(162,'26-162',1,1000.000,0.000,0.000,1000.000,1000.000,0.000,0.000,0,1,0,24,'2026-03-13','09:12:56',0,1,'-','-',NULL,3,NULL,NULL,NULL,NULL),
(163,'26-163',1,400.000,0.000,0.000,400.000,400.000,0.000,0.000,0,1,0,24,'2026-03-13','09:14:01',0,1,'-','-',NULL,3,NULL,NULL,NULL,NULL),
(164,'26-164',1,895.000,0.000,15.000,880.000,880.000,0.000,0.000,0,1,0,24,'2026-03-13','09:19:55',0,1,'-','-',NULL,3,NULL,NULL,NULL,NULL),
(165,'26-165',1,1785.000,0.000,85.000,1700.000,1700.000,0.000,0.000,0,1,0,24,'2026-03-13','09:23:21',0,1,'-','-',NULL,3,NULL,NULL,NULL,NULL),
(166,'26-166',1,628.000,0.000,28.000,600.000,600.000,0.000,0.000,0,1,0,24,'2026-03-13','09:25:23',0,1,'-','-',NULL,3,NULL,NULL,NULL,NULL),
(167,'26-167',1,500.000,0.000,0.000,500.000,500.000,0.000,0.000,0,1,0,24,'2026-03-13','09:26:33',0,1,'-','-',NULL,3,NULL,NULL,NULL,NULL),
(168,'26-168',1,1000.000,0.000,0.000,1000.000,1000.000,0.000,0.000,0,1,0,24,'2026-03-13','09:27:09',0,1,'-','-',NULL,3,NULL,NULL,NULL,NULL),
(169,'26-169',1,1295.000,0.000,0.000,1295.000,1295.000,0.000,0.000,0,1,0,24,'2026-03-13','09:28:13',0,1,'-','-',NULL,3,NULL,NULL,NULL,NULL),
(170,'26-170',1,200.000,0.000,0.000,200.000,200.000,0.000,0.000,0,1,0,24,'2026-03-13','09:29:02',0,1,'-','-',NULL,3,NULL,NULL,NULL,NULL),
(171,'26-171',1,500.000,0.000,0.000,500.000,500.000,0.000,0.000,0,1,0,24,'2026-03-13','09:37:54',0,1,'-','-',NULL,3,NULL,NULL,NULL,NULL),
(172,'26-172',1,1000.000,0.000,0.000,1000.000,1000.000,0.000,0.000,0,1,0,24,'2026-03-13','09:40:50',0,1,'-','-',NULL,3,NULL,NULL,NULL,NULL),
(173,'26-173',1,695.000,0.000,195.000,500.000,500.000,0.000,0.000,0,1,0,24,'2026-03-13','09:41:42',0,1,'-','-',NULL,3,NULL,NULL,NULL,NULL),
(174,'26-174',1,795.000,0.000,115.000,680.000,680.000,0.000,0.000,0,1,0,24,'2026-03-13','09:42:53',0,1,'-','-',NULL,3,NULL,NULL,NULL,NULL),
(175,'26-175',1,695.000,0.000,45.000,650.000,650.000,0.000,0.000,0,1,0,24,'2026-03-13','09:43:37',0,1,'-','-',NULL,3,NULL,NULL,NULL,NULL),
(176,'26-176',1,1400.000,0.000,0.000,1400.000,1400.000,0.000,0.000,0,1,0,24,'2026-03-13','09:45:39',0,1,'-','-',NULL,3,NULL,NULL,NULL,NULL),
(177,'26-177',1,1200.000,0.000,0.000,1200.000,1200.000,0.000,0.000,0,1,0,24,'2026-03-13','09:51:43',0,1,'-','-',NULL,3,NULL,NULL,NULL,NULL),
(178,'26-178',1,2239.000,0.000,139.000,2100.000,2100.000,0.000,0.000,0,1,0,24,'2026-03-13','08:53:08',0,1,'-','-',NULL,3,NULL,NULL,NULL,NULL),
(179,'26-179',1,400.000,0.000,0.000,400.000,400.000,0.000,0.000,0,1,0,24,'2026-03-13','08:53:31',0,1,'-','-',NULL,3,NULL,NULL,NULL,NULL),
(180,'26-180',1,200.000,0.000,0.000,200.000,200.000,0.000,0.000,0,1,0,24,'2026-03-13','08:54:00',0,1,'-','-',NULL,3,NULL,NULL,NULL,NULL),
(181,'26-181',1,500.000,0.000,0.000,500.000,500.000,0.000,0.000,0,1,0,24,'2026-03-13','08:55:18',0,1,'-','-',NULL,3,NULL,NULL,NULL,NULL),
(182,'26-182',1,2000.000,0.000,0.000,2000.000,2000.000,0.000,0.000,0,1,0,24,'2026-03-13','09:07:35',0,1,'-','-',NULL,3,NULL,NULL,NULL,NULL),
(183,'26-183',1,5273.000,0.000,273.000,5000.000,5000.000,0.000,0.000,0,1,0,24,'2026-03-13','09:11:19',0,1,'-','-',NULL,3,NULL,NULL,NULL,NULL),
(184,'26-184',1,700.000,0.000,0.000,700.000,700.000,0.000,0.000,0,1,0,24,'2026-03-13','09:13:15',0,1,'-','-',NULL,3,NULL,NULL,NULL,NULL),
(185,'26-185',1,1330.000,0.000,30.000,1300.000,1300.000,0.000,0.000,0,1,0,24,'2026-03-13','09:15:36',0,1,'-','-',NULL,3,NULL,NULL,NULL,NULL),
(186,'26-186',1,300.000,0.000,0.000,300.000,300.000,0.000,0.000,0,1,0,24,'2026-03-13','09:17:41',0,1,'-','-',NULL,3,NULL,NULL,NULL,NULL),
(187,'26-187',1,400.000,0.000,0.000,400.000,400.000,0.000,0.000,0,1,0,24,'2026-03-13','09:18:51',0,1,'-','-',NULL,3,NULL,NULL,NULL,NULL),
(188,'26-188',1,270.000,0.000,0.000,270.000,270.000,0.000,0.000,0,1,0,24,'2026-03-13','09:19:38',0,1,'-','-',NULL,3,NULL,NULL,NULL,NULL),
(189,'26-189',1,500.000,0.000,0.000,500.000,500.000,0.000,0.000,0,1,0,24,'2026-03-13','09:20:52',0,1,'-','-',NULL,3,NULL,NULL,NULL,NULL),
(190,'26-190',1,200.000,0.000,0.000,200.000,200.000,0.000,0.000,0,1,0,24,'2026-03-13','09:22:43',0,1,'-','-',NULL,3,NULL,NULL,NULL,NULL),
(191,'26-191',1,1544.000,0.000,44.000,1500.000,1500.000,0.000,0.000,0,1,0,24,'2026-03-13','09:26:05',0,1,'-','-',NULL,3,NULL,NULL,NULL,NULL),
(192,'26-192',1,700.000,0.000,0.000,700.000,700.000,0.000,0.000,0,1,0,24,'2026-03-13','09:38:58',0,1,'-','-',NULL,3,NULL,NULL,NULL,NULL),
(193,'26-193',1,500.000,0.000,0.000,500.000,500.000,0.000,0.000,0,1,0,24,'2026-03-13','09:40:02',0,1,'-','-',NULL,3,NULL,NULL,NULL,NULL),
(194,'26-194',1,500.000,0.000,0.000,500.000,500.000,0.000,0.000,0,1,0,24,'2026-03-13','09:40:44',0,1,'-','-',NULL,3,NULL,NULL,NULL,NULL),
(195,'26-195',1,1200.000,0.000,0.000,1200.000,1200.000,0.000,0.000,0,1,0,24,'2026-03-13','09:43:47',0,1,'-','-',NULL,3,NULL,NULL,NULL,NULL),
(196,'26-196',1,400.000,0.000,0.000,400.000,400.000,0.000,0.000,0,1,0,24,'2026-03-13','09:45:40',0,1,'-','-',NULL,3,NULL,NULL,NULL,NULL),
(197,'26-197',1,2285.000,0.000,85.000,2200.000,2200.000,0.000,0.000,0,1,0,24,'2026-03-13','09:48:40',0,1,'-','-',NULL,3,NULL,NULL,NULL,NULL),
(198,'26-198',1,1395.000,0.000,45.000,1350.000,1350.000,0.000,0.000,0,1,0,24,'2026-03-13','09:49:10',0,1,'-','-',NULL,3,NULL,NULL,NULL,NULL),
(199,'26-199',1,500.000,0.000,0.000,500.000,500.000,0.000,0.000,0,1,0,24,'2026-03-13','09:49:55',0,1,'-','-',NULL,3,NULL,NULL,NULL,NULL),
(200,'26-200',1,500.000,0.000,0.000,500.000,500.000,0.000,0.000,0,1,0,24,'2026-03-13','09:51:49',0,1,'-','-',NULL,3,NULL,NULL,NULL,NULL),
(201,'26-201',1,500.000,0.000,0.000,500.000,500.000,0.000,0.000,0,1,0,24,'2026-03-13','08:53:27',0,1,'-','-',NULL,3,NULL,NULL,NULL,NULL),
(202,'26-202',1,1000.000,0.000,0.000,1000.000,1000.000,0.000,0.000,0,1,0,24,'2026-03-13','08:54:52',0,1,'-','-',NULL,3,NULL,NULL,NULL,NULL),
(203,'26-203',1,1000.000,0.000,0.000,1000.000,1000.000,0.000,0.000,0,1,0,24,'2026-03-13','08:59:16',0,1,'-','-',NULL,3,NULL,NULL,NULL,NULL),
(204,'26-204',1,825.000,0.000,25.000,800.000,800.000,0.000,0.000,0,1,0,24,'2026-03-13','09:01:20',0,1,'-','-',NULL,3,NULL,NULL,NULL,NULL),
(205,'26-205',1,600.000,0.000,0.000,600.000,600.000,0.000,0.000,0,1,0,24,'2026-03-13','09:02:19',0,1,'-','-',NULL,3,NULL,NULL,NULL,NULL),
(206,'26-206',1,200.000,0.000,0.000,200.000,200.000,0.000,0.000,0,1,0,24,'2026-03-13','09:04:00',0,1,'-','-',NULL,3,NULL,NULL,NULL,NULL),
(207,'26-207',1,600.000,0.000,0.000,600.000,600.000,0.000,0.000,0,1,0,24,'2026-03-13','09:05:51',0,1,'-','-',NULL,3,NULL,NULL,NULL,NULL),
(208,'26-208',1,800.000,0.000,0.000,800.000,800.000,0.000,0.000,0,1,0,24,'2026-03-13','09:10:09',0,1,'-','-',NULL,3,NULL,NULL,NULL,NULL),
(209,'26-209',1,1400.000,0.000,0.000,1400.000,1400.000,0.000,0.000,0,1,0,24,'2026-03-13','09:13:12',0,1,'-','-',NULL,3,NULL,NULL,NULL,NULL),
(210,'26-210',1,2000.000,0.000,0.000,2000.000,2000.000,0.000,0.000,0,1,0,24,'2026-03-13','09:17:48',0,1,'-','-',NULL,3,NULL,NULL,NULL,NULL),
(211,'26-211',1,1979.000,0.000,79.000,1900.000,1900.000,0.000,0.000,0,1,0,24,'2026-03-13','09:19:35',0,1,'-','-',NULL,3,NULL,NULL,NULL,NULL),
(212,'26-212',1,1000.000,0.000,0.000,1000.000,1000.000,0.000,0.000,0,1,0,24,'2026-03-13','09:22:12',0,1,'-','-',NULL,3,NULL,NULL,NULL,NULL),
(213,'26-213',1,400.000,0.000,0.000,400.000,400.000,0.000,0.000,0,1,0,24,'2026-03-13','09:26:23',0,1,'-','-',NULL,3,NULL,NULL,NULL,NULL),
(214,'26-214',1,200.000,0.000,0.000,200.000,200.000,0.000,0.000,0,1,0,24,'2026-03-13','09:26:49',0,1,'-','-',NULL,3,NULL,NULL,NULL,NULL),
(215,'26-215',1,895.000,0.000,0.000,895.000,895.000,0.000,0.000,0,1,0,24,'2026-03-13','09:33:37',0,1,'-','-',NULL,3,NULL,NULL,NULL,NULL),
(216,'26-216',1,1490.000,0.000,90.000,1400.000,1400.000,0.000,0.000,0,1,0,24,'2026-03-13','09:34:21',0,1,'-','-',NULL,3,NULL,NULL,NULL,NULL),
(217,'26-217',1,1000.000,0.000,0.000,1000.000,1000.000,0.000,0.000,0,1,0,24,'2026-03-13','09:35:44',0,1,'-','-',NULL,3,NULL,NULL,NULL,NULL),
(218,'26-218',1,130.000,0.000,0.000,130.000,130.000,0.000,0.000,0,1,0,24,'2026-03-13','09:37:59',0,1,'-','-',NULL,3,NULL,NULL,NULL,NULL),
(219,'26-219',1,849.000,0.000,49.000,800.000,800.000,0.000,0.000,0,1,0,24,'2026-03-13','09:42:51',0,1,'-','-',NULL,3,NULL,NULL,NULL,NULL),
(220,'26-220',1,395.000,0.000,15.000,380.000,380.000,0.000,0.000,0,1,0,24,'2026-03-13','09:43:53',0,1,'-','-',NULL,3,NULL,NULL,NULL,NULL),
(221,'26-221',1,500.000,0.000,0.000,500.000,500.000,0.000,0.000,0,1,0,24,'2026-03-13','09:47:03',0,1,'-','-',NULL,3,NULL,NULL,NULL,NULL),
(222,'26-222',1,895.000,0.000,95.000,800.000,800.000,0.000,0.000,0,1,0,24,'2026-03-13','09:47:51',0,1,'-','-',NULL,3,NULL,NULL,NULL,NULL),
(223,'26-223',1,795.000,0.000,45.000,750.000,750.000,0.000,0.000,0,1,0,24,'2026-03-13','09:51:05',0,1,'-','-',NULL,3,NULL,NULL,NULL,NULL),
(224,'26-224',1,1000.000,0.000,0.000,1000.000,1000.000,0.000,0.000,0,1,0,24,'2026-03-13','08:53:30',0,1,'-','-',NULL,3,NULL,NULL,NULL,NULL),
(225,'26-225',1,495.000,0.000,15.000,480.000,480.000,0.000,0.000,0,1,0,24,'2026-03-13','08:58:28',0,1,'-','-',NULL,3,NULL,NULL,NULL,NULL),
(226,'26-226',1,200.000,0.000,0.000,200.000,200.000,0.000,0.000,0,1,0,24,'2026-03-13','09:00:41',0,1,'-','-',NULL,3,NULL,NULL,NULL,NULL),
(227,'26-227',1,400.000,0.000,0.000,400.000,400.000,0.000,0.000,0,1,0,24,'2026-03-13','09:01:39',0,1,'-','-',NULL,3,NULL,NULL,NULL,NULL),
(228,'26-228',1,2220.000,0.000,120.000,2100.000,2100.000,0.000,0.000,0,1,0,24,'2026-03-13','09:05:51',0,1,'-','-',NULL,3,NULL,NULL,NULL,NULL),
(229,'26-229',1,60.000,0.000,0.000,60.000,60.000,0.000,0.000,0,1,0,24,'2026-03-13','09:08:03',0,1,'-','-',NULL,3,NULL,NULL,NULL,NULL),
(230,'26-230',1,100.000,0.000,0.000,100.000,100.000,0.000,0.000,0,1,0,24,'2026-03-13','09:14:36',0,1,'-','-',NULL,3,NULL,NULL,NULL,NULL),
(231,'26-231',1,200.000,0.000,0.000,200.000,200.000,0.000,0.000,0,1,0,24,'2026-03-13','09:14:54',0,1,'-','-',NULL,3,NULL,NULL,NULL,NULL),
(232,'26-232',1,400.000,0.000,0.000,400.000,400.000,0.000,0.000,0,1,0,24,'2026-03-13','09:24:09',0,1,'-','-',NULL,3,NULL,NULL,NULL,NULL),
(233,'26-233',1,600.000,0.000,0.000,600.000,600.000,0.000,0.000,0,1,0,24,'2026-03-13','09:30:42',0,1,'-','-',NULL,3,NULL,NULL,NULL,NULL),
(234,'26-234',1,200.000,0.000,0.000,200.000,200.000,0.000,0.000,0,1,0,24,'2026-03-13','09:32:03',0,1,'-','-',NULL,3,NULL,NULL,NULL,NULL),
(235,'26-235',1,1000.000,0.000,0.000,1000.000,1000.000,0.000,0.000,0,1,0,24,'2026-03-13','09:42:40',0,1,'-','-',NULL,3,NULL,NULL,NULL,NULL),
(236,'26-236',1,1590.000,0.000,240.000,1350.000,1350.000,0.000,0.000,0,1,0,24,'2026-03-13','09:45:35',0,1,'-','-',NULL,3,NULL,NULL,NULL,NULL),
(237,'26-237',1,200.000,0.000,0.000,200.000,200.000,0.000,0.000,0,1,0,24,'2026-03-13','08:55:28',0,1,'-','-',NULL,3,NULL,NULL,NULL,NULL),
(238,'26-238',1,260.000,0.000,0.000,260.000,260.000,0.000,0.000,0,1,0,24,'2026-03-13','08:56:49',0,1,'-','-',NULL,3,NULL,NULL,NULL,NULL),
(239,'26-239',1,1670.000,0.000,90.000,1580.000,1580.000,0.000,0.000,0,1,0,24,'2026-03-13','09:01:49',0,1,'-','-',NULL,3,NULL,NULL,NULL,NULL),
(240,'26-240',1,1095.000,0.000,95.000,1000.000,1000.000,0.000,0.000,0,1,0,24,'2026-03-13','09:10:52',0,1,'-','-',NULL,3,NULL,NULL,NULL,NULL),
(241,'26-241',1,1000.000,0.000,0.000,1000.000,1000.000,0.000,0.000,0,1,0,24,'2026-03-13','09:11:22',0,1,'-','-',NULL,3,NULL,NULL,NULL,NULL),
(242,'26-242',1,200.000,0.000,0.000,200.000,200.000,0.000,0.000,0,1,0,24,'2026-03-13','09:28:49',0,1,'-','-',NULL,3,NULL,NULL,NULL,NULL),
(243,'26-243',1,2285.000,0.000,135.000,2150.000,2150.000,0.000,0.000,0,1,0,24,'2026-03-15','11:05:50',0,1,'-','-',NULL,3,NULL,NULL,NULL,NULL),
(244,'26-244',1,200.000,0.000,0.000,200.000,200.000,0.000,0.000,0,1,0,24,'2026-03-15','11:09:13',0,1,'-','-',NULL,3,NULL,NULL,NULL,NULL),
(245,'26-245',1,180.000,0.000,0.000,180.000,180.000,0.000,0.000,0,1,0,24,'2026-03-15','11:19:23',0,1,'-','-',NULL,3,NULL,NULL,NULL,NULL),
(246,'26-246',1,1890.000,0.000,190.000,1700.000,1700.000,0.000,0.000,0,1,0,24,'2026-03-15','11:33:39',0,1,'-','-',NULL,3,NULL,NULL,NULL,NULL),
(247,'26-247',1,1249.000,0.000,49.000,1200.000,1200.000,0.000,0.000,0,1,0,24,'2026-03-15','11:13:49',0,1,'-','-',NULL,3,NULL,NULL,NULL,NULL),
(248,'26-248',1,1885.000,0.000,85.000,1800.000,1800.000,0.000,0.000,0,1,0,24,'2026-03-15','12:02:41',0,1,'-','-',NULL,3,NULL,NULL,NULL,NULL),
(249,'26-249',1,795.000,0.000,45.000,750.000,750.000,0.000,0.000,0,1,0,24,'2026-03-15','11:14:25',0,1,'-','-',NULL,3,NULL,NULL,NULL,NULL),
(250,'26-250',1,495.000,0.000,15.000,480.000,480.000,0.000,0.000,0,1,0,24,'2026-03-15','11:07:40',0,1,'-','-',NULL,3,NULL,NULL,NULL,NULL),
(251,'26-251',1,400.000,0.000,0.000,400.000,400.000,0.000,0.000,0,1,0,24,'2026-03-15','11:12:04',0,1,'-','-',NULL,3,NULL,NULL,NULL,NULL),
(252,'26-252',1,1049.000,0.000,49.000,1000.000,1000.000,0.000,0.000,0,1,0,24,'2026-03-15','11:17:05',0,1,'-','-',NULL,3,NULL,NULL,NULL,NULL),
(253,'26-253',1,1444.000,0.000,94.000,1350.000,1350.000,0.000,0.000,0,1,0,24,'2026-03-15','11:19:03',0,1,'-','-',NULL,3,NULL,NULL,NULL,NULL),
(254,'26-254',1,1449.000,0.000,49.000,1400.000,1400.000,0.000,0.000,0,1,0,24,'2026-03-15','11:28:20',0,1,'-','-',NULL,3,NULL,NULL,NULL,NULL),
(255,'26-255',1,400.000,0.000,0.000,400.000,400.000,0.000,0.000,0,1,0,24,'2026-03-15','11:33:30',0,1,'-','-',NULL,3,NULL,NULL,NULL,NULL),
(256,'26-256',1,1498.000,0.000,98.000,1400.000,1400.000,0.000,0.000,0,1,0,24,'2026-03-15','11:38:30',0,1,'-','-',NULL,3,NULL,NULL,NULL,NULL),
(257,'26-257',1,700.000,0.000,0.000,700.000,700.000,0.000,0.000,0,1,0,24,'2026-03-15','11:47:27',0,1,'-','-',NULL,3,NULL,NULL,NULL,NULL),
(258,'26-258',1,2039.000,0.000,139.000,1900.000,1900.000,0.000,0.000,0,1,0,24,'2026-03-15','11:49:46',0,1,'-','-',NULL,3,NULL,NULL,NULL,NULL),
(259,'26-259',1,1690.000,0.000,90.000,1600.000,1600.000,0.000,0.000,0,1,0,24,'2026-03-15','11:54:10',0,1,'-','-',NULL,3,NULL,NULL,NULL,NULL),
(260,'26-260',1,2039.000,0.000,159.000,1880.000,1880.000,0.000,0.000,0,1,0,24,'2026-03-15','11:57:44',0,1,'-','-',NULL,3,NULL,NULL,NULL,NULL),
(261,'26-261',1,3034.000,0.000,184.000,2850.000,2850.000,0.000,0.000,0,1,0,24,'2026-03-15','11:59:27',0,1,'-','-',NULL,3,NULL,NULL,NULL,NULL),
(262,'26-262',1,1700.000,0.000,0.000,1700.000,1700.000,0.000,0.000,0,1,0,24,'2026-03-15','11:04:06',0,1,'-','-',NULL,3,NULL,NULL,NULL,NULL),
(263,'26-263',1,1668.000,0.000,68.000,1600.000,1600.000,0.000,0.000,0,1,0,24,'2026-03-15','11:13:55',0,1,'-','-',NULL,3,NULL,NULL,NULL,NULL),
(264,'26-264',1,200.000,0.000,0.000,200.000,200.000,0.000,0.000,0,1,0,24,'2026-03-15','11:15:11',0,1,'-','-',NULL,3,NULL,NULL,NULL,NULL),
(265,'26-265',1,180.000,0.000,0.000,180.000,180.000,0.000,0.000,0,1,0,24,'2026-03-15','11:15:28',0,1,'-','-',NULL,3,NULL,NULL,NULL,NULL),
(266,'26-266',1,795.000,0.000,45.000,750.000,750.000,0.000,0.000,0,1,0,24,'2026-03-15','11:18:55',0,1,'-','-',NULL,3,NULL,NULL,NULL,NULL),
(267,'26-267',1,2680.000,0.000,180.000,2500.000,2500.000,0.000,0.000,0,1,0,24,'2026-03-15','11:26:15',0,1,'-','-',NULL,3,NULL,NULL,NULL,NULL),
(268,'26-268',1,1544.000,0.000,94.000,1450.000,1450.000,0.000,0.000,0,1,0,24,'2026-03-15','11:27:04',0,1,'-','-',NULL,3,NULL,NULL,NULL,NULL),
(269,'26-269',1,1955.000,0.000,455.000,1500.000,1500.000,0.000,0.000,0,1,0,24,'2026-03-15','11:29:42',0,1,'-','-',NULL,3,NULL,NULL,NULL,NULL),
(270,'26-270',1,400.000,0.000,0.000,400.000,400.000,0.000,0.000,0,1,0,24,'2026-03-15','11:32:56',0,1,'-','-',NULL,3,NULL,NULL,NULL,NULL),
(271,'26-271',1,990.000,0.000,30.000,960.000,960.000,0.000,0.000,0,1,0,24,'2026-03-15','11:38:38',0,1,'-','-',NULL,3,NULL,NULL,NULL,NULL),
(272,'26-272',1,600.000,0.000,0.000,600.000,600.000,0.000,0.000,0,1,0,24,'2026-03-15','11:58:57',0,1,'-','-',NULL,3,NULL,NULL,NULL,NULL),
(273,'26-273',1,500.000,0.000,0.000,500.000,500.000,0.000,0.000,0,1,0,24,'2026-03-15','11:11:54',0,1,'-','-',NULL,3,NULL,NULL,NULL,NULL),
(274,'26-274',1,1690.000,0.000,140.000,1550.000,1550.000,0.000,0.000,0,1,0,24,'2026-03-15','11:56:34',0,1,'-','-',NULL,3,NULL,NULL,NULL,NULL),
(275,'26-275',1,595.000,0.000,0.000,595.000,595.000,0.000,0.000,0,1,0,24,'2026-03-15','11:19:10',0,1,'-','-',NULL,3,NULL,NULL,NULL,NULL),
(276,'26-276',1,3000.000,0.000,0.000,3000.000,3000.000,0.000,0.000,0,1,0,24,'2026-03-15','11:37:36',0,1,'-','-',NULL,3,NULL,NULL,NULL,NULL),
(277,'26-277',1,500.000,0.000,0.000,500.000,500.000,0.000,0.000,0,1,0,24,'2026-03-15','11:22:54',0,1,'-','-',NULL,3,NULL,NULL,NULL,NULL),
(278,'26-278',1,1490.000,0.000,140.000,1350.000,1350.000,0.000,0.000,0,1,0,24,'2026-03-15','11:56:57',0,1,'-','-',NULL,3,NULL,NULL,NULL,NULL),
(279,'26-279',1,1090.000,0.000,90.000,1000.000,1000.000,0.000,0.000,0,1,0,24,'2026-03-15','11:57:24',0,1,'-','-',NULL,3,NULL,NULL,NULL,NULL),
(280,'26-280',1,395.000,0.000,45.000,350.000,350.000,0.000,0.000,0,1,0,24,'2026-03-15','11:05:35',0,1,'-','-',NULL,3,NULL,NULL,NULL,NULL),
(281,'26-281',1,1130.000,0.000,30.000,1100.000,1100.000,0.000,0.000,0,1,0,24,'2026-03-15','11:43:11',0,1,'-','-',NULL,3,NULL,NULL,NULL,NULL),
(282,'26-282',1,1000.000,0.000,0.000,1000.000,1000.000,0.000,0.000,0,1,0,24,'2026-03-15','11:45:07',0,1,'-','-',NULL,3,NULL,NULL,NULL,NULL),
(283,'26-283',1,1495.000,0.000,15.000,1480.000,1480.000,0.000,0.000,0,1,0,24,'2026-03-15','11:50:02',0,1,'-','-',NULL,3,NULL,NULL,NULL,NULL),
(284,'26-284',1,350.000,0.000,0.000,350.000,350.000,0.000,0.000,0,1,0,24,'2026-03-15','11:52:01',0,1,'-','-',NULL,3,NULL,NULL,NULL,NULL),
(285,'26-285',1,1590.000,0.000,140.000,1450.000,1450.000,0.000,0.000,0,1,0,24,'2026-03-15','11:06:03',0,1,'-','-',NULL,3,NULL,NULL,NULL,NULL),
(286,'26-286',1,1990.000,0.000,110.000,1880.000,1880.000,0.000,0.000,0,1,0,24,'2026-03-15','11:38:00',0,1,'-','-',NULL,3,NULL,NULL,NULL,NULL),
(287,'26-287',1,1000.000,0.000,0.000,1000.000,1000.000,0.000,0.000,0,1,0,24,'2026-03-15','11:41:07',0,1,'-','-',NULL,3,NULL,NULL,NULL,NULL),
(288,'26-288',1,795.000,0.000,45.000,750.000,750.000,0.000,0.000,0,1,0,24,'2026-03-15','11:43:42',0,1,'-','-',NULL,3,NULL,NULL,NULL,NULL),
(289,'26-289',1,1344.000,0.000,94.000,1250.000,1250.000,0.000,0.000,0,1,0,24,'2026-03-15','11:52:05',0,1,'-','-',NULL,3,NULL,NULL,NULL,NULL),
(290,'26-290',1,3180.000,0.000,180.000,3000.000,3000.000,0.000,0.000,0,1,0,24,'2026-03-15','11:54:21',0,1,'-','-',NULL,3,NULL,NULL,NULL,NULL),
(291,'26-291',1,1390.000,0.000,140.000,1250.000,1250.000,0.000,0.000,0,1,0,24,'2026-03-15','11:22:17',0,1,'-','-',NULL,3,NULL,NULL,NULL,NULL),
(292,'26-292',1,495.000,0.000,15.000,480.000,480.000,0.000,0.000,0,1,0,24,'2026-03-15','11:23:23',0,1,'-','-',NULL,3,NULL,NULL,NULL,NULL),
(293,'26-293',1,2790.000,0.000,190.000,2600.000,2600.000,0.000,0.000,0,1,0,24,'2026-03-15','11:25:24',0,1,'-','-',NULL,3,NULL,NULL,NULL,NULL),
(294,'26-294',1,1490.000,0.000,90.000,1400.000,1400.000,0.000,0.000,0,1,0,24,'2026-03-15','11:26:56',0,1,'-','-',NULL,3,NULL,NULL,NULL,NULL),
(295,'26-295',1,1200.000,0.000,0.000,1200.000,1200.000,0.000,0.000,0,1,0,24,'2026-03-15','11:29:59',0,1,'-','-',NULL,3,NULL,NULL,NULL,NULL),
(296,'26-296',1,849.000,0.000,49.000,800.000,800.000,0.000,0.000,0,1,0,24,'2026-03-15','11:30:35',0,1,'-','-',NULL,3,NULL,NULL,NULL,NULL),
(297,'26-297',1,1395.000,0.000,45.000,1350.000,1350.000,0.000,0.000,0,1,0,24,'2026-03-15','11:33:17',0,1,'-','-',NULL,3,NULL,NULL,NULL,NULL),
(298,'26-298',1,1400.000,0.000,0.000,1400.000,1400.000,0.000,0.000,0,1,0,24,'2026-03-15','11:59:18',0,1,'-','-',NULL,3,NULL,NULL,NULL,NULL),
(299,'26-299',1,400.000,0.000,0.000,400.000,400.000,0.000,0.000,0,1,0,24,'2026-03-15','11:59:58',0,1,'-','-',NULL,3,NULL,NULL,NULL,NULL),
(300,'26-300',1,200.000,0.000,0.000,200.000,200.000,0.000,0.000,0,1,0,24,'2026-03-15','12:01:41',0,1,'-','-',NULL,3,NULL,NULL,NULL,NULL),
(301,'26-301',1,800.000,0.000,0.000,800.000,800.000,0.000,0.000,0,1,0,24,'2026-03-15','12:02:03',0,1,'-','-',NULL,3,NULL,NULL,NULL,NULL),
(302,'26-302',1,1544.000,0.000,144.000,1400.000,1400.000,0.000,0.000,0,1,0,24,'2026-03-15','11:17:55',0,1,'-','-',NULL,3,NULL,NULL,NULL,NULL),
(303,'26-303',1,1590.000,0.000,90.000,1500.000,1500.000,0.000,0.000,0,1,0,24,'2026-03-15','11:27:58',0,1,'-','-',NULL,3,NULL,NULL,NULL,NULL),
(304,'26-304',1,1590.000,0.000,0.000,1590.000,1590.000,0.000,0.000,0,1,0,24,'2026-03-15','11:28:11',1,1,'-','-',NULL,3,NULL,NULL,NULL,NULL),
(305,'26-305',1,1590.000,0.000,900.000,690.000,690.000,0.000,0.000,0,1,0,24,'2026-03-15','11:28:27',1,1,'-','-',NULL,3,NULL,NULL,NULL,NULL),
(306,'26-306',1,1590.000,0.000,90.000,1500.000,1500.000,0.000,0.000,0,1,0,24,'2026-03-15','11:31:33',0,1,'-','-',NULL,3,NULL,NULL,NULL,NULL),
(307,'26-307',1,1590.000,0.000,90.000,1500.000,1500.000,0.000,0.000,0,1,0,24,'2026-03-15','11:31:51',0,1,'-','-',NULL,3,NULL,NULL,NULL,NULL),
(308,'26-308',1,1390.000,0.000,90.000,1300.000,1300.000,0.000,0.000,0,1,0,24,'2026-03-15','11:32:45',0,1,'-','-',NULL,3,NULL,NULL,NULL,NULL),
(309,'26-309',1,849.000,0.000,49.000,800.000,800.000,0.000,0.000,0,1,0,25,'2026-03-15','11:42:37',0,1,'-','-',NULL,3,NULL,NULL,NULL,NULL),
(310,'26-310',1,849.000,0.000,49.000,800.000,800.000,0.000,0.000,0,1,0,25,'2026-03-15','11:55:40',0,1,'-','-',NULL,3,NULL,NULL,NULL,NULL),
(311,'26-311',1,680.000,0.000,130.000,550.000,550.000,0.000,0.000,0,1,0,25,'2026-03-15','11:08:10',0,1,'-','-',NULL,3,NULL,NULL,NULL,NULL),
(312,'26-312',1,895.000,0.000,95.000,800.000,800.000,0.000,0.000,0,1,0,25,'2026-03-16','11:03:08',0,1,'-','-',NULL,3,NULL,NULL,NULL,NULL),
(313,'26-313',1,1790.000,0.000,0.000,1790.000,1790.000,0.000,0.000,0,1,0,25,'2026-03-16','11:41:42',0,1,'-','-',NULL,3,NULL,NULL,NULL,NULL),
(314,'26-314',1,895.000,0.000,95.000,800.000,800.000,0.000,0.000,0,1,0,25,'2026-03-16','11:08:28',0,1,'-','-',NULL,3,NULL,NULL,NULL,NULL),
(315,'26-315',1,825.000,0.000,85.000,740.000,740.000,0.000,0.000,0,1,0,25,'2026-03-16','10:51:49',0,1,'-','-',NULL,3,NULL,NULL,NULL,NULL),
(316,'26-316',1,1000.000,0.000,0.000,1000.000,1000.000,0.000,0.000,0,1,0,25,'2026-03-16','11:31:54',0,1,'-','-',NULL,3,NULL,NULL,NULL,NULL),
(317,'26-317',1,1390.000,0.000,90.000,1300.000,1300.000,0.000,0.000,0,1,0,25,'2026-03-16','11:00:13',0,1,'-','-',NULL,3,NULL,NULL,NULL,NULL),
(318,'26-318',1,1795.000,0.000,45.000,1750.000,1750.000,0.000,0.000,0,1,0,25,'2026-03-16','11:18:50',0,1,'-','-',NULL,3,NULL,NULL,NULL,NULL),
(319,'26-319',1,1144.000,0.000,44.000,1100.000,1100.000,0.000,0.000,0,1,0,25,'2026-03-16','11:22:40',0,1,'-','-',NULL,3,NULL,NULL,NULL,NULL),
(320,'26-320',1,1490.000,0.000,240.000,1250.000,1250.000,0.000,0.000,0,1,0,25,'2026-03-16','11:11:14',0,1,'-','-',NULL,3,NULL,NULL,NULL,NULL),
(321,'26-321',1,2880.000,0.000,280.000,2600.000,2600.000,0.000,0.000,0,1,0,25,'2026-03-16','11:21:26',0,1,'-','-',NULL,3,NULL,NULL,NULL,NULL),
(322,'26-322',1,580.000,0.000,30.000,550.000,550.000,0.000,0.000,0,1,0,25,'2026-03-16','11:31:39',0,1,'-','-',NULL,3,NULL,NULL,NULL,NULL),
(323,'26-323',1,704.000,0.000,4.000,700.000,700.000,0.000,0.000,0,1,0,25,'2026-03-16','11:38:00',0,1,'-','-',NULL,3,NULL,NULL,NULL,NULL),
(324,'26-324',1,300.000,0.000,0.000,300.000,300.000,0.000,0.000,0,1,0,25,'2026-03-16','11:38:48',0,1,'-','-',NULL,3,NULL,NULL,NULL,NULL),
(325,'26-325',1,749.000,0.000,49.000,700.000,700.000,0.000,0.000,0,1,0,25,'2026-03-16','11:42:27',0,1,'-','-',NULL,3,NULL,NULL,NULL,NULL),
(326,'26-326',1,990.000,0.000,40.000,950.000,950.000,0.000,0.000,0,1,0,25,'2026-03-16','11:28:01',0,1,'-','-',NULL,3,NULL,NULL,NULL,NULL),
(327,'26-327',1,500.000,0.000,0.000,500.000,500.000,0.000,0.000,0,1,0,25,'2026-03-16','10:59:55',0,1,'-','-',NULL,3,NULL,NULL,NULL,NULL),
(328,'26-328',1,1000.000,0.000,0.000,1000.000,1000.000,0.000,0.000,0,1,0,25,'2026-03-16','11:15:20',0,1,'-','-',NULL,3,NULL,NULL,NULL,NULL),
(329,'26-329',1,1000.000,0.000,0.000,1000.000,1000.000,0.000,0.000,0,1,0,25,'2026-03-16','11:27:53',0,1,'-','-',NULL,3,NULL,NULL,NULL,NULL),
(330,'26-330',1,1690.000,0.000,190.000,1500.000,1500.000,0.000,0.000,0,1,0,25,'2026-03-16','10:55:12',0,1,'-','-',NULL,3,NULL,NULL,NULL,NULL),
(331,'26-331',1,730.000,0.000,130.000,600.000,600.000,0.000,0.000,0,1,0,25,'2026-03-16','10:57:26',0,1,'-','-',NULL,3,NULL,NULL,NULL,NULL),
(332,'26-332',1,1000.000,0.000,0.000,1000.000,1000.000,0.000,0.000,0,1,0,25,'2026-03-16','11:08:29',0,1,'-','-',NULL,3,NULL,NULL,NULL,NULL),
(333,'26-333',1,495.000,0.000,15.000,480.000,480.000,0.000,0.000,0,1,0,25,'2026-03-16','11:09:24',0,1,'-','-',NULL,3,NULL,NULL,NULL,NULL),
(334,'26-334',1,3000.000,0.000,0.000,3000.000,3000.000,0.000,0.000,0,1,0,25,'2026-03-16','11:16:33',0,1,'-','-',NULL,3,NULL,NULL,NULL,NULL),
(335,'26-335',1,1790.000,0.000,190.000,1600.000,1600.000,0.000,0.000,0,1,0,25,'2026-03-16','11:25:19',0,1,'-','-',NULL,3,NULL,NULL,NULL,NULL),
(336,'26-336',1,795.000,0.000,45.000,750.000,750.000,0.000,0.000,0,1,0,25,'2026-03-16','11:27:14',0,1,'-','-',NULL,3,NULL,NULL,NULL,NULL),
(337,'26-337',1,3334.000,0.000,184.000,3150.000,3150.000,0.000,0.000,0,1,0,25,'2026-03-16','11:31:21',0,1,'-','-',NULL,3,NULL,NULL,NULL,NULL),
(338,'26-338',1,2515.000,0.000,165.000,2350.000,2350.000,0.000,0.000,0,1,0,25,'2026-03-16','11:39:44',0,1,'-','-',NULL,3,NULL,NULL,NULL,NULL),
(339,'26-339',1,795.000,0.000,45.000,750.000,750.000,0.000,0.000,0,1,0,25,'2026-03-16','10:49:46',0,1,'-','-',NULL,3,NULL,NULL,NULL,NULL),
(340,'26-340',1,1490.000,0.000,90.000,1400.000,1400.000,0.000,0.000,0,1,0,25,'2026-03-16','11:00:49',0,1,'-','-',NULL,3,NULL,NULL,NULL,NULL),
(341,'26-341',1,1858.000,0.000,158.000,1700.000,1700.000,0.000,0.000,0,1,0,25,'2026-03-16','11:15:05',0,1,'-','-',NULL,3,NULL,NULL,NULL,NULL),
(342,'26-342',1,1840.000,0.000,140.000,1700.000,1700.000,0.000,0.000,0,1,0,25,'2026-03-16','11:27:15',0,1,'-','-',NULL,3,NULL,NULL,NULL,NULL),
(343,'26-343',1,200.000,0.000,0.000,200.000,200.000,0.000,0.000,0,1,0,25,'2026-03-16','11:28:27',0,1,'-','-',NULL,3,NULL,NULL,NULL,NULL),
(344,'26-344',1,1227.000,0.000,47.000,1180.000,1180.000,0.000,0.000,0,1,0,25,'2026-03-16','11:32:46',0,1,'-','-',NULL,3,NULL,NULL,NULL,NULL),
(345,'26-345',1,3156.000,0.000,0.000,3156.000,3156.000,0.000,0.000,0,1,0,25,'2026-03-16','11:37:15',0,1,'-','-',NULL,3,NULL,NULL,NULL,NULL),
(346,'26-346',1,495.000,0.000,0.000,495.000,495.000,0.000,0.000,0,1,0,25,'2026-03-17','10:37:05',0,1,'-','-',NULL,3,NULL,NULL,NULL,NULL),
(347,'26-347',1,150.000,0.000,0.000,150.000,150.000,0.000,0.000,0,1,0,25,'2026-03-17','11:22:55',0,1,'-','-',NULL,3,NULL,NULL,NULL,NULL),
(348,'26-348',1,1747.000,0.000,97.000,1650.000,1650.000,0.000,0.000,0,1,0,25,'2026-03-17','11:10:15',0,1,'-','-',NULL,3,NULL,NULL,NULL,NULL),
(349,'26-349',1,950.000,0.000,0.000,950.000,950.000,0.000,0.000,0,1,0,25,'2026-03-17','10:55:55',0,1,'-','-',NULL,3,NULL,NULL,NULL,NULL),
(350,'26-350',1,100.000,0.000,0.000,100.000,100.000,0.000,0.000,0,1,0,25,'2026-03-17','11:19:05',0,1,'-','-',NULL,3,NULL,NULL,NULL,NULL),
(351,'26-351',1,300.000,0.000,0.000,300.000,300.000,0.000,0.000,0,1,0,24,'2026-03-17','02:23:02',0,1,'-','-',NULL,3,NULL,NULL,NULL,NULL),
(352,'26-352',1,1985.000,0.000,85.000,1900.000,1900.000,0.000,0.000,0,1,0,24,'2026-03-17','02:36:27',0,1,'-','-',NULL,3,NULL,NULL,NULL,NULL),
(353,'26-353',1,3883.000,0.000,233.000,3650.000,3650.000,0.000,0.000,0,1,0,24,'2026-03-17','02:44:29',0,1,'-','-',NULL,3,NULL,NULL,NULL,NULL),
(354,'26-354',1,1000.000,0.000,0.000,1000.000,1000.000,0.000,0.000,0,1,0,24,'2026-03-17','02:46:55',0,1,'-','-',NULL,3,NULL,NULL,NULL,NULL),
(355,'26-355',1,280.000,0.000,0.000,280.000,280.000,0.000,0.000,0,1,0,24,'2026-03-17','02:50:30',0,1,'-','-',NULL,3,NULL,NULL,NULL,NULL),
(356,'26-356',1,495.000,0.000,0.000,495.000,495.000,0.000,0.000,0,1,0,24,'2026-03-17','02:57:56',0,1,'-','-',NULL,3,NULL,NULL,NULL,NULL),
(357,'26-357',1,450.000,0.000,0.000,450.000,450.000,0.000,0.000,0,1,0,24,'2026-03-17','02:21:23',0,1,'-','-',NULL,3,NULL,NULL,NULL,NULL),
(358,'26-358',1,1750.000,0.000,150.000,1600.000,1600.000,0.000,0.000,0,1,0,25,'2026-03-17','02:23:02',0,1,'-','-',NULL,3,NULL,NULL,NULL,NULL),
(359,'26-359',1,495.000,0.000,0.000,495.000,495.000,0.000,0.000,0,1,0,25,'2026-03-17','02:24:53',0,1,'-','-',NULL,3,NULL,NULL,NULL,NULL),
(360,'26-360',1,2590.000,0.000,0.000,2590.000,2590.000,0.000,0.000,0,1,0,25,'2026-03-17','02:29:08',0,1,'-','-',NULL,3,NULL,NULL,NULL,NULL),
(361,'26-361',1,1195.000,0.000,45.000,1150.000,1150.000,0.000,0.000,0,1,0,25,'2026-03-17','02:53:37',0,1,'-','-',NULL,3,NULL,NULL,NULL,NULL),
(362,'26-362',1,3707.000,0.000,157.000,3550.000,3550.000,0.000,0.000,0,1,0,25,'2026-03-17','02:21:34',0,1,'-','-',NULL,3,NULL,NULL,NULL,NULL),
(363,'26-363',1,398.000,0.000,38.000,360.000,360.000,0.000,0.000,0,1,0,24,'2026-03-17','02:52:31',0,1,'-','-',NULL,3,NULL,NULL,NULL,NULL),
(364,'26-364',1,200.000,0.000,0.000,200.000,200.000,0.000,0.000,0,1,0,24,'2026-03-17','02:59:28',0,1,'-','-',NULL,3,NULL,NULL,NULL,NULL),
(365,'26-365',1,3630.000,0.000,180.000,3450.000,3450.000,0.000,0.000,0,1,0,24,'2026-03-17','02:16:34',0,1,'-','-',NULL,3,NULL,NULL,NULL,NULL),
(366,'26-366',1,935.000,0.000,95.000,840.000,840.000,0.000,0.000,0,1,0,24,'2026-03-17','02:27:46',0,1,'-','-',NULL,3,NULL,NULL,NULL,NULL),
(367,'26-367',1,2000.000,0.000,0.000,2000.000,2000.000,0.000,0.000,0,1,0,24,'2026-03-17','02:31:20',0,1,'-','-',NULL,3,NULL,NULL,NULL,NULL),
(368,'26-368',1,1390.000,0.000,90.000,1300.000,1300.000,0.000,0.000,0,1,0,24,'2026-03-17','02:34:42',0,1,'-','-',NULL,3,NULL,NULL,NULL,NULL),
(369,'26-369',1,100.000,0.000,0.000,100.000,100.000,0.000,0.000,0,1,0,24,'2026-03-17','02:35:19',0,1,'-','-',NULL,3,NULL,NULL,NULL,NULL),
(370,'26-370',1,495.000,0.000,15.000,480.000,480.000,0.000,0.000,0,1,0,24,'2026-03-17','02:00:12',0,1,'-','-',NULL,3,NULL,NULL,NULL,NULL),
(371,'26-371',1,849.000,0.000,49.000,800.000,800.000,0.000,0.000,0,1,0,24,'2026-03-17','02:07:16',0,1,'-','-',NULL,3,NULL,NULL,NULL,NULL),
(372,'26-372',1,495.000,0.000,15.000,480.000,480.000,0.000,0.000,0,1,0,24,'2026-03-17','02:16:47',0,1,'-','-',NULL,3,NULL,NULL,NULL,NULL),
(373,'26-373',1,1500.000,0.000,0.000,1500.000,1500.000,0.000,0.000,0,1,0,24,'2026-03-17','02:17:29',0,1,'-','-',NULL,3,NULL,NULL,NULL,NULL),
(374,'26-374',1,1544.000,0.000,94.000,1450.000,1450.000,0.000,0.000,0,1,0,24,'2026-03-17','02:18:54',0,1,'-','-',NULL,3,NULL,NULL,NULL,NULL),
(375,'26-375',1,500.000,0.000,0.000,500.000,500.000,0.000,0.000,0,1,0,24,'2026-03-17','02:29:39',0,1,'-','-',NULL,3,NULL,NULL,NULL,NULL),
(376,'26-376',1,3910.000,0.000,410.000,3500.000,3500.000,0.000,0.000,0,1,0,24,'2026-03-17','02:34:09',0,1,'-','-',NULL,3,NULL,NULL,NULL,NULL),
(377,'26-377',1,400.000,0.000,0.000,400.000,400.000,0.000,0.000,0,1,0,24,'2026-03-17','02:51:49',0,1,'-','-',NULL,3,NULL,NULL,NULL,NULL),
(378,'26-378',1,1130.000,0.000,80.000,1050.000,1050.000,0.000,0.000,0,1,0,24,'2026-03-18','11:28:36',0,1,'-','-',NULL,3,NULL,NULL,NULL,NULL),
(379,'26-379',1,795.000,0.000,45.000,750.000,750.000,0.000,0.000,0,1,0,24,'2026-03-18','11:20:01',0,1,'-','-',NULL,3,NULL,NULL,NULL,NULL),
(380,'26-380',1,1644.000,0.000,44.000,1600.000,1600.000,0.000,0.000,0,1,0,24,'2026-03-18','11:20:56',0,1,'-','-',NULL,3,NULL,NULL,NULL,NULL),
(381,'26-381',1,3419.000,0.000,169.000,3250.000,3250.000,0.000,0.000,0,1,0,24,'2026-03-18','11:50:45',0,1,'-','-',NULL,3,NULL,NULL,NULL,NULL),
(382,'26-382',1,1330.000,0.000,130.000,1200.000,1200.000,0.000,0.000,0,1,0,24,'2026-03-18','11:41:50',0,1,'-','-',NULL,3,NULL,NULL,NULL,NULL),
(383,'26-383',1,895.000,0.000,105.000,790.000,790.000,0.000,0.000,0,1,0,24,'2026-03-18','11:44:10',0,1,'-','-',NULL,3,NULL,NULL,NULL,NULL),
(384,'26-384',1,2040.000,0.000,290.000,1750.000,1750.000,0.000,0.000,0,1,0,24,'2026-03-18','11:21:58',0,1,'-','-',NULL,3,NULL,NULL,NULL,NULL),
(385,'26-385',1,844.000,0.000,44.000,800.000,800.000,0.000,0.000,0,1,0,24,'2026-03-18','11:25:00',0,1,'-','-',NULL,3,NULL,NULL,NULL,NULL),
(386,'26-386',1,1000.000,0.000,0.000,1000.000,1000.000,0.000,0.000,0,1,0,24,'2026-03-18','11:20:52',0,1,'-','-',NULL,3,NULL,NULL,NULL,NULL),
(387,'26-387',1,330.000,0.000,30.000,300.000,300.000,0.000,0.000,0,1,0,24,'2026-03-18','11:33:30',0,1,'-','-',NULL,3,NULL,NULL,NULL,NULL),
(388,'26-388',1,1000.000,0.000,0.000,1000.000,1000.000,0.000,0.000,0,1,0,24,'2026-03-18','11:39:00',0,1,'-','-',NULL,3,NULL,NULL,NULL,NULL),
(389,'26-389',1,495.000,0.000,0.000,495.000,495.000,0.000,0.000,0,1,0,24,'2026-03-18','11:50:50',0,1,'-','-',NULL,3,NULL,NULL,NULL,NULL),
(390,'26-390',1,1195.000,0.000,45.000,1150.000,1150.000,0.000,0.000,0,1,0,24,'2026-03-18','11:54:22',0,1,'-','-',NULL,3,NULL,NULL,NULL,NULL),
(391,'26-391',1,795.000,0.000,45.000,750.000,750.000,0.000,0.000,0,1,0,24,'2026-03-18','12:19:31',0,1,'-','-',NULL,3,NULL,NULL,NULL,NULL),
(392,'26-392',1,980.000,0.000,30.000,950.000,950.000,0.000,0.000,0,1,0,24,'2026-03-18','11:44:13',0,1,'-','-',NULL,3,NULL,NULL,NULL,NULL),
(393,'26-393',1,1985.000,0.000,105.000,1880.000,1880.000,0.000,0.000,0,1,0,24,'2026-03-18','12:07:32',0,1,'-','-',NULL,3,NULL,NULL,NULL,NULL),
(394,'26-394',1,1671.000,0.000,91.000,1580.000,1580.000,0.000,0.000,0,1,0,24,'2026-03-18','12:11:41',0,1,'-','-',NULL,3,NULL,NULL,NULL,NULL),
(395,'26-395',1,1860.000,0.000,0.000,1860.000,1860.000,0.000,0.000,0,1,0,24,'2026-03-18','11:24:42',0,1,'-','-',NULL,3,NULL,NULL,NULL,NULL),
(396,'26-396',1,400.000,0.000,0.000,400.000,400.000,0.000,0.000,0,1,0,24,'2026-03-18','11:26:30',0,1,'-','-',NULL,3,NULL,NULL,NULL,NULL),
(397,'26-397',1,849.000,0.000,49.000,800.000,800.000,0.000,0.000,0,1,0,24,'2026-03-18','11:32:03',0,1,'-','-',NULL,3,NULL,NULL,NULL,NULL),
(398,'26-398',1,2839.000,0.000,139.000,2700.000,2700.000,0.000,0.000,0,1,0,24,'2026-03-18','11:40:40',0,1,'-','-',NULL,3,NULL,NULL,NULL,NULL),
(399,'26-399',1,1000.000,0.000,0.000,1000.000,1000.000,0.000,0.000,0,1,0,24,'2026-03-18','11:45:19',0,1,'-','-',NULL,3,NULL,NULL,NULL,NULL),
(400,'26-400',1,1985.000,0.000,85.000,1900.000,1900.000,0.000,0.000,0,1,0,24,'2026-03-18','12:01:37',0,1,'-','-',NULL,3,NULL,NULL,NULL,NULL),
(401,'26-401',1,3385.000,0.000,135.000,3250.000,3250.000,0.000,0.000,0,1,0,24,'2026-03-18','11:27:32',0,1,'-','-',NULL,3,NULL,NULL,NULL,NULL),
(402,'26-402',1,1490.000,0.000,90.000,1400.000,1400.000,0.000,0.000,0,1,0,24,'2026-03-18','11:30:39',0,1,'-','-',NULL,3,NULL,NULL,NULL,NULL),
(403,'26-403',1,1190.000,0.000,0.000,1190.000,1190.000,0.000,0.000,0,1,0,24,'2026-03-18','11:45:25',0,1,'-','-',NULL,3,NULL,NULL,NULL,NULL),
(404,'26-404',1,995.000,0.000,95.000,900.000,900.000,0.000,0.000,0,1,0,24,'2026-03-19','12:19:52',0,1,'-','-',NULL,3,NULL,NULL,NULL,NULL),
(405,'26-405',1,2385.000,0.000,135.000,2250.000,2250.000,0.000,0.000,0,1,0,24,'2026-03-19','12:22:17',0,1,'-','-',NULL,3,NULL,NULL,NULL,NULL),
(406,'26-406',1,795.000,0.000,45.000,750.000,750.000,0.000,0.000,0,1,0,24,'2026-03-19','12:06:23',0,1,'-','-',NULL,3,NULL,NULL,NULL,NULL),
(407,'26-407',1,449.000,0.000,19.000,430.000,430.000,0.000,0.000,0,1,0,24,'2026-03-19','12:12:58',0,1,'-','-',NULL,3,NULL,NULL,NULL,NULL),
(408,'26-408',1,430.000,0.000,30.000,400.000,400.000,0.000,0.000,0,1,0,24,'2026-03-19','12:44:56',0,1,'-','-',NULL,3,NULL,NULL,NULL,NULL),
(409,'26-409',1,695.000,0.000,95.000,600.000,600.000,0.000,0.000,0,1,0,24,'2026-03-19','12:46:40',0,1,'-','-',NULL,3,NULL,NULL,NULL,NULL),
(410,'26-410',1,430.000,0.000,30.000,400.000,400.000,0.000,0.000,0,1,0,24,'2026-03-19','12:50:36',0,1,'-','-',NULL,3,NULL,NULL,NULL,NULL),
(411,'26-411',1,2239.000,0.000,139.000,2100.000,2100.000,0.000,0.000,0,1,0,24,'2026-03-19','12:54:04',0,1,'-','-',NULL,3,NULL,NULL,NULL,NULL),
(412,'26-412',1,895.000,0.000,95.000,800.000,800.000,0.000,0.000,0,1,0,24,'2026-03-19','12:00:51',0,1,'-','-',NULL,3,NULL,NULL,NULL,NULL),
(413,'26-413',1,745.000,0.000,45.000,700.000,700.000,0.000,0.000,0,1,0,24,'2026-03-19','12:01:46',0,1,'-','-',NULL,3,NULL,NULL,NULL,NULL),
(414,'26-414',1,600.000,0.000,0.000,600.000,600.000,0.000,0.000,0,1,0,24,'2026-03-19','12:07:28',0,1,'-','-',NULL,3,NULL,NULL,NULL,NULL),
(415,'26-415',1,1345.000,0.000,95.000,1250.000,1250.000,0.000,0.000,0,1,0,24,'2026-03-19','12:08:56',0,1,'-','-',NULL,3,NULL,NULL,NULL,NULL),
(416,'26-416',1,1000.000,0.000,0.000,1000.000,1000.000,0.000,0.000,0,1,0,24,'2026-03-19','12:15:44',0,1,'-','-',NULL,3,NULL,NULL,NULL,NULL),
(417,'26-417',1,1000.000,0.000,0.000,1000.000,1000.000,0.000,0.000,0,1,0,24,'2026-03-19','12:06:22',0,1,'-','-',NULL,3,NULL,NULL,NULL,NULL),
(418,'26-418',1,635.000,0.000,35.000,600.000,600.000,0.000,0.000,0,1,0,24,'2026-03-19','12:01:10',0,1,'-','-',NULL,3,NULL,NULL,NULL,NULL),
(419,'26-419',1,2665.000,0.000,285.000,2380.000,2380.000,0.000,0.000,0,1,0,24,'2026-03-19','12:03:04',0,1,'-','-',NULL,3,NULL,NULL,NULL,NULL),
(420,'26-420',1,990.000,0.000,390.000,600.000,600.000,0.000,0.000,0,1,0,24,'2026-03-19','12:06:32',0,1,'-','-',NULL,3,NULL,NULL,NULL,NULL),
(421,'26-421',1,849.000,0.000,49.000,800.000,800.000,0.000,0.000,0,1,0,24,'2026-03-19','12:18:05',0,1,'-','-',NULL,3,NULL,NULL,NULL,NULL),
(422,'26-422',1,1025.000,0.000,45.000,980.000,980.000,0.000,0.000,0,1,0,24,'2026-03-19','12:33:02',0,1,'-','-',NULL,3,NULL,NULL,NULL,NULL),
(423,'26-423',1,250.000,0.000,0.000,250.000,250.000,0.000,0.000,0,1,0,24,'2026-03-19','12:49:42',0,1,'-','-',NULL,3,NULL,NULL,NULL,NULL),
(424,'26-424',1,510.000,0.000,10.000,500.000,500.000,0.000,0.000,0,1,0,24,'2026-03-19','12:56:03',0,1,'-','-',NULL,3,NULL,NULL,NULL,NULL),
(425,'26-425',1,250.000,0.000,0.000,250.000,250.000,0.000,0.000,0,1,0,24,'2026-03-19','12:04:04',0,1,'-','-',NULL,3,NULL,NULL,NULL,NULL),
(426,'26-426',1,1745.000,0.000,75.000,1670.000,1670.000,0.000,0.000,0,1,0,24,'2026-03-19','12:14:59',0,1,'-','-',NULL,3,NULL,NULL,NULL,NULL),
(427,'26-427',1,2185.000,0.000,185.000,2000.000,2000.000,0.000,0.000,0,1,0,24,'2026-03-19','12:23:31',0,1,'-','-',NULL,3,NULL,NULL,NULL,NULL),
(428,'26-428',1,395.000,0.000,25.000,370.000,370.000,0.000,0.000,0,1,0,24,'2026-03-19','12:39:17',0,1,'-','-',NULL,3,NULL,NULL,NULL,NULL),
(429,'26-429',1,795.000,0.000,45.000,750.000,750.000,0.000,0.000,0,1,0,24,'2026-03-19','12:01:19',0,1,'-','-',NULL,3,NULL,NULL,NULL,NULL),
(430,'26-430',1,4032.000,0.000,182.000,3850.000,3850.000,0.000,0.000,0,1,0,24,'2026-03-19','12:15:10',0,1,'-','-',NULL,3,NULL,NULL,NULL,NULL),
(431,'26-431',1,100.000,0.000,0.000,100.000,100.000,0.000,0.000,0,1,0,25,'2026-03-19','12:00:23',0,1,'-','-',NULL,3,NULL,NULL,NULL,NULL),
(432,'26-432',1,1824.000,0.000,144.000,1680.000,1680.000,0.000,0.000,0,1,0,25,'2026-03-19','12:15:00',0,1,'-','-',NULL,3,NULL,NULL,NULL,NULL),
(433,'26-433',1,1000.000,0.000,0.000,1000.000,1000.000,0.000,0.000,0,1,0,25,'2026-03-19','12:15:36',0,1,'-','-',NULL,3,NULL,NULL,NULL,NULL),
(434,'26-434',1,795.000,0.000,115.000,680.000,680.000,0.000,0.000,0,1,0,25,'2026-03-19','12:22:59',0,1,'-','-',NULL,3,NULL,NULL,NULL,NULL),
(435,'26-435',1,200.000,0.000,0.000,200.000,200.000,0.000,0.000,0,1,0,25,'2026-03-19','12:35:27',0,1,'-','-',NULL,3,NULL,NULL,NULL,NULL),
(436,'26-436',1,880.000,0.000,30.000,850.000,850.000,0.000,0.000,0,1,0,25,'2026-03-19','12:41:50',0,1,'-','-',NULL,3,NULL,NULL,NULL,NULL),
(437,'26-437',1,130.000,0.000,0.000,130.000,130.000,0.000,0.000,0,1,0,25,'2026-03-19','12:42:19',0,1,'-','-',NULL,3,NULL,NULL,NULL,NULL),
(438,'26-438',1,420.000,0.000,0.000,420.000,420.000,0.000,0.000,0,1,0,24,'2026-03-19','12:50:04',0,1,'-','-',NULL,3,NULL,NULL,NULL,NULL),
(439,'26-439',1,1490.000,0.000,90.000,1400.000,1400.000,0.000,0.000,0,1,0,24,'2026-03-19','12:54:18',0,1,'-','-',NULL,3,NULL,NULL,NULL,NULL),
(440,'26-440',1,1000.000,0.000,0.000,1000.000,1000.000,0.000,0.000,0,1,0,24,'2026-03-19','12:54:48',0,1,'-','-',NULL,3,NULL,NULL,NULL,NULL),
(441,'26-441',1,395.000,0.000,25.000,370.000,370.000,0.000,0.000,0,1,0,24,'2026-03-19','12:59:20',0,1,'-','-',NULL,3,NULL,NULL,NULL,NULL),
(442,'26-442',1,1395.000,0.000,45.000,1350.000,1350.000,0.000,0.000,0,1,0,24,'2026-03-19','12:13:55',0,1,'-','-',NULL,3,NULL,NULL,NULL,NULL),
(443,'26-443',1,500.000,0.000,0.000,500.000,500.000,0.000,0.000,0,1,0,24,'2026-03-19','12:21:43',0,1,'-','-',NULL,3,NULL,NULL,NULL,NULL),
(444,'26-444',1,250.000,0.000,0.000,250.000,250.000,0.000,0.000,0,1,0,24,'2026-03-19','12:22:40',0,1,'-','-',NULL,3,NULL,NULL,NULL,NULL),
(445,'26-445',1,495.000,0.000,0.000,495.000,495.000,0.000,0.000,0,1,0,24,'2026-03-19','12:52:46',0,1,'-','-',NULL,3,NULL,NULL,NULL,NULL),
(446,'26-446',1,4055.000,0.000,205.000,3850.000,3850.000,0.000,0.000,0,1,0,24,'2026-03-19','12:15:51',0,1,'-','-',NULL,3,NULL,NULL,NULL,NULL),
(447,'26-447',1,1400.000,0.000,0.000,1400.000,1400.000,0.000,0.000,0,1,0,24,'2026-03-19','12:37:49',0,1,'-','-',NULL,3,NULL,NULL,NULL,NULL),
(448,'26-448',1,157.000,0.000,0.000,157.000,157.000,0.000,0.000,0,1,0,24,'2026-03-19','12:42:18',0,1,'-','-',NULL,3,NULL,NULL,NULL,NULL),
(449,'26-449',1,1758.000,0.000,108.000,1650.000,1650.000,0.000,0.000,0,1,0,24,'2026-03-20','10:10:22',0,1,'-','-',NULL,3,NULL,NULL,NULL,NULL),
(450,'26-450',1,500.000,0.000,0.000,500.000,500.000,0.000,0.000,0,1,0,24,'2026-03-20','10:26:41',0,1,'-','-',NULL,3,NULL,NULL,NULL,NULL),
(451,'26-451',1,945.000,0.000,45.000,900.000,900.000,0.000,0.000,0,1,0,25,'2026-03-20','10:52:50',0,1,'-','-',NULL,3,NULL,NULL,NULL,NULL),
(452,'26-452',1,600.000,0.000,0.000,600.000,600.000,0.000,0.000,0,1,0,25,'2026-03-20','10:53:34',0,1,'-','-',NULL,3,NULL,NULL,NULL,NULL),
(453,'26-453',1,500.000,0.000,0.000,500.000,500.000,0.000,0.000,0,1,0,25,'2026-03-20','10:54:45',0,1,'-','-',NULL,3,NULL,NULL,NULL,NULL),
(454,'26-454',1,2300.000,0.000,0.000,2300.000,2300.000,0.000,0.000,0,1,0,25,'2026-03-20','10:59:18',0,1,'-','-',NULL,3,NULL,NULL,NULL,NULL),
(455,'26-455',1,1000.000,0.000,0.000,1000.000,1000.000,0.000,0.000,0,1,0,24,'2026-03-20','10:34:26',0,1,'-','-',NULL,3,NULL,NULL,NULL,NULL),
(456,'26-456',1,4435.000,0.000,235.000,4200.000,4200.000,0.000,0.000,0,1,0,24,'2026-03-20','10:17:14',0,1,'-','-',NULL,3,NULL,NULL,NULL,NULL),
(457,'26-457',1,1490.000,0.000,210.000,1280.000,1280.000,0.000,0.000,0,1,0,24,'2026-03-20','10:18:45',0,1,'-','-',NULL,3,NULL,NULL,NULL,NULL),
(458,'26-458',1,400.000,0.000,0.000,400.000,400.000,0.000,0.000,0,1,0,24,'2026-03-20','10:24:55',0,1,'-','-',NULL,3,NULL,NULL,NULL,NULL),
(459,'26-459',1,995.000,0.000,95.000,900.000,900.000,0.000,0.000,0,1,0,24,'2026-03-20','10:25:53',0,1,'-','-',NULL,3,NULL,NULL,NULL,NULL),
(460,'26-460',1,500.000,0.000,0.000,500.000,500.000,0.000,0.000,0,1,0,24,'2026-03-20','10:28:14',0,1,'-','-',NULL,3,NULL,NULL,NULL,NULL),
(461,'26-461',1,1745.000,0.000,245.000,1500.000,1500.000,0.000,0.000,0,1,0,24,'2026-03-20','10:47:22',0,1,'-','-',NULL,3,NULL,NULL,NULL,NULL),
(462,'26-462',1,1485.000,0.000,45.000,1440.000,1440.000,0.000,0.000,0,1,0,24,'2026-03-20','10:51:29',0,1,'-','-',NULL,3,NULL,NULL,NULL,NULL),
(463,'26-463',1,795.000,0.000,45.000,750.000,750.000,0.000,0.000,0,1,0,24,'2026-03-20','10:54:08',0,1,'-','-',NULL,3,NULL,NULL,NULL,NULL),
(464,'26-464',1,1344.000,0.000,64.000,1280.000,1280.000,0.000,0.000,0,1,0,24,'2026-03-20','10:56:38',0,1,'-','-',NULL,3,NULL,NULL,NULL,NULL),
(465,'26-465',1,1590.000,0.000,190.000,1400.000,1400.000,0.000,0.000,0,1,0,24,'2026-03-20','11:03:15',0,1,'-','-',NULL,3,NULL,NULL,NULL,NULL),
(466,'26-466',1,1590.000,0.000,90.000,1500.000,1500.000,0.000,0.000,0,1,0,24,'2026-03-20','10:26:39',0,1,'-','-',NULL,3,NULL,NULL,NULL,NULL),
(467,'26-467',1,995.000,0.000,45.000,950.000,950.000,0.000,0.000,0,1,0,24,'2026-03-20','10:28:00',0,1,'-','-',NULL,3,NULL,NULL,NULL,NULL),
(468,'26-468',1,1000.000,0.000,45.000,955.000,955.000,0.000,0.000,0,1,0,24,'2026-03-20','10:16:09',0,1,'-','-',NULL,3,NULL,NULL,NULL,NULL),
(469,'26-469',1,2790.000,0.000,190.000,2600.000,2600.000,0.000,0.000,0,1,0,24,'2026-03-20','10:18:53',0,1,'-','-',NULL,3,NULL,NULL,NULL,NULL),
(470,'26-470',1,1690.000,0.000,190.000,1500.000,1500.000,0.000,0.000,0,1,0,24,'2026-03-20','10:11:21',0,1,'-','-',NULL,3,NULL,NULL,NULL,NULL),
(471,'26-471',1,1794.000,0.000,194.000,1600.000,1600.000,0.000,0.000,0,1,0,24,'2026-03-20','10:17:42',0,1,'-','-',NULL,3,NULL,NULL,NULL,NULL),
(472,'26-472',1,1180.000,0.000,0.000,1180.000,1180.000,0.000,0.000,0,1,0,24,'2026-03-20','10:37:38',0,1,'-','-',NULL,3,NULL,NULL,NULL,NULL),
(473,'26-473',1,1940.000,0.000,90.000,1850.000,1850.000,0.000,0.000,0,1,0,24,'2026-03-20','10:09:12',0,1,'-','-',NULL,3,NULL,NULL,NULL,NULL),
(474,'26-474',1,499.000,0.000,0.000,499.000,499.000,0.000,0.000,0,1,0,24,'2026-03-20','10:11:19',0,1,'-','-',NULL,3,NULL,NULL,NULL,NULL),
(475,'26-475',1,1590.000,0.000,90.000,1500.000,1500.000,0.000,0.000,0,1,0,24,'2026-03-20','10:41:44',0,1,'-','-',NULL,3,NULL,NULL,NULL,NULL),
(476,'26-476',1,695.000,0.000,125.000,570.000,570.000,0.000,0.000,0,1,0,24,'2026-03-20','10:43:40',0,1,'-','-',NULL,3,NULL,NULL,NULL,NULL),
(477,'26-477',1,1125.000,0.000,75.000,1050.000,1050.000,0.000,0.000,0,1,0,24,'2026-03-20','10:46:28',0,1,'-','-',NULL,3,NULL,NULL,NULL,NULL),
(478,'26-478',1,849.000,0.000,49.000,800.000,800.000,0.000,0.000,0,1,0,24,'2026-03-20','10:59:13',0,1,'-','-',NULL,3,NULL,NULL,NULL,NULL),
(479,'26-479',1,1249.000,0.000,49.000,1200.000,1200.000,0.000,0.000,0,1,0,24,'2026-03-20','10:25:46',0,1,'-','-',NULL,3,NULL,NULL,NULL,NULL),
(480,'26-480',1,4267.000,0.000,267.000,4000.000,4000.000,0.000,0.000,0,1,0,24,'2026-03-20','10:28:42',0,1,'-','-',NULL,3,NULL,NULL,NULL,NULL),
(481,'26-481',1,1600.000,0.000,0.000,1600.000,1600.000,0.000,0.000,0,1,0,24,'2026-03-21','10:11:33',0,1,'-','-',NULL,3,NULL,NULL,NULL,NULL),
(482,'26-482',1,2594.000,0.000,194.000,2400.000,2400.000,0.000,0.000,0,1,0,24,'2026-03-21','10:13:54',0,1,'-','-',NULL,3,NULL,NULL,NULL,NULL),
(483,'26-483',1,200.000,0.000,0.000,200.000,200.000,0.000,0.000,0,1,0,24,'2026-03-21','10:14:31',0,1,'-','-',NULL,3,NULL,NULL,NULL,NULL),
(484,'26-484',1,1500.000,0.000,0.000,1500.000,1500.000,0.000,0.000,0,1,0,24,'2026-03-21','10:15:53',0,1,'-','-',NULL,3,NULL,NULL,NULL,NULL),
(485,'26-485',1,1795.000,0.000,45.000,1750.000,1750.000,0.000,0.000,0,1,0,24,'2026-03-21','10:27:56',0,1,'-','-',NULL,3,NULL,NULL,NULL,NULL),
(486,'26-486',1,795.000,0.000,45.000,750.000,750.000,0.000,0.000,0,1,0,24,'2026-03-21','10:27:13',0,1,'-','-',NULL,3,NULL,NULL,NULL,NULL),
(487,'26-487',1,1000.000,0.000,0.000,1000.000,1000.000,0.000,0.000,0,1,0,24,'2026-03-21','10:32:11',0,1,'-','-',NULL,3,NULL,NULL,NULL,NULL),
(488,'26-488',1,795.000,0.000,45.000,750.000,750.000,0.000,0.000,0,1,0,24,'2026-03-21','10:33:36',0,1,'-','-',NULL,3,NULL,NULL,NULL,NULL),
(489,'26-489',1,3007.000,0.000,137.000,2870.000,2870.000,0.000,0.000,0,1,0,24,'2026-03-21','10:35:44',0,1,'-','-',NULL,3,NULL,NULL,NULL,NULL),
(490,'26-490',1,200.000,0.000,0.000,200.000,200.000,0.000,0.000,0,1,0,24,'2026-03-21','10:12:50',0,1,'-','-',NULL,3,NULL,NULL,NULL,NULL),
(491,'26-491',1,844.000,0.000,94.000,750.000,750.000,0.000,0.000,0,1,0,24,'2026-03-21','10:23:44',0,1,'-','-',NULL,3,NULL,NULL,NULL,NULL),
(492,'26-492',1,6417.000,0.000,217.000,6200.000,6200.000,0.000,0.000,0,1,0,24,'2026-03-21','10:50:59',0,1,'-','-',NULL,3,NULL,NULL,NULL,NULL),
(493,'26-493',1,695.000,0.000,115.000,580.000,580.000,0.000,0.000,0,1,0,24,'2026-03-21','10:51:13',0,1,'-','-',NULL,3,NULL,NULL,NULL,NULL),
(494,'26-494',1,150.000,0.000,0.000,150.000,150.000,0.000,0.000,0,1,0,24,'2026-03-21','10:53:10',0,1,'-','-',NULL,3,NULL,NULL,NULL,NULL),
(495,'26-495',1,1395.000,0.000,95.000,1300.000,1300.000,0.000,0.000,0,1,0,24,'2026-03-21','11:07:00',0,1,'-','-',NULL,3,NULL,NULL,NULL,NULL),
(496,'26-496',1,1160.000,0.000,60.000,1100.000,1100.000,0.000,0.000,0,1,0,24,'2026-03-21','10:39:17',0,1,'-','-',NULL,3,NULL,NULL,NULL,NULL),
(497,'26-497',1,795.000,0.000,45.000,750.000,750.000,0.000,0.000,0,1,0,24,'2026-03-21','10:49:45',0,1,'-','-',NULL,3,NULL,NULL,NULL,NULL),
(498,'26-498',1,500.000,0.000,0.000,500.000,500.000,0.000,0.000,0,1,0,24,'2026-03-21','10:14:38',0,1,'-','-',NULL,3,NULL,NULL,NULL,NULL),
(499,'26-499',1,500.000,0.000,0.000,500.000,500.000,0.000,0.000,0,1,0,24,'2026-03-21','10:18:05',0,1,'-','-',NULL,3,NULL,NULL,NULL,NULL),
(500,'26-500',1,1430.000,0.000,30.000,1400.000,1400.000,0.000,0.000,0,1,0,24,'2026-03-21','10:11:29',0,1,'-','-',NULL,3,NULL,NULL,NULL,NULL),
(501,'26-501',1,1000.000,0.000,0.000,1000.000,1000.000,0.000,0.000,0,1,0,24,'2026-03-21','10:12:11',0,1,'-','-',NULL,3,NULL,NULL,NULL,NULL),
(502,'26-502',1,1900.000,0.000,0.000,1900.000,1900.000,0.000,0.000,0,1,0,24,'2026-03-21','10:18:56',0,1,'-','-',NULL,3,NULL,NULL,NULL,NULL),
(503,'26-503',1,500.000,0.000,0.000,500.000,500.000,0.000,0.000,0,1,0,24,'2026-03-21','10:12:43',0,1,'-','-',NULL,3,NULL,NULL,NULL,NULL),
(504,'26-504',1,4250.000,0.000,150.000,4100.000,4100.000,0.000,0.000,0,1,0,24,'2026-03-21','10:15:44',0,1,'-','-',NULL,3,NULL,NULL,NULL,NULL),
(505,'26-505',1,1500.000,0.000,0.000,1500.000,1500.000,0.000,0.000,0,1,0,24,'2026-03-21','10:32:29',0,1,'-','-',NULL,3,NULL,NULL,NULL,NULL),
(506,'26-506',1,495.000,0.000,15.000,480.000,480.000,0.000,0.000,0,1,0,24,'2026-03-21','10:47:31',0,1,'-','-',NULL,3,NULL,NULL,NULL,NULL),
(507,'26-507',1,500.000,0.000,0.000,500.000,500.000,0.000,0.000,0,1,0,24,'2026-03-21','10:12:32',0,1,'-','-',NULL,3,NULL,NULL,NULL,NULL),
(508,'26-508',1,600.000,0.000,0.000,600.000,600.000,0.000,0.000,0,1,0,24,'2026-03-21','10:20:46',0,1,'-','-',NULL,3,NULL,NULL,NULL,NULL),
(509,'26-509',1,1065.000,0.000,0.000,1065.000,1065.000,0.000,0.000,0,1,0,24,'2026-03-21','10:24:38',0,1,'-','-',NULL,3,NULL,NULL,NULL,NULL),
(510,'26-510',1,500.000,0.000,0.000,500.000,500.000,0.000,0.000,0,1,0,24,'2026-03-21','10:34:14',0,1,'-','-',NULL,3,NULL,NULL,NULL,NULL),
(511,'26-511',1,1374.000,0.000,74.000,1300.000,1300.000,0.000,0.000,0,1,0,24,'2026-03-21','10:58:46',0,1,'-','-',NULL,3,NULL,NULL,NULL,NULL),
(512,'26-512',1,1445.000,0.000,95.000,1350.000,1350.000,0.000,0.000,0,1,0,24,'2026-03-21','11:10:04',0,1,'-','-',NULL,3,NULL,NULL,NULL,NULL),
(513,'26-513',1,895.000,0.000,145.000,750.000,750.000,0.000,0.000,0,1,0,24,'2026-03-21','10:20:55',0,1,'-','-',NULL,3,NULL,NULL,NULL,NULL),
(514,'26-514',1,1430.000,0.000,30.000,1400.000,1400.000,0.000,0.000,0,1,0,24,'2026-03-21','10:49:58',0,1,'-','-',NULL,3,NULL,NULL,NULL,NULL),
(515,'26-515',1,1000.000,0.000,0.000,1000.000,1000.000,0.000,0.000,0,1,0,24,'2026-03-21','10:59:27',0,1,'-','-',NULL,3,NULL,NULL,NULL,NULL),
(516,'26-516',1,1325.000,0.000,125.000,1200.000,1200.000,0.000,0.000,0,1,0,24,'2026-03-21','11:02:59',0,1,'-','-',NULL,3,NULL,NULL,NULL,NULL),
(517,'26-517',1,500.000,0.000,0.000,500.000,500.000,0.000,0.000,0,1,0,24,'2026-03-21','11:04:37',0,1,'-','-',NULL,3,NULL,NULL,NULL,NULL),
(518,'26-518',1,1790.000,0.000,90.000,1700.000,1700.000,0.000,0.000,0,1,0,24,'2026-03-21','10:35:33',0,1,'-','-',NULL,3,NULL,NULL,NULL,NULL),
(519,'26-519',1,1000.000,0.000,0.000,1000.000,1000.000,0.000,0.000,0,1,0,24,'2026-03-21','10:36:53',0,1,'-','-',NULL,3,NULL,NULL,NULL,NULL),
(520,'26-520',1,500.000,0.000,0.000,500.000,500.000,0.000,0.000,0,1,0,24,'2026-03-21','10:52:34',0,1,'-','-',NULL,3,NULL,NULL,NULL,NULL),
(521,'26-521',1,1940.000,0.000,0.000,1940.000,1940.000,0.000,0.000,0,1,0,24,'2026-03-21','11:07:04',0,1,'-','-',NULL,3,NULL,NULL,NULL,NULL),
(522,'26-522',1,1521.000,0.000,71.000,1450.000,1450.000,0.000,0.000,0,1,0,24,'2026-03-21','10:30:06',0,1,'-','-',NULL,3,NULL,NULL,NULL,NULL),
(523,'26-523',1,400.000,0.000,0.000,400.000,400.000,0.000,0.000,0,1,0,24,'2026-03-21','10:31:28',0,1,'-','-',NULL,3,NULL,NULL,NULL,NULL),
(524,'26-524',1,1100.000,0.000,0.000,1100.000,1100.000,0.000,0.000,0,1,0,24,'2026-03-21','10:37:16',0,1,'-','-',NULL,3,NULL,NULL,NULL,NULL),
(525,'26-525',1,150.000,0.000,0.000,150.000,150.000,0.000,0.000,0,1,0,24,'2026-03-21','10:38:44',0,1,'-','-',NULL,3,NULL,NULL,NULL,NULL),
(526,'26-526',1,1000.000,0.000,0.000,1000.000,1000.000,0.000,0.000,0,1,0,24,'2026-03-21','10:40:45',0,1,'-','-',NULL,3,NULL,NULL,NULL,NULL),
(527,'26-527',1,3925.000,0.000,125.000,3800.000,3800.000,0.000,0.000,0,1,0,24,'2026-03-21','10:55:38',0,1,'-','-',NULL,3,NULL,NULL,NULL,NULL),
(528,'26-528',1,795.000,0.000,45.000,750.000,750.000,0.000,0.000,0,1,0,24,'2026-03-21','10:56:59',0,1,'-','-',NULL,3,NULL,NULL,NULL,NULL),
(529,'26-529',1,795.000,0.000,45.000,750.000,750.000,0.000,0.000,0,1,0,24,'2026-03-21','10:58:15',0,1,'-','-',NULL,3,NULL,NULL,NULL,NULL),
(530,'26-530',1,3585.000,0.000,85.000,3500.000,3500.000,0.000,0.000,0,1,0,24,'2026-03-21','11:05:22',0,1,'-','-',NULL,3,NULL,NULL,NULL,NULL),
(531,'26-531',1,995.000,0.000,0.000,995.000,995.000,0.000,0.000,0,1,0,24,'2026-03-21','11:07:23',0,1,'-','-',NULL,3,NULL,NULL,NULL,NULL),
(532,'26-532',1,1030.000,0.000,30.000,1000.000,1000.000,0.000,0.000,0,1,0,24,'2026-03-21','11:07:57',0,1,'-','-',NULL,3,NULL,NULL,NULL,NULL),
(533,'26-533',1,500.000,0.000,0.000,500.000,500.000,0.000,0.000,0,1,0,24,'2026-03-21','10:20:25',0,1,'-','-',NULL,3,NULL,NULL,NULL,NULL),
(534,'26-534',1,1000.000,0.000,0.000,1000.000,1000.000,0.000,0.000,0,1,0,24,'2026-03-21','10:36:27',0,1,'-','-',NULL,3,NULL,NULL,NULL,NULL),
(535,'26-535',1,550.000,0.000,0.000,550.000,550.000,0.000,0.000,0,1,0,24,'2026-03-21','11:01:15',0,1,'-','-',NULL,3,NULL,NULL,NULL,NULL),
(536,'26-536',1,1100.000,0.000,50.000,1050.000,1050.000,0.000,0.000,0,1,0,24,'2026-03-22','10:42:44',0,1,'-','-',NULL,3,NULL,NULL,NULL,NULL),
(537,'26-537',1,900.000,0.000,0.000,900.000,900.000,0.000,0.000,0,1,0,24,'2026-03-22','10:24:22',0,1,'-','-',NULL,3,NULL,NULL,NULL,4),
(538,'26-538',1,100.000,0.000,0.000,100.000,100.000,0.000,0.000,0,1,0,24,'2026-03-22','10:27:35',0,1,'-','-',NULL,3,NULL,NULL,NULL,4),
(539,'26-539',1,1745.000,0.000,145.000,1600.000,1600.000,0.000,0.000,0,1,0,24,'2026-03-22','10:34:24',0,1,'-','-',NULL,3,NULL,NULL,NULL,3),
(540,'26-540',1,600.000,0.000,60.000,540.000,540.000,0.000,0.000,0,1,0,24,'2026-03-22','10:38:52',0,1,'-','-',NULL,3,NULL,NULL,NULL,5),
(541,'26-541',1,1999.000,0.000,199.000,1800.000,1800.000,0.000,0.000,0,1,0,24,'2026-03-22','10:55:03',0,1,'-','-',NULL,3,NULL,NULL,NULL,5),
(542,'26-542',1,1355.000,0.000,105.000,1250.000,1250.000,0.000,0.000,0,1,0,24,'2026-03-22','10:41:59',0,1,'-','-',NULL,3,NULL,NULL,NULL,3),
(543,'26-543',1,7645.000,0.000,1870.000,5775.000,5775.000,0.000,0.000,0,1,0,24,'2026-03-22','10:44:38',0,1,'-','-',NULL,3,NULL,NULL,NULL,NULL),
(544,'26-544',1,600.000,0.000,30.000,570.000,570.000,0.000,0.000,0,1,0,24,'2026-03-22','10:23:21',0,1,'-','-',NULL,3,NULL,NULL,NULL,NULL),
(545,'26-545',1,495.000,0.000,0.000,495.000,495.000,0.000,0.000,0,1,0,24,'2026-03-22','10:24:09',0,1,'-','-',NULL,3,NULL,NULL,NULL,NULL),
(546,'26-546',1,500.000,0.000,0.000,500.000,500.000,0.000,0.000,0,1,0,24,'2026-03-22','10:22:40',0,1,'-','-',NULL,3,NULL,NULL,NULL,NULL),
(547,'26-547',1,995.000,0.000,5.000,990.000,990.000,0.000,0.000,0,1,0,24,'2026-03-22','10:44:33',0,1,'-','-',NULL,3,NULL,NULL,NULL,NULL),
(548,'26-548',1,580.000,0.000,40.000,540.000,540.000,0.000,0.000,0,1,0,24,'2026-03-22','11:11:54',0,1,'-','-',NULL,3,NULL,NULL,NULL,NULL),
(549,'26-549',1,1100.000,0.000,0.000,1100.000,1100.000,0.000,0.000,0,1,0,24,'2026-03-22','11:17:09',0,1,'-','-',NULL,3,NULL,NULL,NULL,NULL),
(550,'26-550',1,495.000,0.000,5.000,490.000,490.000,0.000,0.000,0,1,0,24,'2026-03-22','10:29:12',0,1,'-','-',NULL,3,NULL,NULL,NULL,NULL),
(551,'26-551',1,50.000,0.000,0.000,50.000,50.000,0.000,0.000,0,1,0,24,'2026-03-22','10:30:51',0,1,'-','-',NULL,3,NULL,NULL,NULL,NULL),
(552,'26-552',1,500.000,0.000,0.000,500.000,500.000,0.000,0.000,0,1,0,24,'2026-03-22','10:24:11',0,1,'-','-',NULL,3,NULL,NULL,NULL,NULL),
(553,'26-553',1,500.000,0.000,0.000,500.000,500.000,0.000,0.000,0,1,0,24,'2026-03-22','10:21:54',0,1,'-','-',NULL,3,NULL,NULL,NULL,NULL),
(554,'26-554',1,495.000,0.000,0.000,495.000,495.000,0.000,0.000,0,1,0,24,'2026-03-22','10:59:49',0,1,'-','-',NULL,3,NULL,NULL,NULL,NULL),
(555,'26-555',1,2360.000,0.000,0.000,2360.000,2360.000,0.000,0.000,0,1,0,24,'2026-03-22','11:05:14',0,1,'-','-',NULL,3,NULL,NULL,NULL,NULL),
(556,'26-556',1,500.000,0.000,0.000,500.000,500.000,0.000,0.000,0,1,0,24,'2026-03-22','10:22:19',0,1,'-','-',NULL,3,NULL,NULL,NULL,NULL),
(557,'26-557',1,2290.000,0.000,130.000,2160.000,2160.000,0.000,0.000,0,1,0,24,'2026-03-22','10:56:29',0,1,'-','-',NULL,3,NULL,NULL,NULL,NULL),
(558,'26-558',1,500.000,0.000,0.000,500.000,500.000,0.000,0.000,0,1,0,24,'2026-03-22','11:08:26',0,1,'-','-',NULL,3,NULL,NULL,NULL,NULL),
(559,'26-559',1,500.000,0.000,0.000,500.000,500.000,0.000,0.000,0,1,0,24,'2026-03-22','11:10:36',0,1,'-','-',NULL,3,NULL,NULL,NULL,NULL),
(560,'26-560',1,200.000,0.000,0.000,200.000,200.000,0.000,0.000,0,1,0,24,'2026-03-22','11:12:39',0,1,'-','-',NULL,3,NULL,NULL,NULL,NULL),
(561,'26-561',1,449.000,0.000,29.000,420.000,420.000,0.000,0.000,0,1,0,24,'2026-03-22','10:38:40',0,1,'-','-',NULL,3,NULL,NULL,NULL,NULL),
(562,'26-562',1,1529.000,0.000,129.000,1400.000,1400.000,0.000,0.000,0,1,0,24,'2026-03-22','11:09:14',0,1,'-','-',NULL,3,NULL,NULL,NULL,NULL),
(563,'26-563',1,495.000,0.000,15.000,480.000,480.000,0.000,0.000,0,1,0,24,'2026-03-22','10:22:18',0,1,'-','-',NULL,3,NULL,NULL,NULL,NULL),
(564,'26-564',1,2440.000,0.000,140.000,2300.000,2300.000,0.000,0.000,0,1,0,24,'2026-03-22','10:27:35',0,1,'-','-',NULL,3,NULL,NULL,NULL,NULL),
(565,'26-565',1,630.000,0.000,30.000,600.000,600.000,0.000,0.000,0,1,0,24,'2026-03-22','10:31:10',0,1,'-','-',NULL,3,NULL,NULL,NULL,NULL),
(566,'26-566',1,1125.000,0.000,0.000,1125.000,1125.000,0.000,0.000,0,1,0,24,'2026-03-22','10:39:20',0,1,'-','-',NULL,3,NULL,NULL,NULL,NULL),
(567,'26-567',1,430.000,0.000,30.000,400.000,400.000,0.000,0.000,0,1,0,24,'2026-03-22','10:51:54',0,1,'-','-',NULL,3,NULL,NULL,NULL,NULL),
(568,'26-568',1,695.000,0.000,95.000,600.000,600.000,0.000,0.000,0,1,0,24,'2026-03-22','10:53:25',0,1,'-','-',NULL,3,NULL,NULL,NULL,NULL),
(569,'26-569',1,1000.000,0.000,0.000,1000.000,1000.000,0.000,0.000,0,1,0,24,'2026-03-22','10:53:59',0,1,'-','-',NULL,3,NULL,NULL,NULL,NULL),
(570,'26-570',1,2635.000,0.000,285.000,2350.000,2350.000,0.000,0.000,0,1,0,25,'2026-03-23','11:05:35',0,1,'-','-',NULL,3,NULL,NULL,NULL,NULL),
(571,'26-571',1,495.000,0.000,0.000,495.000,495.000,0.000,0.000,0,1,0,25,'2026-03-23','11:09:23',0,1,'-','-',NULL,3,NULL,NULL,NULL,NULL),
(572,'26-572',1,695.000,0.000,95.000,600.000,600.000,0.000,0.000,0,1,0,25,'2026-03-23','11:00:30',0,1,'-','-',NULL,3,NULL,NULL,NULL,NULL),
(573,'26-573',1,2585.000,0.000,135.000,2450.000,2450.000,0.000,0.000,0,1,0,25,'2026-03-23','11:03:37',0,1,'-','-',NULL,3,NULL,NULL,NULL,NULL),
(574,'26-574',1,495.000,0.000,5.000,490.000,490.000,0.000,0.000,0,1,0,24,'2026-03-23','11:13:27',0,1,'-','-',NULL,3,NULL,NULL,NULL,NULL),
(575,'26-575',1,500.000,0.000,0.000,500.000,500.000,0.000,0.000,0,1,0,24,'2026-03-23','11:00:45',0,1,'-','-',NULL,3,NULL,NULL,NULL,NULL),
(576,'26-576',1,1895.000,0.000,195.000,1700.000,1700.000,0.000,0.000,0,1,0,25,'2026-03-23','11:04:31',0,1,'-','-',NULL,3,NULL,NULL,NULL,NULL),
(577,'26-577',1,2569.000,0.000,219.000,2350.000,2350.000,0.000,0.000,0,1,0,25,'2026-03-23','11:15:39',0,1,'-','-',NULL,3,NULL,NULL,NULL,5),
(578,'26-578',1,830.000,0.000,0.000,830.000,830.000,0.000,0.000,0,1,0,25,'2026-03-23','11:22:34',0,1,'-','-',NULL,3,NULL,NULL,NULL,NULL),
(579,'26-579',1,180.000,0.000,0.000,180.000,180.000,0.000,0.000,0,1,0,25,'2026-03-23','11:22:55',0,1,'-','-',NULL,3,NULL,NULL,NULL,NULL),
(580,'26-580',1,250.000,0.000,0.000,250.000,250.000,0.000,0.000,0,1,0,24,'2026-03-23','11:32:44',0,1,'-','-',NULL,3,NULL,NULL,NULL,NULL),
(581,'26-581',1,2893.000,0.000,193.000,2700.000,2700.000,0.000,0.000,0,1,0,24,'2026-03-23','11:21:09',0,1,'-','-',NULL,3,NULL,NULL,NULL,NULL),
(582,'26-582',1,1520.000,0.000,190.000,1330.000,1330.000,0.000,0.000,0,1,0,24,'2026-03-23','11:30:08',0,1,'-','-',NULL,3,NULL,NULL,NULL,NULL),
(583,'26-583',1,1290.000,0.000,90.000,1200.000,1200.000,0.000,0.000,0,1,0,24,'2026-03-23','11:33:30',0,1,'-','-',NULL,3,NULL,NULL,NULL,NULL),
(584,'26-584',1,500.000,0.000,0.000,500.000,500.000,0.000,0.000,0,1,0,1,'2026-07-17','18:23:39',0,1,'-','-',NULL,3,NULL,NULL,NULL,NULL),
(585,'26-585',1,500.000,0.000,0.000,500.000,1000.000,0.000,0.000,0,1,0,1,'2026-07-20','15:44:27',0,1,'jaswa','9898989898',1,3,NULL,NULL,NULL,5),
(586,'26-586',1,1000.000,0.000,0.000,1000.000,1000.000,0.000,0.000,0,1,0,1,'2026-07-22','14:02:50',0,1,'jaswa','9898989898',1,3,NULL,NULL,NULL,NULL),
(587,'26-587',1,250.000,0.000,250.000,0.000,0.000,0.000,0.000,0,1,0,1,'2026-07-22','14:11:19',0,1,'jaswa','9898989898',1,3,NULL,NULL,NULL,NULL),
(588,'26-588',1,500.000,0.000,250.000,250.000,250.000,0.000,0.000,0,1,0,1,'2026-07-22','14:16:40',0,1,'jaswa','9898989898',1,3,NULL,NULL,NULL,NULL),
(589,'26-589',1,4500.000,0.000,0.000,4500.000,5000.000,0.000,0.000,0,1,0,1,'2026-07-22','14:17:01',0,1,'jaswa','9898989898',1,3,NULL,NULL,NULL,NULL);

/*Table structure for table `prod_bill_cancel` */

DROP TABLE IF EXISTS `prod_bill_cancel`;

CREATE TABLE `prod_bill_cancel` (
  `id` int unsigned NOT NULL AUTO_INCREMENT,
  `bill_id` int NOT NULL,
  `reason` text,
  `date` date DEFAULT NULL,
  `time` time DEFAULT NULL,
  `uid` int DEFAULT NULL,
  PRIMARY KEY (`id`),
  KEY `billId` (`bill_id`)
) ENGINE=InnoDB AUTO_INCREMENT=3 DEFAULT CHARSET=latin1;

/*Data for the table `prod_bill_cancel` */

insert  into `prod_bill_cancel`(`id`,`bill_id`,`reason`,`date`,`time`,`uid`) values 
(1,304,'wait','2026-03-15','11:30:49',24),
(2,305,'wrong','2026-03-15','11:31:16',24);

/*Table structure for table `prod_bill_datechange` */

DROP TABLE IF EXISTS `prod_bill_datechange`;

CREATE TABLE `prod_bill_datechange` (
  `id` int unsigned NOT NULL AUTO_INCREMENT,
  `billId` int NOT NULL,
  `oldDate` date DEFAULT NULL,
  `changeDate` date DEFAULT NULL,
  `date` date DEFAULT NULL,
  `time` time DEFAULT NULL,
  `uid` int NOT NULL,
  PRIMARY KEY (`id`),
  KEY `billId` (`billId`)
) ENGINE=InnoDB DEFAULT CHARSET=latin1;

/*Data for the table `prod_bill_datechange` */

/*Table structure for table `prod_bill_details` */

DROP TABLE IF EXISTS `prod_bill_details`;

CREATE TABLE `prod_bill_details` (
  `id` int unsigned NOT NULL AUTO_INCREMENT,
  `bill_id` int NOT NULL,
  `prod_id` int NOT NULL,
  `qty` decimal(10,2) NOT NULL,
  `price` double(10,3) DEFAULT '0.000',
  `disc` double(10,3) DEFAULT '0.000',
  `total` double(10,3) DEFAULT '0.000',
  `cost` double(10,3) DEFAULT '0.000',
  `gst` int NOT NULL DEFAULT '0',
  `is_cancelled` int DEFAULT '0',
  `cancel_date` datetime DEFAULT NULL,
  `is_exchanged` int DEFAULT '0',
  PRIMARY KEY (`id`),
  KEY `bill` (`bill_id`),
  KEY `prod` (`prod_id`)
) ENGINE=InnoDB AUTO_INCREMENT=1028 DEFAULT CHARSET=latin1;

/*Data for the table `prod_bill_details` */

insert  into `prod_bill_details`(`id`,`bill_id`,`prod_id`,`qty`,`price`,`disc`,`total`,`cost`,`gst`,`is_cancelled`,`cancel_date`,`is_exchanged`) values 
(1,1,3,1.00,695.000,0.000,695.000,695.000,0,0,NULL,0),
(2,2,1,1.00,795.000,0.000,795.000,795.000,0,0,NULL,0),
(3,3,2,1.00,495.000,0.000,495.000,495.000,0,0,NULL,0),
(4,4,26,5.00,200.000,0.000,1000.000,200.000,0,0,NULL,0),
(5,5,26,1.00,200.000,0.000,200.000,200.000,0,0,NULL,0),
(6,6,21,1.00,795.000,0.000,795.000,795.000,0,0,NULL,0),
(7,7,28,1.00,340.000,0.000,340.000,340.000,0,0,NULL,0),
(8,7,26,5.00,200.000,0.000,1000.000,200.000,0,0,NULL,0),
(9,8,2,2.00,495.000,0.000,990.000,495.000,0,0,NULL,0),
(10,9,2,1.00,495.000,0.000,495.000,495.000,0,0,NULL,0),
(11,9,28,1.00,1000.000,0.000,1000.000,340.000,0,0,NULL,0),
(12,10,28,2.00,340.000,0.000,680.000,340.000,0,0,NULL,0),
(13,11,2,2.00,495.000,0.000,990.000,495.000,0,0,NULL,0),
(14,12,26,1.00,200.000,0.000,200.000,200.000,0,0,NULL,0),
(15,13,26,5.00,200.000,0.000,1000.000,200.000,0,0,NULL,0),
(16,14,30,1.00,170.000,0.000,170.000,170.000,0,0,NULL,0),
(17,15,28,1.00,1000.000,0.000,1000.000,340.000,0,0,NULL,0),
(18,16,29,1.00,100.000,0.000,100.000,100.000,0,0,NULL,0),
(19,17,29,1.00,100.000,0.000,100.000,100.000,0,0,NULL,0),
(20,18,29,2.00,100.000,0.000,200.000,100.000,0,0,NULL,0),
(21,19,29,2.00,100.000,0.000,200.000,100.000,0,0,NULL,0),
(22,20,31,3.00,133.000,0.000,399.000,133.000,0,0,NULL,0),
(23,20,29,1.00,100.000,0.000,100.000,100.000,0,0,NULL,0),
(24,21,26,5.00,200.000,0.000,1000.000,200.000,0,0,NULL,0),
(25,22,13,1.00,380.000,0.000,380.000,395.000,0,0,NULL,0),
(26,23,28,1.00,400.000,0.000,400.000,340.000,0,0,NULL,0),
(27,23,29,1.00,100.000,0.000,100.000,100.000,0,0,NULL,0),
(28,23,26,3.00,200.000,0.000,600.000,200.000,0,0,NULL,0),
(29,24,28,1.00,1000.000,0.000,1000.000,340.000,0,0,NULL,0),
(30,24,12,1.00,430.000,0.000,430.000,430.000,0,0,NULL,0),
(31,25,28,1.00,1000.000,0.000,1000.000,340.000,0,0,NULL,0),
(32,26,27,1.00,500.000,0.000,500.000,170.000,0,0,NULL,0),
(33,27,29,5.00,100.000,0.000,500.000,100.000,0,0,NULL,0),
(34,28,26,5.00,200.000,0.000,1000.000,200.000,0,0,NULL,0),
(35,28,28,1.00,400.000,0.000,400.000,340.000,0,0,NULL,0),
(36,29,27,1.00,500.000,0.000,500.000,170.000,0,0,NULL,0),
(37,29,30,2.00,500.000,0.000,1000.000,170.000,0,0,NULL,0),
(38,30,30,1.00,500.000,0.000,500.000,170.000,0,0,NULL,0),
(39,31,26,5.00,200.000,0.000,1000.000,200.000,0,0,NULL,0),
(40,32,6,1.00,695.000,0.000,695.000,695.000,0,0,NULL,0),
(41,32,2,2.00,495.000,0.000,990.000,495.000,0,0,NULL,0),
(42,32,27,1.00,200.000,0.000,200.000,170.000,0,0,NULL,0),
(43,33,3,2.00,695.000,0.000,1390.000,695.000,0,0,NULL,0),
(44,34,29,10.00,100.000,0.000,1000.000,100.000,0,0,NULL,0),
(45,35,1,1.00,795.000,0.000,795.000,795.000,0,0,NULL,0),
(46,35,21,1.00,795.000,0.000,795.000,795.000,0,0,NULL,0),
(47,36,22,1.00,895.000,0.000,895.000,895.000,0,0,NULL,0),
(48,36,29,3.00,100.000,0.000,300.000,100.000,0,0,NULL,0),
(49,36,30,1.00,500.000,0.000,500.000,170.000,0,0,NULL,0),
(50,36,31,3.00,133.000,0.000,399.000,133.000,0,0,NULL,0),
(51,36,32,1.00,50.000,0.000,50.000,50.000,0,0,NULL,0),
(52,36,28,1.00,400.000,0.000,400.000,340.000,0,0,NULL,0),
(53,37,26,5.00,200.000,0.000,1000.000,200.000,0,0,NULL,0),
(54,38,30,2.00,500.000,0.000,1000.000,170.000,0,0,NULL,0),
(55,38,29,5.00,100.000,0.000,500.000,100.000,0,0,NULL,0),
(56,39,2,1.00,495.000,0.000,495.000,495.000,0,0,NULL,0),
(57,39,4,1.00,749.000,0.000,749.000,749.000,0,0,NULL,0),
(58,39,26,3.00,200.000,0.000,600.000,200.000,0,0,NULL,0),
(59,40,26,5.00,200.000,0.000,1000.000,200.000,0,0,NULL,0),
(60,41,26,3.00,200.000,0.000,600.000,200.000,0,0,NULL,0),
(61,42,26,1.00,200.000,0.000,200.000,200.000,0,0,NULL,0),
(62,43,27,1.00,170.000,0.000,170.000,170.000,0,0,NULL,0),
(63,44,23,1.00,849.000,0.000,849.000,849.000,0,0,NULL,0),
(64,44,3,1.00,695.000,0.000,695.000,695.000,0,0,NULL,0),
(65,44,26,4.00,200.000,0.000,800.000,200.000,0,0,NULL,0),
(66,45,2,3.00,495.000,0.000,1485.000,495.000,0,0,NULL,0),
(67,45,26,1.00,200.000,0.000,200.000,200.000,0,0,NULL,0),
(68,45,6,1.00,695.000,0.000,695.000,695.000,0,0,NULL,0),
(69,45,28,1.00,340.000,0.000,340.000,340.000,0,0,NULL,0),
(70,45,31,1.00,133.000,0.000,133.000,133.000,0,0,NULL,0),
(71,46,26,4.00,200.000,0.000,800.000,200.000,0,0,NULL,0),
(72,46,29,4.00,100.000,0.000,400.000,100.000,0,0,NULL,0),
(73,47,26,4.00,200.000,0.000,800.000,200.000,0,0,NULL,0),
(74,48,28,1.00,1000.000,0.000,1000.000,340.000,0,0,NULL,0),
(75,49,1,1.00,795.000,0.000,795.000,795.000,0,0,NULL,0),
(76,50,30,1.00,500.000,0.000,500.000,170.000,0,0,NULL,0),
(77,50,29,2.00,100.000,0.000,200.000,100.000,0,0,NULL,0),
(78,51,30,1.00,500.000,0.000,500.000,170.000,0,0,NULL,0),
(79,51,29,5.00,100.000,0.000,500.000,100.000,0,0,NULL,0),
(80,52,28,1.00,1000.000,0.000,1000.000,340.000,0,0,NULL,0),
(81,52,32,1.00,50.000,0.000,50.000,50.000,0,0,NULL,0),
(82,53,28,1.00,1000.000,0.000,1000.000,340.000,0,0,NULL,0),
(83,53,30,1.00,500.000,0.000,500.000,170.000,0,0,NULL,0),
(84,53,29,2.00,100.000,0.000,200.000,100.000,0,0,NULL,0),
(85,54,12,3.00,330.000,0.000,990.000,430.000,0,0,NULL,0),
(86,55,28,1.00,1000.000,0.000,1000.000,340.000,0,0,NULL,0),
(87,55,6,1.00,695.000,0.000,695.000,695.000,0,0,NULL,0),
(88,55,1,1.00,795.000,0.000,795.000,795.000,0,0,NULL,0),
(89,55,1,1.00,795.000,0.000,795.000,795.000,0,0,NULL,0),
(90,56,26,3.00,200.000,0.000,600.000,200.000,0,0,NULL,0),
(91,57,3,1.00,695.000,0.000,695.000,695.000,0,0,NULL,0),
(92,58,1,1.00,795.000,0.000,795.000,795.000,0,0,NULL,0),
(93,58,23,1.00,849.000,0.000,849.000,849.000,0,0,NULL,0),
(94,59,29,5.00,100.000,0.000,500.000,100.000,0,0,NULL,0),
(95,59,30,1.00,500.000,0.000,500.000,170.000,0,0,NULL,0),
(96,60,6,1.00,695.000,0.000,695.000,695.000,0,0,NULL,0),
(97,60,30,1.00,500.000,0.000,500.000,170.000,0,0,NULL,0),
(98,61,28,1.00,1000.000,0.000,1000.000,340.000,0,0,NULL,0),
(99,62,28,1.00,400.000,0.000,400.000,340.000,0,0,NULL,0),
(100,63,12,1.00,430.000,0.000,430.000,430.000,0,0,NULL,0),
(101,64,26,5.00,200.000,0.000,1000.000,200.000,0,0,NULL,0),
(102,64,30,1.00,500.000,0.000,500.000,170.000,0,0,NULL,0),
(103,65,26,5.00,200.000,0.000,1000.000,200.000,0,0,NULL,0),
(104,66,29,2.00,100.000,0.000,200.000,100.000,0,0,NULL,0),
(105,66,24,2.00,995.000,0.000,1990.000,995.000,0,0,NULL,0),
(106,66,3,1.00,695.000,0.000,695.000,695.000,0,0,NULL,0),
(107,67,29,5.00,100.000,0.000,500.000,100.000,0,0,NULL,0),
(108,68,29,1.00,100.000,0.000,100.000,100.000,0,0,NULL,0),
(109,68,30,1.00,500.000,0.000,500.000,170.000,0,0,NULL,0),
(110,69,26,5.00,200.000,0.000,1000.000,200.000,0,0,NULL,0),
(111,70,17,1.00,580.000,0.000,580.000,580.000,0,0,NULL,0),
(112,71,2,1.00,495.000,0.000,495.000,495.000,0,0,NULL,0),
(113,71,3,1.00,695.000,0.000,695.000,695.000,0,0,NULL,0),
(114,72,2,1.00,495.000,0.000,495.000,495.000,0,0,NULL,0),
(115,72,3,1.00,695.000,0.000,695.000,695.000,0,0,NULL,0),
(116,73,28,1.00,1000.000,0.000,1000.000,340.000,0,0,NULL,0),
(117,74,27,1.00,500.000,0.000,500.000,170.000,0,0,NULL,0),
(118,75,26,5.00,200.000,0.000,1000.000,200.000,0,0,NULL,0),
(119,75,2,1.00,495.000,0.000,495.000,495.000,0,0,NULL,0),
(120,76,28,1.00,400.000,0.000,400.000,340.000,0,0,NULL,0),
(121,76,29,5.00,100.000,0.000,500.000,100.000,0,0,NULL,0),
(122,77,26,5.00,200.000,0.000,1000.000,200.000,0,0,NULL,0),
(123,78,26,5.00,200.000,0.000,1000.000,200.000,0,0,NULL,0),
(124,79,2,2.00,495.000,0.000,990.000,495.000,0,0,NULL,0),
(125,79,1,2.00,795.000,0.000,1590.000,795.000,0,0,NULL,0),
(126,79,3,1.00,695.000,0.000,695.000,695.000,0,0,NULL,0),
(127,80,26,2.00,1000.000,0.000,2000.000,200.000,0,0,NULL,0),
(128,80,30,2.00,500.000,0.000,1000.000,170.000,0,0,NULL,0),
(129,81,9,1.00,330.000,0.000,330.000,330.000,0,0,NULL,0),
(130,81,3,1.00,695.000,0.000,695.000,695.000,0,0,NULL,0),
(131,81,1,2.00,795.000,0.000,1590.000,795.000,0,0,NULL,0),
(132,82,28,1.00,1000.000,0.000,1000.000,340.000,0,0,NULL,0),
(133,83,8,1.00,430.000,0.000,430.000,430.000,0,0,NULL,0),
(134,83,23,1.00,849.000,0.000,849.000,849.000,0,0,NULL,0),
(135,84,10,2.00,449.000,0.000,898.000,449.000,0,0,NULL,0),
(136,85,1,1.00,795.000,0.000,795.000,795.000,0,0,NULL,0),
(137,85,24,1.00,995.000,0.000,995.000,995.000,0,0,NULL,0),
(138,85,28,1.00,1000.000,0.000,1000.000,340.000,0,0,NULL,0),
(139,86,2,1.00,495.000,0.000,495.000,495.000,0,0,NULL,0),
(140,87,26,5.00,200.000,0.000,1000.000,200.000,0,0,NULL,0),
(141,88,30,1.00,500.000,0.000,500.000,170.000,0,0,NULL,0),
(142,88,29,3.00,100.000,0.000,300.000,100.000,0,0,NULL,0),
(143,89,27,1.00,200.000,0.000,200.000,170.000,0,0,NULL,0),
(144,90,26,5.00,200.000,0.000,1000.000,200.000,0,0,NULL,0),
(145,91,26,4.00,200.000,0.000,800.000,200.000,0,0,NULL,0),
(146,91,29,1.00,100.000,0.000,100.000,100.000,0,0,NULL,0),
(147,92,29,2.00,100.000,0.000,200.000,100.000,0,0,NULL,0),
(148,93,30,1.00,500.000,0.000,500.000,170.000,0,0,NULL,0),
(149,93,29,5.00,100.000,0.000,500.000,100.000,0,0,NULL,0),
(150,94,26,1.00,200.000,0.000,200.000,200.000,0,0,NULL,0),
(151,95,26,1.00,200.000,0.000,200.000,200.000,0,0,NULL,0),
(152,95,29,3.00,100.000,0.000,300.000,100.000,0,0,NULL,0),
(153,96,2,2.00,495.000,0.000,990.000,495.000,0,0,NULL,0),
(154,97,29,5.00,100.000,0.000,500.000,100.000,0,0,NULL,0),
(155,98,27,1.00,500.000,0.000,500.000,170.000,0,0,NULL,0),
(156,98,30,1.00,500.000,0.000,500.000,170.000,0,0,NULL,0),
(157,99,2,1.00,495.000,0.000,495.000,495.000,0,0,NULL,0),
(158,99,30,1.00,500.000,0.000,500.000,170.000,0,0,NULL,0),
(159,100,28,1.00,1000.000,0.000,1000.000,340.000,0,0,NULL,0),
(160,101,26,5.00,200.000,0.000,1000.000,200.000,0,0,NULL,0),
(161,102,2,1.00,495.000,0.000,495.000,495.000,0,0,NULL,0),
(162,103,27,1.00,500.000,0.000,500.000,170.000,0,0,NULL,0),
(163,104,8,2.00,430.000,0.000,860.000,430.000,0,0,NULL,0),
(164,104,32,1.00,297.000,0.000,297.000,50.000,0,0,NULL,0),
(165,105,26,5.00,200.000,0.000,1000.000,200.000,0,0,NULL,0),
(166,105,8,1.00,430.000,0.000,430.000,430.000,0,0,NULL,0),
(167,106,28,1.00,1000.000,0.000,1000.000,340.000,0,0,NULL,0),
(168,107,1,2.00,795.000,0.000,1590.000,795.000,0,0,NULL,0),
(169,108,31,3.00,120.000,0.000,360.000,133.000,0,0,NULL,0),
(170,109,2,1.00,495.000,0.000,495.000,495.000,0,0,NULL,0),
(171,110,12,1.00,500.000,0.000,500.000,430.000,0,0,NULL,0),
(172,110,30,1.00,200.000,0.000,200.000,170.000,0,0,NULL,0),
(173,110,28,1.00,1000.000,0.000,1000.000,340.000,0,0,NULL,0),
(174,111,26,5.00,200.000,0.000,1000.000,200.000,0,0,NULL,0),
(175,112,23,1.00,849.000,0.000,849.000,849.000,0,0,NULL,0),
(176,112,3,1.00,695.000,0.000,695.000,695.000,0,0,NULL,0),
(177,112,1,1.00,795.000,0.000,795.000,795.000,0,0,NULL,0),
(178,112,28,1.00,400.000,0.000,400.000,340.000,0,0,NULL,0),
(179,113,28,1.00,1000.000,0.000,1000.000,340.000,0,0,NULL,0),
(180,114,6,1.00,695.000,0.000,695.000,695.000,0,0,NULL,0),
(181,114,6,1.00,695.000,0.000,695.000,695.000,0,0,NULL,0),
(182,115,23,1.00,849.000,0.000,849.000,849.000,0,0,NULL,0),
(183,115,30,1.00,500.000,0.000,500.000,170.000,0,0,NULL,0),
(184,116,4,1.00,749.000,0.000,749.000,749.000,0,0,NULL,0),
(185,116,26,4.00,200.000,0.000,800.000,200.000,0,0,NULL,0),
(186,117,4,1.00,749.000,0.000,749.000,749.000,0,0,NULL,0),
(187,117,5,1.00,849.000,0.000,849.000,849.000,0,0,NULL,0),
(188,118,32,1.00,100.000,0.000,100.000,50.000,0,0,NULL,0),
(189,118,31,1.00,146.000,0.000,146.000,133.000,0,0,NULL,0),
(190,118,31,1.00,150.000,0.000,150.000,133.000,0,0,NULL,0),
(191,119,30,1.00,200.000,0.000,200.000,170.000,0,0,NULL,0),
(192,119,29,3.00,100.000,0.000,300.000,100.000,0,0,NULL,0),
(193,120,30,1.00,500.000,0.000,500.000,170.000,0,0,NULL,0),
(194,120,29,5.00,100.000,0.000,500.000,100.000,0,0,NULL,0),
(195,120,28,1.00,400.000,0.000,400.000,340.000,0,0,NULL,0),
(196,121,27,1.00,500.000,0.000,500.000,170.000,0,0,NULL,0),
(197,122,27,1.00,500.000,0.000,500.000,170.000,0,0,NULL,0),
(198,122,12,1.00,430.000,0.000,430.000,430.000,0,0,NULL,0),
(199,122,8,2.00,430.000,0.000,860.000,430.000,0,0,NULL,0),
(200,122,24,1.00,995.000,0.000,995.000,995.000,0,0,NULL,0),
(201,122,2,1.00,495.000,0.000,495.000,495.000,0,0,NULL,0),
(202,123,3,1.00,695.000,0.000,695.000,695.000,0,0,NULL,0),
(203,123,15,1.00,395.000,0.000,395.000,395.000,0,0,NULL,0),
(204,124,3,1.00,695.000,0.000,695.000,695.000,0,0,NULL,0),
(205,124,24,1.00,995.000,0.000,995.000,995.000,0,0,NULL,0),
(206,125,2,1.00,495.000,0.000,495.000,495.000,0,0,NULL,0),
(207,125,1,1.00,795.000,0.000,795.000,795.000,0,0,NULL,0),
(208,126,29,5.00,100.000,0.000,500.000,100.000,0,0,NULL,0),
(209,126,30,1.00,200.000,0.000,200.000,170.000,0,0,NULL,0),
(210,126,26,5.00,200.000,0.000,1000.000,200.000,0,0,NULL,0),
(211,127,30,1.00,500.000,0.000,500.000,170.000,0,0,NULL,0),
(212,127,26,2.00,200.000,0.000,400.000,200.000,0,0,NULL,0),
(213,127,29,3.00,100.000,0.000,300.000,100.000,0,0,NULL,0),
(214,127,17,1.00,580.000,0.000,580.000,580.000,0,0,NULL,0),
(215,128,6,2.00,695.000,0.000,1390.000,695.000,0,0,NULL,0),
(216,128,26,3.00,200.000,0.000,600.000,200.000,0,0,NULL,0),
(217,129,4,1.00,749.000,0.000,749.000,749.000,0,0,NULL,0),
(218,129,2,1.00,495.000,0.000,495.000,495.000,0,0,NULL,0),
(219,130,30,1.00,500.000,0.000,500.000,170.000,0,0,NULL,0),
(220,131,26,5.00,200.000,0.000,1000.000,200.000,0,0,NULL,0),
(221,132,29,5.00,100.000,0.000,500.000,100.000,0,0,NULL,0),
(222,133,2,1.00,495.000,0.000,495.000,495.000,0,0,NULL,0),
(223,134,3,1.00,695.000,0.000,695.000,695.000,0,0,NULL,0),
(224,134,21,1.00,795.000,0.000,795.000,795.000,0,0,NULL,0),
(225,135,29,2.00,100.000,0.000,200.000,100.000,0,0,NULL,0),
(226,136,27,1.00,500.000,0.000,500.000,170.000,0,0,NULL,0),
(227,137,28,1.00,400.000,0.000,400.000,340.000,0,0,NULL,0),
(228,138,27,1.00,500.000,0.000,500.000,170.000,0,0,NULL,0),
(229,139,29,5.00,100.000,0.000,500.000,100.000,0,0,NULL,0),
(230,140,1,1.00,795.000,0.000,795.000,795.000,0,0,NULL,0),
(231,140,22,1.00,895.000,0.000,895.000,895.000,0,0,NULL,0),
(232,141,26,3.00,200.000,0.000,600.000,200.000,0,0,NULL,0),
(233,142,28,1.00,700.000,0.000,700.000,340.000,0,0,NULL,0),
(234,143,27,1.00,500.000,0.000,500.000,170.000,0,0,NULL,0),
(235,144,28,1.00,1000.000,0.000,1000.000,340.000,0,0,NULL,0),
(236,145,27,1.00,500.000,0.000,500.000,170.000,0,0,NULL,0),
(237,146,27,1.00,500.000,0.000,500.000,170.000,0,0,NULL,0),
(238,147,29,5.00,100.000,0.000,500.000,100.000,0,0,NULL,0),
(239,147,30,1.00,500.000,0.000,500.000,170.000,0,0,NULL,0),
(240,148,1,1.00,795.000,0.000,795.000,795.000,0,0,NULL,0),
(241,148,21,1.00,795.000,0.000,795.000,795.000,0,0,NULL,0),
(242,149,30,1.00,500.000,0.000,500.000,170.000,0,0,NULL,0),
(243,149,3,1.00,695.000,0.000,695.000,695.000,0,0,NULL,0),
(244,149,2,1.00,495.000,0.000,495.000,495.000,0,0,NULL,0),
(245,149,23,1.00,849.000,0.000,849.000,849.000,0,0,NULL,0),
(246,149,27,1.00,200.000,0.000,200.000,170.000,0,0,NULL,0),
(247,150,26,5.00,200.000,0.000,1000.000,200.000,0,0,NULL,0),
(248,151,30,1.00,500.000,0.000,500.000,170.000,0,0,NULL,0),
(249,152,30,1.00,500.000,0.000,500.000,170.000,0,0,NULL,0),
(250,153,23,1.00,849.000,0.000,849.000,849.000,0,0,NULL,0),
(251,153,26,4.00,200.000,0.000,800.000,200.000,0,0,NULL,0),
(252,154,31,1.00,148.000,0.000,148.000,133.000,0,0,NULL,0),
(253,154,26,4.00,200.000,0.000,800.000,200.000,0,0,NULL,0),
(254,155,28,1.00,1000.000,0.000,1000.000,340.000,0,0,NULL,0),
(255,156,26,5.00,200.000,0.000,1000.000,200.000,0,0,NULL,0),
(256,157,1,1.00,795.000,0.000,795.000,795.000,0,0,NULL,0),
(257,158,27,1.00,500.000,0.000,500.000,170.000,0,0,NULL,0),
(258,159,22,1.00,895.000,0.000,895.000,895.000,0,0,NULL,0),
(259,159,26,5.00,200.000,0.000,1000.000,200.000,0,0,NULL,0),
(260,160,30,1.00,500.000,0.000,500.000,170.000,0,0,NULL,0),
(261,161,29,5.00,100.000,0.000,500.000,100.000,0,0,NULL,0),
(262,161,9,1.00,500.000,0.000,500.000,330.000,0,0,NULL,0),
(263,162,26,5.00,200.000,0.000,1000.000,200.000,0,0,NULL,0),
(264,163,26,2.00,200.000,0.000,400.000,200.000,0,0,NULL,0),
(265,164,2,1.00,495.000,0.000,495.000,495.000,0,0,NULL,0),
(266,164,26,2.00,200.000,0.000,400.000,200.000,0,0,NULL,0),
(267,165,2,1.00,495.000,0.000,495.000,495.000,0,0,NULL,0),
(268,165,2,1.00,495.000,0.000,495.000,495.000,0,0,NULL,0),
(269,165,7,1.00,795.000,0.000,795.000,795.000,0,0,NULL,0),
(270,166,31,4.00,157.000,0.000,628.000,133.000,0,0,NULL,0),
(271,167,29,5.00,100.000,0.000,500.000,100.000,0,0,NULL,0),
(272,168,26,5.00,200.000,0.000,1000.000,200.000,0,0,NULL,0),
(273,169,1,1.00,795.000,0.000,795.000,795.000,0,0,NULL,0),
(274,169,27,1.00,500.000,0.000,500.000,170.000,0,0,NULL,0),
(275,170,27,1.00,200.000,0.000,200.000,170.000,0,0,NULL,0),
(276,171,29,5.00,100.000,0.000,500.000,100.000,0,0,NULL,0),
(277,172,26,5.00,200.000,0.000,1000.000,200.000,0,0,NULL,0),
(278,173,3,1.00,695.000,0.000,695.000,695.000,0,0,NULL,0),
(279,174,1,1.00,795.000,0.000,795.000,795.000,0,0,NULL,0),
(280,175,3,1.00,695.000,0.000,695.000,695.000,0,0,NULL,0),
(281,176,26,2.00,200.000,0.000,400.000,200.000,0,0,NULL,0),
(282,176,27,1.00,1000.000,0.000,1000.000,170.000,0,0,NULL,0),
(283,177,26,6.00,200.000,0.000,1200.000,200.000,0,0,NULL,0),
(284,178,5,1.00,849.000,0.000,849.000,849.000,0,0,NULL,0),
(285,178,3,1.00,695.000,0.000,695.000,695.000,0,0,NULL,0),
(286,178,3,1.00,695.000,0.000,695.000,695.000,0,0,NULL,0),
(287,179,26,2.00,200.000,0.000,400.000,200.000,0,0,NULL,0),
(288,180,26,1.00,200.000,0.000,200.000,200.000,0,0,NULL,0),
(289,181,30,2.00,200.000,0.000,400.000,170.000,0,0,NULL,0),
(290,181,29,1.00,100.000,0.000,100.000,100.000,0,0,NULL,0),
(291,182,26,10.00,200.000,0.000,2000.000,200.000,0,0,NULL,0),
(292,183,5,1.00,849.000,0.000,849.000,849.000,0,0,NULL,0),
(293,183,1,1.00,795.000,0.000,795.000,795.000,0,0,NULL,0),
(294,183,5,1.00,849.000,0.000,849.000,849.000,0,0,NULL,0),
(295,183,2,1.00,495.000,0.000,495.000,495.000,0,0,NULL,0),
(296,183,1,1.00,795.000,0.000,795.000,795.000,0,0,NULL,0),
(297,183,1,1.00,795.000,0.000,795.000,795.000,0,0,NULL,0),
(298,183,6,1.00,695.000,0.000,695.000,695.000,0,0,NULL,0),
(299,184,30,1.00,200.000,0.000,200.000,170.000,0,0,NULL,0),
(300,184,30,1.00,500.000,0.000,500.000,170.000,0,0,NULL,0),
(301,185,26,5.00,200.000,0.000,1000.000,200.000,0,0,NULL,0),
(302,185,9,1.00,330.000,0.000,330.000,330.000,0,0,NULL,0),
(303,186,29,3.00,100.000,0.000,300.000,100.000,0,0,NULL,0),
(304,187,26,2.00,200.000,0.000,400.000,200.000,0,0,NULL,0),
(305,188,32,1.00,270.000,0.000,270.000,50.000,0,0,NULL,0),
(306,189,30,1.00,500.000,0.000,500.000,170.000,0,0,NULL,0),
(307,190,29,2.00,100.000,0.000,200.000,100.000,0,0,NULL,0),
(308,191,3,1.00,695.000,0.000,695.000,695.000,0,0,NULL,0),
(309,191,5,1.00,849.000,0.000,849.000,849.000,0,0,NULL,0),
(310,192,26,2.00,200.000,0.000,400.000,200.000,0,0,NULL,0),
(311,192,29,3.00,100.000,0.000,300.000,100.000,0,0,NULL,0),
(312,193,27,1.00,500.000,0.000,500.000,170.000,0,0,NULL,0),
(313,194,26,1.00,200.000,0.000,200.000,200.000,0,0,NULL,0),
(314,194,29,3.00,100.000,0.000,300.000,100.000,0,0,NULL,0),
(315,195,29,7.00,100.000,0.000,700.000,100.000,0,0,NULL,0),
(316,195,9,2.00,150.000,0.000,300.000,330.000,0,0,NULL,0),
(317,195,26,1.00,200.000,0.000,200.000,200.000,0,0,NULL,0),
(318,196,26,2.00,200.000,0.000,400.000,200.000,0,0,NULL,0),
(319,197,2,1.00,495.000,0.000,495.000,495.000,0,0,NULL,0),
(320,197,2,1.00,495.000,0.000,495.000,495.000,0,0,NULL,0),
(321,197,1,1.00,795.000,0.000,795.000,795.000,0,0,NULL,0),
(322,197,30,1.00,500.000,0.000,500.000,170.000,0,0,NULL,0),
(323,198,7,1.00,795.000,0.000,795.000,795.000,0,0,NULL,0),
(324,198,26,3.00,200.000,0.000,600.000,200.000,0,0,NULL,0),
(325,199,30,1.00,500.000,0.000,500.000,170.000,0,0,NULL,0),
(326,200,30,1.00,500.000,0.000,500.000,170.000,0,0,NULL,0),
(327,201,30,1.00,500.000,0.000,500.000,170.000,0,0,NULL,0),
(328,202,28,1.00,1000.000,0.000,1000.000,340.000,0,0,NULL,0),
(329,203,26,5.00,200.000,0.000,1000.000,200.000,0,0,NULL,0),
(330,204,2,1.00,495.000,0.000,495.000,495.000,0,0,NULL,0),
(331,204,9,1.00,330.000,0.000,330.000,330.000,0,0,NULL,0),
(332,205,26,3.00,200.000,0.000,600.000,200.000,0,0,NULL,0),
(333,206,26,1.00,200.000,0.000,200.000,200.000,0,0,NULL,0),
(334,207,26,3.00,200.000,0.000,600.000,200.000,0,0,NULL,0),
(335,208,26,4.00,200.000,0.000,800.000,200.000,0,0,NULL,0),
(336,209,26,6.00,200.000,0.000,1200.000,200.000,0,0,NULL,0),
(337,209,30,1.00,200.000,0.000,200.000,170.000,0,0,NULL,0),
(338,210,26,5.00,200.000,0.000,1000.000,200.000,0,0,NULL,0),
(339,210,28,1.00,1000.000,0.000,1000.000,340.000,0,0,NULL,0),
(340,211,16,1.00,550.000,0.000,550.000,550.000,0,0,NULL,0),
(341,211,17,1.00,580.000,0.000,580.000,580.000,0,0,NULL,0),
(342,211,23,1.00,849.000,0.000,849.000,849.000,0,0,NULL,0),
(343,212,9,2.00,500.000,0.000,1000.000,330.000,0,0,NULL,0),
(344,213,26,2.00,200.000,0.000,400.000,200.000,0,0,NULL,0),
(345,214,27,1.00,200.000,0.000,200.000,170.000,0,0,NULL,0),
(346,215,29,5.00,100.000,0.000,500.000,100.000,0,0,NULL,0),
(347,215,13,1.00,395.000,0.000,395.000,395.000,0,0,NULL,0),
(348,216,2,1.00,495.000,0.000,495.000,495.000,0,0,NULL,0),
(349,216,24,1.00,995.000,0.000,995.000,995.000,0,0,NULL,0),
(350,217,26,5.00,200.000,0.000,1000.000,200.000,0,0,NULL,0),
(351,218,31,1.00,130.000,0.000,130.000,133.000,0,0,NULL,0),
(352,219,5,1.00,849.000,0.000,849.000,849.000,0,0,NULL,0),
(353,220,15,1.00,395.000,0.000,395.000,395.000,0,0,NULL,0),
(354,221,27,1.00,500.000,0.000,500.000,170.000,0,0,NULL,0),
(355,222,22,1.00,895.000,0.000,895.000,895.000,0,0,NULL,0),
(356,223,15,1.00,395.000,0.000,395.000,395.000,0,0,NULL,0),
(357,223,28,1.00,400.000,0.000,400.000,340.000,0,0,NULL,0),
(358,224,26,5.00,200.000,0.000,1000.000,200.000,0,0,NULL,0),
(359,225,2,1.00,495.000,0.000,495.000,495.000,0,0,NULL,0),
(360,226,26,1.00,200.000,0.000,200.000,200.000,0,0,NULL,0),
(361,227,26,2.00,200.000,0.000,400.000,200.000,0,0,NULL,0),
(362,228,26,3.00,200.000,0.000,600.000,200.000,0,0,NULL,0),
(363,228,8,1.00,430.000,0.000,430.000,430.000,0,0,NULL,0),
(364,228,15,1.00,395.000,0.000,395.000,395.000,0,0,NULL,0),
(365,228,21,1.00,795.000,0.000,795.000,795.000,0,0,NULL,0),
(366,229,32,3.00,20.000,0.000,60.000,50.000,0,0,NULL,0),
(367,230,29,1.00,100.000,0.000,100.000,100.000,0,0,NULL,0),
(368,231,26,1.00,200.000,0.000,200.000,200.000,0,0,NULL,0),
(369,232,29,2.00,100.000,0.000,200.000,100.000,0,0,NULL,0),
(370,232,26,1.00,200.000,0.000,200.000,200.000,0,0,NULL,0),
(371,233,26,3.00,200.000,0.000,600.000,200.000,0,0,NULL,0),
(372,234,26,1.00,200.000,0.000,200.000,200.000,0,0,NULL,0),
(373,235,27,1.00,1000.000,0.000,1000.000,170.000,0,0,NULL,0),
(374,236,1,1.00,795.000,0.000,795.000,795.000,0,0,NULL,0),
(375,236,21,1.00,795.000,0.000,795.000,795.000,0,0,NULL,0),
(376,237,29,2.00,100.000,0.000,200.000,100.000,0,0,NULL,0),
(377,238,31,2.00,130.000,0.000,260.000,133.000,0,0,NULL,0),
(378,239,1,1.00,795.000,0.000,795.000,795.000,0,0,NULL,0),
(379,239,7,1.00,795.000,0.000,795.000,795.000,0,0,NULL,0),
(380,239,32,2.00,40.000,0.000,80.000,50.000,0,0,NULL,0),
(381,240,6,1.00,695.000,0.000,695.000,695.000,0,0,NULL,0),
(382,240,29,3.00,100.000,0.000,300.000,100.000,0,0,NULL,0),
(383,240,29,1.00,100.000,0.000,100.000,100.000,0,0,NULL,0),
(384,241,28,1.00,1000.000,0.000,1000.000,340.000,0,0,NULL,0),
(385,242,29,2.00,100.000,0.000,200.000,100.000,0,0,NULL,0),
(386,243,3,1.00,695.000,0.000,695.000,695.000,0,0,NULL,0),
(387,243,21,2.00,795.000,0.000,1590.000,795.000,0,0,NULL,0),
(388,244,26,1.00,200.000,0.000,200.000,200.000,0,0,NULL,0),
(389,245,32,1.00,180.000,0.000,180.000,50.000,0,0,NULL,0),
(390,246,24,1.00,995.000,0.000,995.000,995.000,0,0,NULL,0),
(391,246,22,1.00,895.000,0.000,895.000,895.000,0,0,NULL,0),
(392,247,5,1.00,849.000,0.000,849.000,849.000,0,0,NULL,0),
(393,247,26,2.00,200.000,0.000,400.000,200.000,0,0,NULL,0),
(394,248,2,1.00,495.000,0.000,495.000,495.000,0,0,NULL,0),
(395,248,22,1.00,895.000,0.000,895.000,895.000,0,0,NULL,0),
(396,248,2,1.00,495.000,0.000,495.000,495.000,0,0,NULL,0),
(397,249,21,1.00,795.000,0.000,795.000,795.000,0,0,NULL,0),
(398,250,2,1.00,495.000,0.000,495.000,495.000,0,0,NULL,0),
(399,251,26,2.00,200.000,0.000,400.000,200.000,0,0,NULL,0),
(400,252,23,1.00,849.000,0.000,849.000,849.000,0,0,NULL,0),
(401,252,26,1.00,200.000,0.000,200.000,200.000,0,0,NULL,0),
(402,253,3,1.00,695.000,0.000,695.000,695.000,0,0,NULL,0),
(403,253,4,1.00,749.000,0.000,749.000,749.000,0,0,NULL,0),
(404,254,5,1.00,849.000,0.000,849.000,849.000,0,0,NULL,0),
(405,254,26,3.00,200.000,0.000,600.000,200.000,0,0,NULL,0),
(406,255,26,2.00,200.000,0.000,400.000,200.000,0,0,NULL,0),
(407,256,4,2.00,749.000,0.000,1498.000,749.000,0,0,NULL,0),
(408,257,30,1.00,500.000,0.000,500.000,170.000,0,0,NULL,0),
(409,257,26,1.00,200.000,0.000,200.000,200.000,0,0,NULL,0),
(410,258,2,1.00,495.000,0.000,495.000,495.000,0,0,NULL,0),
(411,258,3,1.00,695.000,0.000,695.000,695.000,0,0,NULL,0),
(412,258,23,1.00,849.000,0.000,849.000,849.000,0,0,NULL,0),
(413,259,22,1.00,895.000,0.000,895.000,895.000,0,0,NULL,0),
(414,259,1,1.00,795.000,0.000,795.000,795.000,0,0,NULL,0),
(415,260,3,1.00,695.000,0.000,695.000,695.000,0,0,NULL,0),
(416,260,2,1.00,495.000,0.000,495.000,495.000,0,0,NULL,0),
(417,260,23,1.00,849.000,0.000,849.000,849.000,0,0,NULL,0),
(418,261,3,2.00,695.000,0.000,1390.000,695.000,0,0,NULL,0),
(419,261,7,1.00,795.000,0.000,795.000,795.000,0,0,NULL,0),
(420,261,23,1.00,849.000,0.000,849.000,849.000,0,0,NULL,0),
(421,262,29,3.00,100.000,0.000,300.000,100.000,0,0,NULL,0),
(422,262,26,6.00,200.000,0.000,1200.000,200.000,0,0,NULL,0),
(423,262,26,1.00,200.000,0.000,200.000,200.000,0,0,NULL,0),
(424,263,32,2.00,100.000,0.000,200.000,50.000,0,0,NULL,0),
(425,263,31,2.00,139.000,0.000,278.000,133.000,0,0,NULL,0),
(426,263,2,1.00,495.000,0.000,495.000,495.000,0,0,NULL,0),
(427,263,6,1.00,695.000,0.000,695.000,695.000,0,0,NULL,0),
(428,264,32,2.00,100.000,0.000,200.000,50.000,0,0,NULL,0),
(429,265,32,1.00,180.000,0.000,180.000,50.000,0,0,NULL,0),
(430,266,1,1.00,795.000,0.000,795.000,795.000,0,0,NULL,0),
(431,267,2,1.00,495.000,0.000,495.000,495.000,0,0,NULL,0),
(432,267,3,1.00,695.000,0.000,695.000,695.000,0,0,NULL,0),
(433,267,6,1.00,695.000,0.000,695.000,695.000,0,0,NULL,0),
(434,267,21,1.00,795.000,0.000,795.000,795.000,0,0,NULL,0),
(435,268,3,1.00,695.000,0.000,695.000,695.000,0,0,NULL,0),
(436,268,23,1.00,849.000,0.000,849.000,849.000,0,0,NULL,0),
(437,269,32,1.00,100.000,0.000,100.000,50.000,0,0,NULL,0),
(438,269,3,1.00,695.000,0.000,695.000,695.000,0,0,NULL,0),
(439,269,18,1.00,580.000,0.000,580.000,580.000,0,0,NULL,0),
(440,269,18,1.00,580.000,0.000,580.000,580.000,0,0,NULL,0),
(441,270,26,2.00,200.000,0.000,400.000,200.000,0,0,NULL,0),
(442,271,2,2.00,495.000,0.000,990.000,495.000,0,0,NULL,0),
(443,272,26,3.00,200.000,0.000,600.000,200.000,0,0,NULL,0),
(444,273,26,1.00,500.000,0.000,500.000,200.000,0,0,NULL,0),
(445,274,3,1.00,695.000,0.000,695.000,695.000,0,0,NULL,0),
(446,274,24,1.00,995.000,0.000,995.000,995.000,0,0,NULL,0),
(447,275,2,1.00,495.000,0.000,495.000,495.000,0,0,NULL,0),
(448,275,27,1.00,100.000,0.000,100.000,170.000,0,0,NULL,0),
(449,276,33,1.00,3000.000,0.000,3000.000,100.000,0,0,NULL,0),
(450,277,29,5.00,100.000,0.000,500.000,100.000,0,0,NULL,0),
(451,278,1,1.00,795.000,0.000,795.000,795.000,0,0,NULL,0),
(452,278,6,1.00,695.000,0.000,695.000,695.000,0,0,NULL,0),
(453,279,3,1.00,695.000,0.000,695.000,695.000,0,0,NULL,0),
(454,279,15,1.00,395.000,0.000,395.000,395.000,0,0,NULL,0),
(455,280,15,1.00,395.000,0.000,395.000,395.000,0,0,NULL,0),
(456,281,17,1.00,580.000,0.000,580.000,580.000,0,0,NULL,0),
(457,281,16,1.00,550.000,0.000,550.000,550.000,0,0,NULL,0),
(458,282,30,1.00,500.000,0.000,500.000,170.000,0,0,NULL,0),
(459,282,11,1.00,500.000,0.000,500.000,295.000,0,0,NULL,0),
(460,283,26,5.00,200.000,0.000,1000.000,200.000,0,0,NULL,0),
(461,283,2,1.00,495.000,0.000,495.000,495.000,0,0,NULL,0),
(462,284,28,1.00,350.000,0.000,350.000,340.000,0,0,NULL,0),
(463,285,1,1.00,795.000,0.000,795.000,795.000,0,0,NULL,0),
(464,285,7,1.00,795.000,0.000,795.000,795.000,0,0,NULL,0),
(465,286,22,1.00,895.000,0.000,895.000,895.000,0,0,NULL,0),
(466,286,2,1.00,495.000,0.000,495.000,495.000,0,0,NULL,0),
(467,286,26,3.00,200.000,0.000,600.000,200.000,0,0,NULL,0),
(468,287,26,5.00,200.000,0.000,1000.000,200.000,0,0,NULL,0),
(469,288,1,1.00,795.000,0.000,795.000,795.000,0,0,NULL,0),
(470,289,2,1.00,495.000,0.000,495.000,495.000,0,0,NULL,0),
(471,289,5,1.00,849.000,0.000,849.000,849.000,0,0,NULL,0),
(472,290,1,3.00,795.000,0.000,2385.000,795.000,0,0,NULL,0),
(473,290,21,1.00,795.000,0.000,795.000,795.000,0,0,NULL,0),
(474,291,22,1.00,895.000,0.000,895.000,895.000,0,0,NULL,0),
(475,291,2,1.00,495.000,0.000,495.000,495.000,0,0,NULL,0),
(476,292,2,1.00,495.000,0.000,495.000,495.000,0,0,NULL,0),
(477,293,26,5.00,200.000,0.000,1000.000,200.000,0,0,NULL,0),
(478,293,1,1.00,795.000,0.000,795.000,795.000,0,0,NULL,0),
(479,293,24,1.00,995.000,0.000,995.000,995.000,0,0,NULL,0),
(480,294,3,1.00,695.000,0.000,695.000,695.000,0,0,NULL,0),
(481,294,7,1.00,795.000,0.000,795.000,795.000,0,0,NULL,0),
(482,295,26,6.00,200.000,0.000,1200.000,200.000,0,0,NULL,0),
(483,296,23,1.00,849.000,0.000,849.000,849.000,0,0,NULL,0),
(484,297,26,3.00,200.000,0.000,600.000,200.000,0,0,NULL,0),
(485,297,1,1.00,795.000,0.000,795.000,795.000,0,0,NULL,0),
(486,298,26,7.00,200.000,0.000,1400.000,200.000,0,0,NULL,0),
(487,299,26,2.00,200.000,0.000,400.000,200.000,0,0,NULL,0),
(488,300,26,1.00,200.000,0.000,200.000,200.000,0,0,NULL,0),
(489,301,26,4.00,200.000,0.000,800.000,200.000,0,0,NULL,0),
(490,302,3,1.00,695.000,0.000,695.000,695.000,0,0,NULL,0),
(491,302,23,1.00,849.000,0.000,849.000,849.000,0,0,NULL,0),
(492,303,1,1.00,795.000,0.000,795.000,795.000,0,0,NULL,0),
(493,303,21,1.00,795.000,0.000,795.000,795.000,0,0,NULL,0),
(494,304,1,1.00,795.000,0.000,795.000,795.000,0,0,NULL,0),
(495,304,21,1.00,795.000,0.000,795.000,795.000,0,0,NULL,0),
(496,305,1,1.00,795.000,0.000,795.000,795.000,0,0,NULL,0),
(497,305,21,1.00,795.000,0.000,795.000,795.000,0,0,NULL,0),
(498,306,1,1.00,795.000,0.000,795.000,795.000,0,0,NULL,0),
(499,306,21,1.00,795.000,0.000,795.000,795.000,0,0,NULL,0),
(500,307,1,1.00,795.000,0.000,795.000,795.000,0,0,NULL,0),
(501,307,21,1.00,795.000,0.000,795.000,795.000,0,0,NULL,0),
(502,308,2,1.00,495.000,0.000,495.000,495.000,0,0,NULL,0),
(503,308,22,1.00,895.000,0.000,895.000,895.000,0,0,NULL,0),
(504,309,23,1.00,849.000,0.000,849.000,849.000,0,0,NULL,0),
(505,310,23,1.00,849.000,0.000,849.000,849.000,0,0,NULL,0),
(506,311,17,1.00,580.000,0.000,580.000,580.000,0,0,NULL,0),
(507,311,29,1.00,100.000,0.000,100.000,100.000,0,0,NULL,0),
(508,312,22,1.00,895.000,0.000,895.000,895.000,0,0,NULL,0),
(509,313,22,2.00,895.000,0.000,1790.000,895.000,0,0,NULL,0),
(510,314,22,1.00,895.000,0.000,895.000,895.000,0,0,NULL,0),
(511,315,8,1.00,430.000,0.000,430.000,430.000,0,0,NULL,0),
(512,315,15,1.00,395.000,0.000,395.000,395.000,0,0,NULL,0),
(513,316,26,5.00,200.000,0.000,1000.000,200.000,0,0,NULL,0),
(514,317,3,1.00,695.000,0.000,695.000,695.000,0,0,NULL,0),
(515,317,6,1.00,695.000,0.000,695.000,695.000,0,0,NULL,0),
(516,318,21,1.00,795.000,0.000,795.000,795.000,0,0,NULL,0),
(517,318,28,1.00,1000.000,0.000,1000.000,340.000,0,0,NULL,0),
(518,319,10,1.00,449.000,0.000,449.000,449.000,0,0,NULL,0),
(519,319,3,1.00,695.000,0.000,695.000,695.000,0,0,NULL,0),
(520,320,1,1.00,795.000,0.000,795.000,795.000,0,0,NULL,0),
(521,320,6,1.00,695.000,0.000,695.000,695.000,0,0,NULL,0),
(522,321,2,1.00,495.000,0.000,495.000,495.000,0,0,NULL,0),
(523,321,1,1.00,795.000,0.000,795.000,795.000,0,0,NULL,0),
(524,321,3,1.00,695.000,0.000,695.000,695.000,0,0,NULL,0),
(525,321,22,1.00,895.000,0.000,895.000,895.000,0,0,NULL,0),
(526,322,18,1.00,580.000,0.000,580.000,580.000,0,0,NULL,0),
(527,323,31,4.00,176.000,0.000,704.000,133.000,0,0,NULL,0),
(528,324,31,2.00,150.000,0.000,300.000,133.000,0,0,NULL,0),
(529,325,4,1.00,749.000,0.000,749.000,749.000,0,0,NULL,0),
(530,326,15,2.00,395.000,0.000,790.000,395.000,0,0,NULL,0),
(531,326,30,1.00,200.000,0.000,200.000,170.000,0,0,NULL,0),
(532,327,30,1.00,500.000,0.000,500.000,170.000,0,0,NULL,0),
(533,328,26,5.00,200.000,0.000,1000.000,200.000,0,0,NULL,0),
(534,329,26,5.00,200.000,0.000,1000.000,200.000,0,0,NULL,0),
(535,330,22,1.00,895.000,0.000,895.000,895.000,0,0,NULL,0),
(536,330,1,1.00,795.000,0.000,795.000,795.000,0,0,NULL,0),
(537,331,20,1.00,730.000,0.000,730.000,730.000,0,0,NULL,0),
(538,332,26,5.00,200.000,0.000,1000.000,200.000,0,0,NULL,0),
(539,333,2,1.00,495.000,0.000,495.000,495.000,0,0,NULL,0),
(540,334,33,1.00,3000.000,0.000,3000.000,100.000,0,0,NULL,0),
(541,335,1,1.00,795.000,0.000,795.000,795.000,0,0,NULL,0),
(542,335,24,1.00,995.000,0.000,995.000,995.000,0,0,NULL,0),
(543,336,1,1.00,795.000,0.000,795.000,795.000,0,0,NULL,0),
(544,337,1,2.00,795.000,0.000,1590.000,795.000,0,0,NULL,0),
(545,337,24,1.00,995.000,0.000,995.000,995.000,0,0,NULL,0),
(546,337,4,1.00,749.000,0.000,749.000,749.000,0,0,NULL,0),
(547,338,3,1.00,695.000,0.000,695.000,695.000,0,0,NULL,0),
(548,338,16,1.00,550.000,0.000,550.000,550.000,0,0,NULL,0),
(549,338,24,1.00,995.000,0.000,995.000,995.000,0,0,NULL,0),
(550,338,32,1.00,275.000,0.000,275.000,50.000,0,0,NULL,0),
(551,339,1,1.00,795.000,0.000,795.000,795.000,0,0,NULL,0),
(552,340,21,1.00,795.000,0.000,795.000,795.000,0,0,NULL,0),
(553,340,3,1.00,695.000,0.000,695.000,695.000,0,0,NULL,0),
(554,341,3,1.00,695.000,0.000,695.000,695.000,0,0,NULL,0),
(555,341,23,1.00,849.000,0.000,849.000,849.000,0,0,NULL,0),
(556,341,31,2.00,157.000,0.000,314.000,133.000,0,0,NULL,0),
(557,342,2,1.00,495.000,0.000,495.000,495.000,0,0,NULL,0),
(558,342,16,1.00,550.000,0.000,550.000,550.000,0,0,NULL,0),
(559,342,1,1.00,795.000,0.000,795.000,795.000,0,0,NULL,0),
(560,343,32,1.00,200.000,0.000,200.000,50.000,0,0,NULL,0),
(561,344,3,1.00,695.000,0.000,695.000,695.000,0,0,NULL,0),
(562,344,31,4.00,133.000,0.000,532.000,133.000,0,0,NULL,0),
(563,345,3,1.00,695.000,0.000,695.000,695.000,0,0,NULL,0),
(564,345,1,1.00,795.000,0.000,795.000,795.000,0,0,NULL,0),
(565,345,29,2.00,100.000,0.000,200.000,100.000,0,0,NULL,0),
(566,345,26,6.00,200.000,0.000,1200.000,200.000,0,0,NULL,0),
(567,345,31,2.00,133.000,0.000,266.000,133.000,0,0,NULL,0),
(568,346,2,1.00,495.000,0.000,495.000,495.000,0,0,NULL,0),
(569,347,31,1.00,150.000,0.000,150.000,133.000,0,0,NULL,0),
(570,348,1,2.00,795.000,0.000,1590.000,795.000,0,0,NULL,0),
(571,348,31,1.00,157.000,0.000,157.000,133.000,0,0,NULL,0),
(572,349,26,1.00,200.000,0.000,200.000,200.000,0,0,NULL,0),
(573,349,29,2.00,100.000,0.000,200.000,100.000,0,0,NULL,0),
(574,349,27,1.00,200.000,0.000,200.000,170.000,0,0,NULL,0),
(575,349,28,1.00,350.000,0.000,350.000,340.000,0,0,NULL,0),
(576,350,32,1.00,100.000,0.000,100.000,50.000,0,0,NULL,0),
(577,351,29,3.00,100.000,0.000,300.000,100.000,0,0,NULL,0),
(578,352,21,1.00,795.000,0.000,795.000,795.000,0,0,NULL,0),
(579,352,2,1.00,495.000,0.000,495.000,495.000,0,0,NULL,0),
(580,352,3,1.00,695.000,0.000,695.000,695.000,0,0,NULL,0),
(581,353,5,1.00,849.000,0.000,849.000,849.000,0,0,NULL,0),
(582,353,23,1.00,849.000,0.000,849.000,849.000,0,0,NULL,0),
(583,353,3,2.00,695.000,0.000,1390.000,695.000,0,0,NULL,0),
(584,353,1,1.00,795.000,0.000,795.000,795.000,0,0,NULL,0),
(585,354,26,5.00,200.000,0.000,1000.000,200.000,0,0,NULL,0),
(586,355,31,2.00,140.000,0.000,280.000,133.000,0,0,NULL,0),
(587,356,2,1.00,495.000,0.000,495.000,495.000,0,0,NULL,0),
(588,357,31,1.00,450.000,0.000,450.000,133.000,0,0,NULL,0),
(589,358,13,1.00,395.000,0.000,395.000,395.000,0,0,NULL,0),
(590,358,2,1.00,495.000,0.000,495.000,495.000,0,0,NULL,0),
(591,358,12,2.00,430.000,0.000,860.000,430.000,0,0,NULL,0),
(592,359,2,1.00,495.000,0.000,495.000,495.000,0,0,NULL,0),
(593,360,3,1.00,695.000,0.000,695.000,695.000,0,0,NULL,0),
(594,360,24,1.00,995.000,0.000,995.000,995.000,0,0,NULL,0),
(595,360,26,2.00,200.000,0.000,400.000,200.000,0,0,NULL,0),
(596,360,29,5.00,100.000,0.000,500.000,100.000,0,0,NULL,0),
(597,361,26,2.00,200.000,0.000,400.000,200.000,0,0,NULL,0),
(598,361,1,1.00,795.000,0.000,795.000,795.000,0,0,NULL,0),
(599,362,9,4.00,150.000,0.000,600.000,330.000,0,0,NULL,0),
(600,362,30,1.00,200.000,0.000,200.000,170.000,0,0,NULL,0),
(601,362,22,1.00,895.000,0.000,895.000,895.000,0,0,NULL,0),
(602,362,2,2.00,495.000,0.000,990.000,495.000,0,0,NULL,0),
(603,362,11,1.00,430.000,0.000,430.000,295.000,0,0,NULL,0),
(604,362,31,4.00,148.000,0.000,592.000,133.000,0,0,NULL,0),
(605,363,31,2.00,199.000,0.000,398.000,133.000,0,0,NULL,0),
(606,364,30,1.00,200.000,0.000,200.000,170.000,0,0,NULL,0),
(607,365,34,3.00,150.000,0.000,450.000,100.000,0,0,NULL,0),
(608,365,3,2.00,695.000,0.000,1390.000,695.000,0,0,NULL,0),
(609,365,1,1.00,795.000,0.000,795.000,795.000,0,0,NULL,0),
(610,365,24,1.00,995.000,0.000,995.000,995.000,0,0,NULL,0),
(611,366,22,1.00,895.000,0.000,895.000,895.000,0,0,NULL,0),
(612,366,34,1.00,40.000,0.000,40.000,100.000,0,0,NULL,0),
(613,367,33,1.00,2000.000,0.000,2000.000,100.000,0,0,NULL,0),
(614,368,3,2.00,695.000,0.000,1390.000,695.000,0,0,NULL,0),
(615,369,29,1.00,100.000,0.000,100.000,100.000,0,0,NULL,0),
(616,370,2,1.00,495.000,0.000,495.000,495.000,0,0,NULL,0),
(617,371,5,1.00,849.000,0.000,849.000,849.000,0,0,NULL,0),
(618,372,2,1.00,495.000,0.000,495.000,495.000,0,0,NULL,0),
(619,373,30,1.00,500.000,0.000,500.000,170.000,0,0,NULL,0),
(620,373,26,5.00,200.000,0.000,1000.000,200.000,0,0,NULL,0),
(621,374,3,1.00,695.000,0.000,695.000,695.000,0,0,NULL,0),
(622,374,5,1.00,849.000,0.000,849.000,849.000,0,0,NULL,0),
(623,375,29,5.00,100.000,0.000,500.000,100.000,0,0,NULL,0),
(624,376,34,1.00,150.000,0.000,150.000,100.000,0,0,NULL,0),
(625,376,34,2.00,40.000,0.000,80.000,100.000,0,0,NULL,0),
(626,376,34,1.00,400.000,0.000,400.000,100.000,0,0,NULL,0),
(627,376,1,3.00,795.000,0.000,2385.000,795.000,0,0,NULL,0),
(628,376,22,1.00,895.000,0.000,895.000,895.000,0,0,NULL,0),
(629,377,26,2.00,200.000,0.000,400.000,200.000,0,0,NULL,0),
(630,378,17,1.00,580.000,0.000,580.000,580.000,0,0,NULL,0),
(631,378,16,1.00,550.000,0.000,550.000,550.000,0,0,NULL,0),
(632,379,7,1.00,795.000,0.000,795.000,795.000,0,0,NULL,0),
(633,380,26,2.00,200.000,0.000,400.000,200.000,0,0,NULL,0),
(634,380,4,1.00,749.000,0.000,749.000,749.000,0,0,NULL,0),
(635,380,2,1.00,495.000,0.000,495.000,495.000,0,0,NULL,0),
(636,381,17,1.00,580.000,0.000,580.000,580.000,0,0,NULL,0),
(637,381,3,1.00,695.000,0.000,695.000,695.000,0,0,NULL,0),
(638,381,30,1.00,500.000,0.000,500.000,170.000,0,0,NULL,0),
(639,381,23,1.00,849.000,0.000,849.000,849.000,0,0,NULL,0),
(640,381,1,1.00,795.000,0.000,795.000,795.000,0,0,NULL,0),
(641,382,16,1.00,550.000,0.000,550.000,550.000,0,0,NULL,0),
(642,382,19,1.00,450.000,0.000,450.000,450.000,0,0,NULL,0),
(643,382,9,1.00,330.000,0.000,330.000,330.000,0,0,NULL,0),
(644,383,22,1.00,895.000,0.000,895.000,895.000,0,0,NULL,0),
(645,384,1,1.00,795.000,0.000,795.000,795.000,0,0,NULL,0),
(646,384,3,1.00,695.000,0.000,695.000,695.000,0,0,NULL,0),
(647,384,14,1.00,550.000,0.000,550.000,550.000,0,0,NULL,0),
(648,385,13,1.00,395.000,0.000,395.000,395.000,0,0,NULL,0),
(649,385,10,1.00,449.000,0.000,449.000,449.000,0,0,NULL,0),
(650,386,30,2.00,500.000,0.000,1000.000,170.000,0,0,NULL,0),
(651,387,9,1.00,330.000,0.000,330.000,330.000,0,0,NULL,0),
(652,388,26,5.00,200.000,0.000,1000.000,200.000,0,0,NULL,0),
(653,389,2,1.00,495.000,0.000,495.000,495.000,0,0,NULL,0),
(654,390,13,1.00,395.000,0.000,395.000,395.000,0,0,NULL,0),
(655,390,26,4.00,200.000,0.000,800.000,200.000,0,0,NULL,0),
(656,391,7,1.00,795.000,0.000,795.000,795.000,0,0,NULL,0),
(657,392,16,1.00,550.000,0.000,550.000,550.000,0,0,NULL,0),
(658,392,8,1.00,430.000,0.000,430.000,430.000,0,0,NULL,0),
(659,393,2,1.00,495.000,0.000,495.000,495.000,0,0,NULL,0),
(660,393,3,1.00,695.000,0.000,695.000,695.000,0,0,NULL,0),
(661,393,7,1.00,795.000,0.000,795.000,795.000,0,0,NULL,0),
(662,394,18,1.00,580.000,0.000,580.000,580.000,0,0,NULL,0),
(663,394,25,1.00,795.000,0.000,795.000,795.000,0,0,NULL,0),
(664,394,31,2.00,148.000,0.000,296.000,133.000,0,0,NULL,0),
(665,395,26,5.00,200.000,0.000,1000.000,200.000,0,0,NULL,0),
(666,395,29,5.00,100.000,0.000,500.000,100.000,0,0,NULL,0),
(667,395,31,2.00,180.000,0.000,360.000,133.000,0,0,NULL,0),
(668,396,26,2.00,200.000,0.000,400.000,200.000,0,0,NULL,0),
(669,397,5,1.00,849.000,0.000,849.000,849.000,0,0,NULL,0),
(670,398,23,1.00,849.000,0.000,849.000,849.000,0,0,NULL,0),
(671,398,1,2.00,795.000,0.000,1590.000,795.000,0,0,NULL,0),
(672,398,28,1.00,400.000,0.000,400.000,340.000,0,0,NULL,0),
(673,399,26,5.00,200.000,0.000,1000.000,200.000,0,0,NULL,0),
(674,400,2,2.00,495.000,0.000,990.000,495.000,0,0,NULL,0),
(675,400,24,1.00,995.000,0.000,995.000,995.000,0,0,NULL,0),
(676,401,1,3.00,795.000,0.000,2385.000,795.000,0,0,NULL,0),
(677,401,26,2.00,500.000,0.000,1000.000,200.000,0,0,NULL,0),
(678,402,2,1.00,495.000,0.000,495.000,495.000,0,0,NULL,0),
(679,402,24,1.00,995.000,0.000,995.000,995.000,0,0,NULL,0),
(680,403,2,1.00,495.000,0.000,495.000,495.000,0,0,NULL,0),
(681,403,6,1.00,695.000,0.000,695.000,695.000,0,0,NULL,0),
(682,404,26,1.00,200.000,0.000,200.000,200.000,0,0,NULL,0),
(683,404,1,1.00,795.000,0.000,795.000,795.000,0,0,NULL,0),
(684,405,26,2.00,200.000,0.000,400.000,200.000,0,0,NULL,0),
(685,405,2,1.00,495.000,0.000,495.000,495.000,0,0,NULL,0),
(686,405,3,1.00,695.000,0.000,695.000,695.000,0,0,NULL,0),
(687,405,25,1.00,795.000,0.000,795.000,795.000,0,0,NULL,0),
(688,406,7,1.00,795.000,0.000,795.000,795.000,0,0,NULL,0),
(689,407,10,1.00,449.000,0.000,449.000,449.000,0,0,NULL,0),
(690,408,8,1.00,430.000,0.000,430.000,430.000,0,0,NULL,0),
(691,409,3,1.00,695.000,0.000,695.000,695.000,0,0,NULL,0),
(692,410,8,1.00,430.000,0.000,430.000,430.000,0,0,NULL,0),
(693,411,3,2.00,695.000,0.000,1390.000,695.000,0,0,NULL,0),
(694,411,23,1.00,849.000,0.000,849.000,849.000,0,0,NULL,0),
(695,412,22,1.00,895.000,0.000,895.000,895.000,0,0,NULL,0),
(696,413,6,1.00,695.000,0.000,695.000,695.000,0,0,NULL,0),
(697,413,31,1.00,50.000,0.000,50.000,133.000,0,0,NULL,0),
(698,414,26,3.00,200.000,0.000,600.000,200.000,0,0,NULL,0),
(699,415,19,1.00,450.000,0.000,450.000,450.000,0,0,NULL,0),
(700,415,22,1.00,895.000,0.000,895.000,895.000,0,0,NULL,0),
(701,416,26,2.00,500.000,0.000,1000.000,200.000,0,0,NULL,0),
(702,417,26,5.00,200.000,0.000,1000.000,200.000,0,0,NULL,0),
(703,418,2,1.00,495.000,0.000,495.000,495.000,0,0,NULL,0),
(704,418,32,2.00,20.000,0.000,40.000,50.000,0,0,NULL,0),
(705,418,32,2.00,50.000,0.000,100.000,50.000,0,0,NULL,0),
(706,419,3,1.00,695.000,0.000,695.000,695.000,0,0,NULL,0),
(707,419,1,1.00,795.000,0.000,795.000,795.000,0,0,NULL,0),
(708,419,24,1.00,995.000,0.000,995.000,995.000,0,0,NULL,0),
(709,419,31,1.00,180.000,0.000,180.000,133.000,0,0,NULL,0),
(710,420,2,2.00,495.000,0.000,990.000,495.000,0,0,NULL,0),
(711,421,5,1.00,849.000,0.000,849.000,849.000,0,0,NULL,0),
(712,422,2,1.00,495.000,0.000,495.000,495.000,0,0,NULL,0),
(713,422,8,1.00,430.000,0.000,430.000,430.000,0,0,NULL,0),
(714,422,29,1.00,100.000,0.000,100.000,100.000,0,0,NULL,0),
(715,423,30,2.00,125.000,0.000,250.000,170.000,0,0,NULL,0),
(716,424,30,3.00,170.000,0.000,510.000,170.000,0,0,NULL,0),
(717,425,30,2.00,125.000,0.000,250.000,170.000,0,0,NULL,0),
(718,426,16,1.00,550.000,0.000,550.000,550.000,0,0,NULL,0),
(719,426,3,1.00,695.000,0.000,695.000,695.000,0,0,NULL,0),
(720,426,29,5.00,100.000,0.000,500.000,100.000,0,0,NULL,0),
(721,427,3,2.00,695.000,0.000,1390.000,695.000,0,0,NULL,0),
(722,427,21,1.00,795.000,0.000,795.000,795.000,0,0,NULL,0),
(723,428,15,1.00,395.000,0.000,395.000,395.000,0,0,NULL,0),
(724,429,1,1.00,795.000,0.000,795.000,795.000,0,0,NULL,0),
(725,430,2,3.00,495.000,0.000,1485.000,495.000,0,0,NULL,0),
(726,430,5,3.00,849.000,0.000,2547.000,849.000,0,0,NULL,0),
(727,431,29,1.00,100.000,0.000,100.000,100.000,0,0,NULL,0),
(728,432,1,1.00,795.000,0.000,795.000,795.000,0,0,NULL,0),
(729,432,4,1.00,749.000,0.000,749.000,749.000,0,0,NULL,0),
(730,432,31,1.00,150.000,0.000,150.000,133.000,0,0,NULL,0),
(731,432,31,1.00,130.000,0.000,130.000,133.000,0,0,NULL,0),
(732,433,26,5.00,200.000,0.000,1000.000,200.000,0,0,NULL,0),
(733,434,25,1.00,795.000,0.000,795.000,795.000,0,0,NULL,0),
(734,435,29,2.00,100.000,0.000,200.000,100.000,0,0,NULL,0),
(735,436,19,1.00,450.000,0.000,450.000,450.000,0,0,NULL,0),
(736,436,8,1.00,430.000,0.000,430.000,430.000,0,0,NULL,0),
(737,437,31,1.00,130.000,0.000,130.000,133.000,0,0,NULL,0),
(738,438,31,3.00,140.000,0.000,420.000,133.000,0,0,NULL,0),
(739,439,3,1.00,695.000,0.000,695.000,695.000,0,0,NULL,0),
(740,439,7,1.00,795.000,0.000,795.000,795.000,0,0,NULL,0),
(741,440,26,5.00,200.000,0.000,1000.000,200.000,0,0,NULL,0),
(742,441,15,1.00,395.000,0.000,395.000,395.000,0,0,NULL,0),
(743,442,25,1.00,795.000,0.000,795.000,795.000,0,0,NULL,0),
(744,442,26,3.00,200.000,0.000,600.000,200.000,0,0,NULL,0),
(745,443,30,1.00,500.000,0.000,500.000,170.000,0,0,NULL,0),
(746,444,30,2.00,125.000,0.000,250.000,170.000,0,0,NULL,0),
(747,445,2,1.00,495.000,0.000,495.000,495.000,0,0,NULL,0),
(748,446,3,1.00,695.000,0.000,695.000,695.000,0,0,NULL,0),
(749,446,1,1.00,795.000,0.000,795.000,795.000,0,0,NULL,0),
(750,446,7,2.00,795.000,0.000,1590.000,795.000,0,0,NULL,0),
(751,446,13,1.00,395.000,0.000,395.000,395.000,0,0,NULL,0),
(752,446,18,1.00,580.000,0.000,580.000,580.000,0,0,NULL,0),
(753,447,26,7.00,200.000,0.000,1400.000,200.000,0,0,NULL,0),
(754,448,31,1.00,157.000,0.000,157.000,133.000,0,0,NULL,0),
(755,449,10,2.00,449.000,0.000,898.000,449.000,0,0,NULL,0),
(756,449,8,2.00,430.000,0.000,860.000,430.000,0,0,NULL,0),
(757,450,29,5.00,100.000,0.000,500.000,100.000,0,0,NULL,0),
(758,451,1,1.00,795.000,0.000,795.000,795.000,0,0,NULL,0),
(759,451,32,1.00,150.000,0.000,150.000,50.000,0,0,NULL,0),
(760,452,28,1.00,400.000,0.000,400.000,340.000,0,0,NULL,0),
(761,452,32,2.00,100.000,0.000,200.000,50.000,0,0,NULL,0),
(762,453,30,1.00,500.000,0.000,500.000,170.000,0,0,NULL,0),
(763,454,30,1.00,1000.000,0.000,1000.000,170.000,0,0,NULL,0),
(764,454,30,1.00,500.000,0.000,500.000,170.000,0,0,NULL,0),
(765,454,30,1.00,500.000,0.000,500.000,170.000,0,0,NULL,0),
(766,454,31,2.00,150.000,0.000,300.000,133.000,0,0,NULL,0),
(767,455,29,1.00,100.000,0.000,100.000,100.000,0,0,NULL,0),
(768,455,29,1.00,500.000,0.000,500.000,100.000,0,0,NULL,0),
(769,455,28,1.00,400.000,0.000,400.000,340.000,0,0,NULL,0),
(770,456,2,2.00,495.000,0.000,990.000,495.000,0,0,NULL,0),
(771,456,18,2.00,580.000,0.000,1160.000,580.000,0,0,NULL,0),
(772,456,21,1.00,795.000,0.000,795.000,795.000,0,0,NULL,0),
(773,456,6,1.00,695.000,0.000,695.000,695.000,0,0,NULL,0),
(774,456,21,1.00,795.000,0.000,795.000,795.000,0,0,NULL,0),
(775,457,3,1.00,695.000,0.000,695.000,695.000,0,0,NULL,0),
(776,457,1,1.00,795.000,0.000,795.000,795.000,0,0,NULL,0),
(777,458,26,2.00,200.000,0.000,400.000,200.000,0,0,NULL,0),
(778,459,24,1.00,995.000,0.000,995.000,995.000,0,0,NULL,0),
(779,460,28,1.00,500.000,0.000,500.000,340.000,0,0,NULL,0),
(780,461,30,1.00,500.000,0.000,500.000,170.000,0,0,NULL,0),
(781,461,1,1.00,795.000,0.000,795.000,795.000,0,0,NULL,0),
(782,461,19,1.00,450.000,0.000,450.000,450.000,0,0,NULL,0),
(783,462,2,3.00,495.000,0.000,1485.000,495.000,0,0,NULL,0),
(784,463,1,1.00,795.000,0.000,795.000,795.000,0,0,NULL,0),
(785,464,5,1.00,849.000,0.000,849.000,849.000,0,0,NULL,0),
(786,464,2,1.00,495.000,0.000,495.000,495.000,0,0,NULL,0),
(787,465,3,1.00,695.000,0.000,695.000,695.000,0,0,NULL,0),
(788,465,22,1.00,895.000,0.000,895.000,895.000,0,0,NULL,0),
(789,466,1,1.00,795.000,0.000,795.000,795.000,0,0,NULL,0),
(790,466,21,1.00,795.000,0.000,795.000,795.000,0,0,NULL,0),
(791,467,24,1.00,995.000,0.000,995.000,995.000,0,0,NULL,0),
(792,468,26,5.00,200.000,0.000,1000.000,200.000,0,0,NULL,0),
(793,469,26,5.00,200.000,0.000,1000.000,200.000,0,0,NULL,0),
(794,469,22,2.00,895.000,0.000,1790.000,895.000,0,0,NULL,0),
(795,470,25,2.00,795.000,0.000,1590.000,795.000,0,0,NULL,0),
(796,470,32,1.00,100.000,0.000,100.000,50.000,0,0,NULL,0),
(797,471,25,1.00,795.000,0.000,795.000,795.000,0,0,NULL,0),
(798,471,29,1.00,500.000,0.000,500.000,100.000,0,0,NULL,0),
(799,471,28,1.00,499.000,0.000,499.000,340.000,0,0,NULL,0),
(800,472,29,5.00,100.000,0.000,500.000,100.000,0,0,NULL,0),
(801,472,30,1.00,500.000,0.000,500.000,170.000,0,0,NULL,0),
(802,472,34,1.00,180.000,0.000,180.000,100.000,0,0,NULL,0),
(803,473,2,1.00,495.000,0.000,495.000,495.000,0,0,NULL,0),
(804,473,16,1.00,550.000,0.000,550.000,550.000,0,0,NULL,0),
(805,473,22,1.00,895.000,0.000,895.000,895.000,0,0,NULL,0),
(806,474,28,1.00,499.000,0.000,499.000,340.000,0,0,NULL,0),
(807,475,1,2.00,795.000,0.000,1590.000,795.000,0,0,NULL,0),
(808,476,3,1.00,695.000,0.000,695.000,695.000,0,0,NULL,0),
(809,477,1,1.00,795.000,0.000,795.000,795.000,0,0,NULL,0),
(810,477,9,1.00,330.000,0.000,330.000,330.000,0,0,NULL,0),
(811,478,23,1.00,849.000,0.000,849.000,849.000,0,0,NULL,0),
(812,479,26,2.00,200.000,0.000,400.000,200.000,0,0,NULL,0),
(813,479,5,1.00,849.000,0.000,849.000,849.000,0,0,NULL,0),
(814,480,1,3.00,795.000,0.000,2385.000,795.000,0,0,NULL,0),
(815,480,2,1.00,495.000,0.000,495.000,495.000,0,0,NULL,0),
(816,480,5,1.00,849.000,0.000,849.000,849.000,0,0,NULL,0),
(817,480,31,3.00,133.000,0.000,399.000,133.000,0,0,NULL,0),
(818,480,31,1.00,139.000,0.000,139.000,133.000,0,0,NULL,0),
(819,481,29,6.00,100.000,0.000,600.000,100.000,0,0,NULL,0),
(820,481,30,2.00,500.000,0.000,1000.000,170.000,0,0,NULL,0),
(821,482,16,1.00,550.000,0.000,550.000,550.000,0,0,NULL,0),
(822,482,23,1.00,849.000,0.000,849.000,849.000,0,0,NULL,0),
(823,482,3,1.00,695.000,0.000,695.000,695.000,0,0,NULL,0),
(824,482,28,1.00,500.000,0.000,500.000,340.000,0,0,NULL,0),
(825,483,30,1.00,200.000,0.000,200.000,170.000,0,0,NULL,0),
(826,484,26,5.00,200.000,0.000,1000.000,200.000,0,0,NULL,0),
(827,484,29,5.00,100.000,0.000,500.000,100.000,0,0,NULL,0),
(828,485,35,2.00,500.000,0.000,1000.000,500.000,0,0,NULL,0),
(829,485,7,1.00,795.000,0.000,795.000,795.000,0,0,NULL,0),
(830,486,21,1.00,795.000,0.000,795.000,795.000,0,0,NULL,0),
(831,487,30,2.00,500.000,0.000,1000.000,170.000,0,0,NULL,0),
(832,488,1,1.00,795.000,0.000,795.000,795.000,0,0,NULL,0),
(833,489,29,4.00,100.000,0.000,400.000,100.000,0,0,NULL,0),
(834,489,9,1.00,330.000,0.000,330.000,330.000,0,0,NULL,0),
(835,489,29,1.00,500.000,0.000,500.000,100.000,0,0,NULL,0),
(836,489,10,3.00,449.000,0.000,1347.000,449.000,0,0,NULL,0),
(837,489,8,1.00,430.000,0.000,430.000,430.000,0,0,NULL,0),
(838,490,26,1.00,200.000,0.000,200.000,200.000,0,0,NULL,0),
(839,491,10,1.00,449.000,0.000,449.000,449.000,0,0,NULL,0),
(840,491,15,1.00,395.000,0.000,395.000,395.000,0,0,NULL,0),
(841,492,2,5.00,495.000,0.000,2475.000,495.000,0,0,NULL,0),
(842,492,7,1.00,795.000,0.000,795.000,795.000,0,0,NULL,0),
(843,492,23,2.00,849.000,0.000,1698.000,849.000,0,0,NULL,0),
(844,492,5,1.00,849.000,0.000,849.000,849.000,0,0,NULL,0),
(845,492,35,1.00,500.000,0.000,500.000,500.000,0,0,NULL,0),
(846,492,29,1.00,100.000,0.000,100.000,100.000,0,0,NULL,0),
(847,493,3,1.00,695.000,0.000,695.000,695.000,0,0,NULL,0),
(848,494,32,1.00,150.000,0.000,150.000,50.000,0,0,NULL,0),
(849,495,22,1.00,895.000,0.000,895.000,895.000,0,0,NULL,0),
(850,495,35,1.00,500.000,0.000,500.000,500.000,0,0,NULL,0),
(851,496,29,5.00,100.000,0.000,500.000,100.000,0,0,NULL,0),
(852,496,9,2.00,330.000,0.000,660.000,330.000,0,0,NULL,0),
(853,497,1,1.00,795.000,0.000,795.000,795.000,0,0,NULL,0),
(854,498,30,1.00,500.000,0.000,500.000,170.000,0,0,NULL,0),
(855,499,28,1.00,500.000,0.000,500.000,340.000,0,0,NULL,0),
(856,500,29,5.00,100.000,0.000,500.000,100.000,0,0,NULL,0),
(857,500,8,1.00,430.000,0.000,430.000,430.000,0,0,NULL,0),
(858,500,28,1.00,500.000,0.000,500.000,340.000,0,0,NULL,0),
(859,501,29,5.00,100.000,0.000,500.000,100.000,0,0,NULL,0),
(860,501,28,1.00,500.000,0.000,500.000,340.000,0,0,NULL,0),
(861,502,9,1.00,500.000,0.000,500.000,330.000,0,0,NULL,0),
(862,502,29,4.00,100.000,0.000,400.000,100.000,0,0,NULL,0),
(863,502,26,5.00,200.000,0.000,1000.000,200.000,0,0,NULL,0),
(864,503,30,1.00,500.000,0.000,500.000,170.000,0,0,NULL,0),
(865,504,3,2.00,695.000,0.000,1390.000,695.000,0,0,NULL,0),
(866,504,29,12.00,100.000,0.000,1200.000,100.000,0,0,NULL,0),
(867,504,8,2.00,430.000,0.000,860.000,430.000,0,0,NULL,0),
(868,504,28,1.00,300.000,0.000,300.000,340.000,0,0,NULL,0),
(869,504,28,1.00,500.000,0.000,500.000,340.000,0,0,NULL,0),
(870,505,9,1.00,500.000,0.000,500.000,330.000,0,0,NULL,0),
(871,505,30,1.00,500.000,0.000,500.000,170.000,0,0,NULL,0),
(872,505,29,1.00,500.000,0.000,500.000,100.000,0,0,NULL,0),
(873,506,2,1.00,495.000,0.000,495.000,495.000,0,0,NULL,0),
(874,507,30,1.00,500.000,0.000,500.000,170.000,0,0,NULL,0),
(875,508,26,3.00,200.000,0.000,600.000,200.000,0,0,NULL,0),
(876,509,2,1.00,495.000,0.000,495.000,495.000,0,0,NULL,0),
(877,509,28,1.00,500.000,0.000,500.000,340.000,0,0,NULL,0),
(878,509,32,1.00,20.000,0.000,20.000,50.000,0,0,NULL,0),
(879,509,34,1.00,50.000,0.000,50.000,100.000,0,0,NULL,0),
(880,510,29,1.00,500.000,0.000,500.000,100.000,0,0,NULL,0),
(881,511,2,1.00,495.000,0.000,495.000,495.000,0,0,NULL,0),
(882,511,10,1.00,449.000,0.000,449.000,449.000,0,0,NULL,0),
(883,511,8,1.00,430.000,0.000,430.000,430.000,0,0,NULL,0),
(884,512,16,1.00,550.000,0.000,550.000,550.000,0,0,NULL,0),
(885,512,22,1.00,895.000,0.000,895.000,895.000,0,0,NULL,0),
(886,513,22,1.00,895.000,0.000,895.000,895.000,0,0,NULL,0),
(887,514,8,1.00,430.000,0.000,430.000,430.000,0,0,NULL,0),
(888,514,29,2.00,500.000,0.000,1000.000,100.000,0,0,NULL,0),
(889,515,30,1.00,500.000,0.000,500.000,170.000,0,0,NULL,0),
(890,515,29,5.00,100.000,0.000,500.000,100.000,0,0,NULL,0),
(891,516,22,1.00,895.000,0.000,895.000,895.000,0,0,NULL,0),
(892,516,8,1.00,430.000,0.000,430.000,430.000,0,0,NULL,0),
(893,517,29,5.00,100.000,0.000,500.000,100.000,0,0,NULL,0),
(894,518,29,3.00,100.000,0.000,300.000,100.000,0,0,NULL,0),
(895,518,9,3.00,330.000,0.000,990.000,330.000,0,0,NULL,0),
(896,518,28,1.00,500.000,0.000,500.000,340.000,0,0,NULL,0),
(897,519,9,1.00,500.000,0.000,500.000,330.000,0,0,NULL,0),
(898,519,29,1.00,500.000,0.000,500.000,100.000,0,0,NULL,0),
(899,520,29,1.00,500.000,0.000,500.000,100.000,0,0,NULL,0),
(900,521,35,2.00,500.000,0.000,1000.000,500.000,0,0,NULL,0),
(901,521,30,1.00,500.000,0.000,500.000,170.000,0,0,NULL,0),
(902,521,34,1.00,40.000,0.000,40.000,100.000,0,0,NULL,0),
(903,521,28,1.00,400.000,0.000,400.000,340.000,0,0,NULL,0),
(904,522,23,1.00,849.000,0.000,849.000,849.000,0,0,NULL,0),
(905,522,26,2.00,200.000,0.000,400.000,200.000,0,0,NULL,0),
(906,522,31,1.00,133.000,0.000,133.000,133.000,0,0,NULL,0),
(907,522,31,1.00,139.000,0.000,139.000,133.000,0,0,NULL,0),
(908,523,26,1.00,400.000,0.000,400.000,200.000,0,0,NULL,0),
(909,524,26,3.00,200.000,0.000,600.000,200.000,0,0,NULL,0),
(910,524,35,1.00,500.000,0.000,500.000,500.000,0,0,NULL,0),
(911,525,32,1.00,150.000,0.000,150.000,50.000,0,0,NULL,0),
(912,526,26,5.00,200.000,0.000,1000.000,200.000,0,0,NULL,0),
(913,527,1,3.00,795.000,0.000,2385.000,795.000,0,0,NULL,0),
(914,527,9,1.00,500.000,0.000,500.000,330.000,0,0,NULL,0),
(915,527,35,2.00,500.000,0.000,1000.000,500.000,0,0,NULL,0),
(916,527,34,1.00,40.000,0.000,40.000,100.000,0,0,NULL,0),
(917,528,1,1.00,795.000,0.000,795.000,795.000,0,0,NULL,0),
(918,529,1,1.00,795.000,0.000,795.000,795.000,0,0,NULL,0),
(919,530,35,2.00,500.000,0.000,1000.000,500.000,0,0,NULL,0),
(920,530,1,1.00,795.000,0.000,795.000,795.000,0,0,NULL,0),
(921,530,21,1.00,795.000,0.000,795.000,795.000,0,0,NULL,0),
(922,530,30,1.00,500.000,0.000,500.000,170.000,0,0,NULL,0),
(923,530,2,1.00,495.000,0.000,495.000,495.000,0,0,NULL,0),
(924,531,35,1.00,500.000,0.000,500.000,500.000,0,0,NULL,0),
(925,531,2,1.00,495.000,0.000,495.000,495.000,0,0,NULL,0),
(926,532,29,1.00,500.000,0.000,500.000,100.000,0,0,NULL,0),
(927,532,29,1.00,100.000,0.000,100.000,100.000,0,0,NULL,0),
(928,532,8,1.00,430.000,0.000,430.000,430.000,0,0,NULL,0),
(929,533,9,1.00,500.000,0.000,500.000,330.000,0,0,NULL,0),
(930,534,29,5.00,100.000,0.000,500.000,100.000,0,0,NULL,0),
(931,534,28,1.00,500.000,0.000,500.000,340.000,0,0,NULL,0),
(932,535,28,1.00,500.000,0.000,500.000,340.000,0,0,NULL,0),
(933,535,34,1.00,50.000,0.000,50.000,100.000,0,0,NULL,0),
(934,536,16,2.00,550.000,0.000,1100.000,550.000,0,0,NULL,0),
(935,537,28,1.00,500.000,0.000,500.000,340.000,0,0,NULL,0),
(936,537,28,1.00,400.000,0.000,400.000,340.000,0,0,NULL,0),
(937,538,32,1.00,100.000,0.000,100.000,50.000,0,0,NULL,0),
(938,539,14,1.00,550.000,0.000,550.000,550.000,0,0,NULL,0),
(939,539,3,1.00,695.000,0.000,695.000,695.000,0,0,NULL,0),
(940,539,29,1.00,500.000,0.000,500.000,100.000,0,0,NULL,0),
(941,540,26,3.00,200.000,0.000,600.000,200.000,0,0,NULL,0),
(942,541,3,1.00,695.000,0.000,695.000,695.000,0,0,NULL,0),
(943,541,23,1.00,849.000,0.000,849.000,849.000,0,0,NULL,0),
(944,541,31,1.00,155.000,0.000,155.000,133.000,0,0,NULL,0),
(945,541,27,1.00,300.000,0.000,300.000,170.000,0,0,NULL,0),
(946,542,13,1.00,395.000,0.000,395.000,395.000,0,0,NULL,0),
(947,542,9,2.00,330.000,0.000,660.000,330.000,0,0,NULL,0),
(948,542,32,4.00,50.000,0.000,200.000,50.000,0,0,NULL,0),
(949,542,32,1.00,100.000,0.000,100.000,50.000,0,0,NULL,0),
(950,543,3,11.00,695.000,0.000,7645.000,695.000,0,0,NULL,0),
(951,544,30,1.00,170.000,0.000,170.000,170.000,0,0,NULL,0),
(952,544,8,1.00,430.000,0.000,430.000,430.000,0,0,NULL,0),
(953,545,2,1.00,495.000,0.000,495.000,495.000,0,0,NULL,0),
(954,546,28,1.00,500.000,0.000,500.000,340.000,0,0,NULL,0),
(955,547,2,1.00,495.000,0.000,495.000,495.000,0,0,NULL,0),
(956,547,35,1.00,500.000,0.000,500.000,500.000,0,0,NULL,0),
(957,548,17,1.00,580.000,0.000,580.000,580.000,0,0,NULL,0),
(958,549,26,3.00,200.000,0.000,600.000,200.000,0,0,NULL,0),
(959,549,28,1.00,500.000,0.000,500.000,340.000,0,0,NULL,0),
(960,550,2,1.00,495.000,0.000,495.000,495.000,0,0,NULL,0),
(961,551,32,1.00,50.000,0.000,50.000,50.000,0,0,NULL,0),
(962,552,30,1.00,500.000,0.000,500.000,170.000,0,0,NULL,0),
(963,553,28,1.00,500.000,0.000,500.000,340.000,0,0,NULL,0),
(964,554,2,1.00,495.000,0.000,495.000,495.000,0,0,NULL,0),
(965,555,29,1.00,500.000,0.000,500.000,100.000,0,0,NULL,0),
(966,555,30,1.00,500.000,0.000,500.000,170.000,0,0,NULL,0),
(967,555,29,5.00,100.000,0.000,500.000,100.000,0,0,NULL,0),
(968,555,8,2.00,430.000,0.000,860.000,430.000,0,0,NULL,0),
(969,556,29,1.00,500.000,0.000,500.000,100.000,0,0,NULL,0),
(970,557,1,1.00,795.000,0.000,795.000,795.000,0,0,NULL,0),
(971,557,26,5.00,200.000,0.000,1000.000,200.000,0,0,NULL,0),
(972,557,2,1.00,495.000,0.000,495.000,495.000,0,0,NULL,0),
(973,558,29,1.00,500.000,0.000,500.000,100.000,0,0,NULL,0),
(974,559,29,5.00,100.000,0.000,500.000,100.000,0,0,NULL,0),
(975,560,29,2.00,100.000,0.000,200.000,100.000,0,0,NULL,0),
(976,561,10,1.00,449.000,0.000,449.000,449.000,0,0,NULL,0),
(977,562,3,2.00,695.000,0.000,1390.000,695.000,0,0,NULL,0),
(978,562,31,1.00,139.000,0.000,139.000,133.000,0,0,NULL,0),
(979,563,2,1.00,495.000,0.000,495.000,495.000,0,0,NULL,0),
(980,564,29,5.00,100.000,0.000,500.000,100.000,0,0,NULL,0),
(981,564,9,2.00,330.000,0.000,660.000,330.000,0,0,NULL,0),
(982,564,8,2.00,430.000,0.000,860.000,430.000,0,0,NULL,0),
(983,564,31,2.00,210.000,0.000,420.000,133.000,0,0,NULL,0),
(984,565,29,2.00,100.000,0.000,200.000,100.000,0,0,NULL,0),
(985,565,8,1.00,430.000,0.000,430.000,430.000,0,0,NULL,0),
(986,566,35,2.00,500.000,0.000,1000.000,500.000,0,0,NULL,0),
(987,566,30,1.00,125.000,0.000,125.000,170.000,0,0,NULL,0),
(988,567,8,1.00,430.000,0.000,430.000,430.000,0,0,NULL,0),
(989,568,3,1.00,695.000,0.000,695.000,695.000,0,0,NULL,0),
(990,569,27,4.00,250.000,0.000,1000.000,170.000,0,0,NULL,0),
(991,570,3,2.00,695.000,0.000,1390.000,695.000,0,0,NULL,0),
(992,570,24,1.00,995.000,0.000,995.000,995.000,0,0,NULL,0),
(993,570,27,1.00,250.000,0.000,250.000,170.000,0,0,NULL,0),
(994,571,2,1.00,495.000,0.000,495.000,495.000,0,0,NULL,0),
(995,572,3,1.00,695.000,0.000,695.000,695.000,0,0,NULL,0),
(996,573,30,1.00,500.000,0.000,500.000,170.000,0,0,NULL,0),
(997,573,7,2.00,795.000,0.000,1590.000,795.000,0,0,NULL,0),
(998,573,2,1.00,495.000,0.000,495.000,495.000,0,0,NULL,0),
(999,574,2,1.00,495.000,0.000,495.000,495.000,0,0,NULL,0),
(1000,575,27,2.00,250.000,0.000,500.000,170.000,0,0,NULL,0),
(1001,576,16,2.00,550.000,0.000,1100.000,550.000,0,0,NULL,0),
(1002,576,21,1.00,795.000,0.000,795.000,795.000,0,0,NULL,0),
(1003,577,1,1.00,795.000,0.000,795.000,795.000,0,0,NULL,0),
(1004,577,10,1.00,449.000,0.000,449.000,449.000,0,0,NULL,0),
(1005,577,12,1.00,430.000,0.000,430.000,430.000,0,0,NULL,0),
(1006,577,15,1.00,395.000,0.000,395.000,395.000,0,0,NULL,0),
(1007,577,35,1.00,500.000,0.000,500.000,500.000,0,0,NULL,0),
(1008,578,30,1.00,500.000,0.000,500.000,170.000,0,0,NULL,0),
(1009,578,32,1.00,180.000,0.000,180.000,50.000,0,0,NULL,0),
(1010,578,32,1.00,150.000,0.000,150.000,50.000,0,0,NULL,0),
(1011,579,31,1.00,180.000,0.000,180.000,133.000,0,0,NULL,0),
(1012,580,29,1.00,100.000,0.000,100.000,100.000,0,0,NULL,0),
(1013,580,30,1.00,150.000,0.000,150.000,170.000,0,0,NULL,0),
(1014,581,5,1.00,849.000,0.000,849.000,849.000,0,0,NULL,0),
(1015,581,4,1.00,749.000,0.000,749.000,749.000,0,0,NULL,0),
(1016,581,26,2.00,200.000,0.000,400.000,200.000,0,0,NULL,0),
(1017,581,22,1.00,895.000,0.000,895.000,895.000,0,0,NULL,0),
(1018,582,3,2.00,695.000,0.000,1390.000,695.000,0,0,NULL,0),
(1019,582,31,1.00,130.000,0.000,130.000,133.000,0,0,NULL,0),
(1020,583,2,1.00,495.000,0.000,495.000,495.000,0,0,NULL,0),
(1021,583,7,1.00,795.000,0.000,795.000,795.000,0,0,NULL,0),
(1022,584,36,1.00,500.000,0.000,500.000,500.000,0,0,NULL,0),
(1023,585,36,1.00,500.000,0.000,500.000,500.000,0,0,NULL,0),
(1024,586,36,2.00,500.000,0.000,1000.000,500.000,0,0,NULL,0),
(1025,587,36,1.00,250.000,0.000,250.000,500.000,0,0,NULL,0),
(1026,588,36,1.00,500.000,0.000,500.000,500.000,0,0,NULL,0),
(1027,589,36,9.00,500.000,0.000,4500.000,500.000,0,0,NULL,0);

/*Table structure for table `prod_bill_due_collection` */

DROP TABLE IF EXISTS `prod_bill_due_collection`;

CREATE TABLE `prod_bill_due_collection` (
  `id` int unsigned NOT NULL AUTO_INCREMENT,
  `bill_id` int NOT NULL,
  `balance` double(10,2) DEFAULT NULL,
  `paid` double(10,2) DEFAULT NULL,
  `finalBalance` double(10,2) DEFAULT NULL,
  `mode` int DEFAULT NULL,
  `bankOption` int DEFAULT NULL,
  `uid` int NOT NULL,
  `collectDate` varchar(255) DEFAULT NULL,
  `collectTime` varchar(255) DEFAULT NULL,
  `date` date DEFAULT NULL,
  `time` time DEFAULT NULL,
  PRIMARY KEY (`id`),
  KEY `billId` (`bill_id`)
) ENGINE=InnoDB DEFAULT CHARSET=latin1;

/*Data for the table `prod_bill_due_collection` */

/*Table structure for table `prod_bill_payment` */

DROP TABLE IF EXISTS `prod_bill_payment`;

CREATE TABLE `prod_bill_payment` (
  `id` int unsigned NOT NULL AUTO_INCREMENT,
  `bill_id` int NOT NULL,
  `cash` double(10,2) DEFAULT '0.00',
  `bank` double(10,2) DEFAULT '0.00',
  `paymentType` int DEFAULT '0' COMMENT 'prod_bill_payment_type',
  PRIMARY KEY (`id`),
  KEY `billid` (`bill_id`),
  KEY `paymentType` (`paymentType`)
) ENGINE=InnoDB AUTO_INCREMENT=590 DEFAULT CHARSET=latin1;

/*Data for the table `prod_bill_payment` */

insert  into `prod_bill_payment`(`id`,`bill_id`,`cash`,`bank`,`paymentType`) values 
(1,1,695.00,0.00,0),
(2,2,650.00,0.00,0),
(3,3,495.00,0.00,0),
(4,4,1000.00,0.00,0),
(5,5,200.00,0.00,0),
(6,6,750.00,0.00,0),
(7,7,1340.00,0.00,0),
(8,8,990.00,0.00,0),
(9,9,1495.00,0.00,0),
(10,10,680.00,0.00,0),
(11,11,990.00,0.00,0),
(12,12,200.00,0.00,0),
(13,13,1000.00,0.00,0),
(14,14,170.00,0.00,0),
(15,15,1000.00,0.00,0),
(16,16,100.00,0.00,0),
(17,17,100.00,0.00,0),
(18,18,200.00,0.00,0),
(19,19,200.00,0.00,0),
(20,20,499.00,0.00,0),
(21,21,1000.00,0.00,0),
(22,22,380.00,0.00,0),
(23,23,1100.00,0.00,0),
(24,24,1430.00,0.00,0),
(25,25,1000.00,0.00,0),
(26,26,500.00,0.00,0),
(27,27,500.00,0.00,0),
(28,28,1400.00,0.00,0),
(29,29,1500.00,0.00,0),
(30,30,500.00,0.00,0),
(31,31,1000.00,0.00,0),
(32,32,1800.00,0.00,0),
(33,33,1200.00,0.00,0),
(34,34,1000.00,0.00,0),
(35,35,1450.00,0.00,0),
(36,36,2500.00,0.00,0),
(37,37,1000.00,0.00,0),
(38,38,1500.00,0.00,0),
(39,39,1404.00,0.00,0),
(40,40,1000.00,0.00,0),
(41,41,600.00,0.00,0),
(42,42,200.00,0.00,0),
(43,43,150.00,0.00,0),
(44,44,2300.00,0.00,0),
(45,45,-677.00,0.00,0),
(46,46,1200.00,0.00,0),
(47,47,800.00,0.00,0),
(48,48,1000.00,0.00,0),
(49,49,750.00,0.00,0),
(50,50,700.00,0.00,0),
(51,51,1000.00,0.00,0),
(52,52,1050.00,0.00,0),
(53,53,1700.00,0.00,0),
(54,54,990.00,0.00,0),
(55,55,3150.00,0.00,0),
(56,56,600.00,0.00,0),
(57,57,650.00,0.00,0),
(58,58,1550.00,0.00,0),
(59,59,1000.00,0.00,0),
(60,60,1150.00,0.00,0),
(61,61,1000.00,0.00,0),
(62,62,400.00,0.00,0),
(63,63,400.00,0.00,0),
(64,64,1500.00,0.00,0),
(65,65,1000.00,0.00,0),
(66,66,2750.00,0.00,0),
(67,67,500.00,0.00,0),
(68,68,600.00,0.00,0),
(69,69,1000.00,0.00,0),
(70,70,500.00,0.00,0),
(71,71,1190.00,0.00,0),
(72,72,1190.00,0.00,0),
(73,73,1000.00,0.00,0),
(74,74,500.00,0.00,0),
(75,75,1495.00,0.00,0),
(76,76,900.00,0.00,0),
(77,77,1000.00,0.00,0),
(78,78,1000.00,0.00,0),
(79,79,3200.00,0.00,0),
(80,80,3000.00,0.00,0),
(81,81,2340.00,0.00,0),
(82,82,1000.00,0.00,0),
(83,83,1200.00,0.00,0),
(84,84,780.00,0.00,0),
(85,85,2700.00,0.00,0),
(86,86,450.00,0.00,0),
(87,87,1000.00,0.00,0),
(88,88,800.00,0.00,0),
(89,89,200.00,0.00,0),
(90,90,1000.00,0.00,0),
(91,91,900.00,0.00,0),
(92,92,200.00,0.00,0),
(93,93,1000.00,0.00,0),
(94,94,200.00,0.00,0),
(95,95,500.00,0.00,0),
(96,96,900.00,0.00,0),
(97,97,500.00,0.00,0),
(98,98,1000.00,0.00,0),
(99,99,950.00,0.00,0),
(100,100,1000.00,0.00,0),
(101,101,1000.00,0.00,0),
(102,102,450.00,0.00,0),
(103,103,500.00,0.00,0),
(104,104,1050.00,0.00,0),
(105,105,1400.00,0.00,0),
(106,106,1000.00,0.00,0),
(107,107,1100.00,0.00,0),
(108,108,360.00,0.00,0),
(109,109,495.00,0.00,0),
(110,110,1700.00,0.00,0),
(111,111,1000.00,0.00,0),
(112,112,2600.00,0.00,0),
(113,113,1000.00,0.00,0),
(114,114,1300.00,0.00,0),
(115,115,1301.00,0.00,0),
(116,116,1549.00,0.00,0),
(117,117,1500.00,0.00,0),
(118,118,396.00,0.00,0),
(119,119,500.00,0.00,0),
(120,120,1400.00,0.00,0),
(121,121,500.00,0.00,0),
(122,122,3200.00,0.00,0),
(123,123,1090.00,0.00,0),
(124,124,1600.00,0.00,0),
(125,125,1250.00,0.00,0),
(126,126,1700.00,0.00,0),
(127,127,1780.00,0.00,0),
(128,128,1950.00,0.00,0),
(129,129,1200.00,0.00,0),
(130,130,500.00,0.00,0),
(131,131,1000.00,0.00,0),
(132,132,500.00,0.00,0),
(133,133,480.00,0.00,0),
(134,134,1490.00,0.00,0),
(135,135,200.00,0.00,0),
(136,136,500.00,0.00,0),
(137,137,400.00,0.00,0),
(138,138,500.00,0.00,0),
(139,139,500.00,0.00,0),
(140,140,1600.00,0.00,0),
(141,141,600.00,0.00,0),
(142,142,700.00,0.00,0),
(143,143,500.00,0.00,0),
(144,144,1000.00,0.00,0),
(145,145,500.00,0.00,0),
(146,146,500.00,0.00,0),
(147,147,1000.00,0.00,0),
(148,148,1590.00,0.00,0),
(149,149,2700.00,0.00,0),
(150,150,1000.00,0.00,0),
(151,151,500.00,0.00,0),
(152,152,500.00,0.00,0),
(153,153,1600.00,0.00,0),
(154,154,948.00,0.00,0),
(155,155,1000.00,0.00,0),
(156,156,1000.00,0.00,0),
(157,157,750.00,0.00,0),
(158,158,500.00,0.00,0),
(159,159,1650.00,0.00,0),
(160,160,500.00,0.00,0),
(161,161,1000.00,0.00,0),
(162,162,1000.00,0.00,0),
(163,163,400.00,0.00,0),
(164,164,880.00,0.00,0),
(165,165,1700.00,0.00,0),
(166,166,600.00,0.00,0),
(167,167,500.00,0.00,0),
(168,168,1000.00,0.00,0),
(169,169,1295.00,0.00,0),
(170,170,200.00,0.00,0),
(171,171,500.00,0.00,0),
(172,172,1000.00,0.00,0),
(173,173,500.00,0.00,0),
(174,174,680.00,0.00,0),
(175,175,650.00,0.00,0),
(176,176,1400.00,0.00,0),
(177,177,1200.00,0.00,0),
(178,178,2100.00,0.00,0),
(179,179,400.00,0.00,0),
(180,180,200.00,0.00,0),
(181,181,500.00,0.00,0),
(182,182,2000.00,0.00,0),
(183,183,5000.00,0.00,0),
(184,184,700.00,0.00,0),
(185,185,1300.00,0.00,0),
(186,186,300.00,0.00,0),
(187,187,400.00,0.00,0),
(188,188,270.00,0.00,0),
(189,189,500.00,0.00,0),
(190,190,200.00,0.00,0),
(191,191,1500.00,0.00,0),
(192,192,700.00,0.00,0),
(193,193,500.00,0.00,0),
(194,194,500.00,0.00,0),
(195,195,1200.00,0.00,0),
(196,196,400.00,0.00,0),
(197,197,2200.00,0.00,0),
(198,198,1350.00,0.00,0),
(199,199,500.00,0.00,0),
(200,200,500.00,0.00,0),
(201,201,500.00,0.00,0),
(202,202,1000.00,0.00,0),
(203,203,1000.00,0.00,0),
(204,204,800.00,0.00,0),
(205,205,600.00,0.00,0),
(206,206,200.00,0.00,0),
(207,207,600.00,0.00,0),
(208,208,800.00,0.00,0),
(209,209,1400.00,0.00,0),
(210,210,2000.00,0.00,0),
(211,211,1900.00,0.00,0),
(212,212,1000.00,0.00,0),
(213,213,400.00,0.00,0),
(214,214,200.00,0.00,0),
(215,215,895.00,0.00,0),
(216,216,1400.00,0.00,0),
(217,217,1000.00,0.00,0),
(218,218,130.00,0.00,0),
(219,219,800.00,0.00,0),
(220,220,380.00,0.00,0),
(221,221,500.00,0.00,0),
(222,222,800.00,0.00,0),
(223,223,750.00,0.00,0),
(224,224,1000.00,0.00,0),
(225,225,480.00,0.00,0),
(226,226,200.00,0.00,0),
(227,227,400.00,0.00,0),
(228,228,2100.00,0.00,0),
(229,229,60.00,0.00,0),
(230,230,100.00,0.00,0),
(231,231,200.00,0.00,0),
(232,232,400.00,0.00,0),
(233,233,600.00,0.00,0),
(234,234,200.00,0.00,0),
(235,235,1000.00,0.00,0),
(236,236,1350.00,0.00,0),
(237,237,200.00,0.00,0),
(238,238,260.00,0.00,0),
(239,239,1580.00,0.00,0),
(240,240,1000.00,0.00,0),
(241,241,1000.00,0.00,0),
(242,242,200.00,0.00,0),
(243,243,2150.00,0.00,0),
(244,244,200.00,0.00,0),
(245,245,180.00,0.00,0),
(246,246,1700.00,0.00,0),
(247,247,1200.00,0.00,0),
(248,248,1800.00,0.00,0),
(249,249,750.00,0.00,0),
(250,250,480.00,0.00,0),
(251,251,400.00,0.00,0),
(252,252,1000.00,0.00,0),
(253,253,1350.00,0.00,0),
(254,254,1400.00,0.00,0),
(255,255,400.00,0.00,0),
(256,256,1400.00,0.00,0),
(257,257,700.00,0.00,0),
(258,258,1900.00,0.00,0),
(259,259,1600.00,0.00,0),
(260,260,1880.00,0.00,0),
(261,261,2850.00,0.00,0),
(262,262,1700.00,0.00,0),
(263,263,1600.00,0.00,0),
(264,264,200.00,0.00,0),
(265,265,180.00,0.00,0),
(266,266,750.00,0.00,0),
(267,267,2500.00,0.00,0),
(268,268,1450.00,0.00,0),
(269,269,1500.00,0.00,0),
(270,270,400.00,0.00,0),
(271,271,960.00,0.00,0),
(272,272,600.00,0.00,0),
(273,273,500.00,0.00,0),
(274,274,1550.00,0.00,0),
(275,275,595.00,0.00,0),
(276,276,3000.00,0.00,0),
(277,277,500.00,0.00,0),
(278,278,1350.00,0.00,0),
(279,279,1000.00,0.00,0),
(280,280,350.00,0.00,0),
(281,281,1100.00,0.00,0),
(282,282,1000.00,0.00,0),
(283,283,1480.00,0.00,0),
(284,284,350.00,0.00,0),
(285,285,1450.00,0.00,0),
(286,286,1880.00,0.00,0),
(287,287,1000.00,0.00,0),
(288,288,750.00,0.00,0),
(289,289,1250.00,0.00,0),
(290,290,3000.00,0.00,0),
(291,291,1250.00,0.00,0),
(292,292,480.00,0.00,0),
(293,293,2600.00,0.00,0),
(294,294,1400.00,0.00,0),
(295,295,1200.00,0.00,0),
(296,296,800.00,0.00,0),
(297,297,1350.00,0.00,0),
(298,298,1400.00,0.00,0),
(299,299,400.00,0.00,0),
(300,300,200.00,0.00,0),
(301,301,800.00,0.00,0),
(302,302,1400.00,0.00,0),
(303,303,1500.00,0.00,0),
(304,304,1590.00,0.00,0),
(305,305,690.00,0.00,0),
(306,306,1500.00,0.00,0),
(307,307,1500.00,0.00,0),
(308,308,1300.00,0.00,0),
(309,309,800.00,0.00,0),
(310,310,800.00,0.00,0),
(311,311,550.00,0.00,0),
(312,312,800.00,0.00,0),
(313,313,1790.00,0.00,0),
(314,314,800.00,0.00,0),
(315,315,740.00,0.00,0),
(316,316,1000.00,0.00,0),
(317,317,1300.00,0.00,0),
(318,318,1750.00,0.00,0),
(319,319,1100.00,0.00,0),
(320,320,1250.00,0.00,0),
(321,321,2600.00,0.00,0),
(322,322,550.00,0.00,0),
(323,323,700.00,0.00,0),
(324,324,300.00,0.00,0),
(325,325,700.00,0.00,0),
(326,326,950.00,0.00,0),
(327,327,500.00,0.00,0),
(328,328,1000.00,0.00,0),
(329,329,1000.00,0.00,0),
(330,330,1500.00,0.00,0),
(331,331,600.00,0.00,0),
(332,332,1000.00,0.00,0),
(333,333,480.00,0.00,0),
(334,334,3000.00,0.00,0),
(335,335,1600.00,0.00,0),
(336,336,750.00,0.00,0),
(337,337,3150.00,0.00,0),
(338,338,2350.00,0.00,0),
(339,339,750.00,0.00,0),
(340,340,1400.00,0.00,0),
(341,341,1700.00,0.00,0),
(342,342,1700.00,0.00,0),
(343,343,200.00,0.00,0),
(344,344,1180.00,0.00,0),
(345,345,3156.00,0.00,0),
(346,346,495.00,0.00,0),
(347,347,150.00,0.00,0),
(348,348,1650.00,0.00,0),
(349,349,950.00,0.00,0),
(350,350,100.00,0.00,0),
(351,351,300.00,0.00,0),
(352,352,1900.00,0.00,0),
(353,353,3650.00,0.00,0),
(354,354,1000.00,0.00,0),
(355,355,280.00,0.00,0),
(356,356,495.00,0.00,0),
(357,357,450.00,0.00,0),
(358,358,1600.00,0.00,0),
(359,359,495.00,0.00,0),
(360,360,2590.00,0.00,0),
(361,361,1150.00,0.00,0),
(362,362,3550.00,0.00,0),
(363,363,360.00,0.00,0),
(364,364,200.00,0.00,0),
(365,365,3450.00,0.00,0),
(366,366,840.00,0.00,0),
(367,367,2000.00,0.00,0),
(368,368,1300.00,0.00,0),
(369,369,100.00,0.00,0),
(370,370,480.00,0.00,0),
(371,371,800.00,0.00,0),
(372,372,480.00,0.00,0),
(373,373,1500.00,0.00,0),
(374,374,1450.00,0.00,0),
(375,375,500.00,0.00,0),
(376,376,3500.00,0.00,0),
(377,377,400.00,0.00,0),
(378,378,1050.00,0.00,0),
(379,379,750.00,0.00,0),
(380,380,1600.00,0.00,0),
(381,381,3250.00,0.00,0),
(382,382,1200.00,0.00,0),
(383,383,790.00,0.00,0),
(384,384,1750.00,0.00,0),
(385,385,800.00,0.00,0),
(386,386,1000.00,0.00,0),
(387,387,300.00,0.00,0),
(388,388,1000.00,0.00,0),
(389,389,495.00,0.00,0),
(390,390,1150.00,0.00,0),
(391,391,750.00,0.00,0),
(392,392,950.00,0.00,0),
(393,393,1880.00,0.00,0),
(394,394,1580.00,0.00,0),
(395,395,1860.00,0.00,0),
(396,396,400.00,0.00,0),
(397,397,800.00,0.00,0),
(398,398,2700.00,0.00,0),
(399,399,1000.00,0.00,0),
(400,400,1900.00,0.00,0),
(401,401,3250.00,0.00,0),
(402,402,1400.00,0.00,0),
(403,403,1190.00,0.00,0),
(404,404,900.00,0.00,0),
(405,405,2250.00,0.00,0),
(406,406,750.00,0.00,0),
(407,407,430.00,0.00,0),
(408,408,400.00,0.00,0),
(409,409,600.00,0.00,0),
(410,410,400.00,0.00,0),
(411,411,2100.00,0.00,0),
(412,412,800.00,0.00,0),
(413,413,700.00,0.00,0),
(414,414,600.00,0.00,0),
(415,415,1250.00,0.00,0),
(416,416,1000.00,0.00,0),
(417,417,1000.00,0.00,0),
(418,418,600.00,0.00,0),
(419,419,2380.00,0.00,0),
(420,420,600.00,0.00,0),
(421,421,800.00,0.00,0),
(422,422,980.00,0.00,0),
(423,423,250.00,0.00,0),
(424,424,500.00,0.00,0),
(425,425,250.00,0.00,0),
(426,426,1670.00,0.00,0),
(427,427,2000.00,0.00,0),
(428,428,370.00,0.00,0),
(429,429,750.00,0.00,0),
(430,430,3850.00,0.00,0),
(431,431,100.00,0.00,0),
(432,432,1680.00,0.00,0),
(433,433,1000.00,0.00,0),
(434,434,680.00,0.00,0),
(435,435,200.00,0.00,0),
(436,436,850.00,0.00,0),
(437,437,130.00,0.00,0),
(438,438,420.00,0.00,0),
(439,439,1400.00,0.00,0),
(440,440,1000.00,0.00,0),
(441,441,370.00,0.00,0),
(442,442,1350.00,0.00,0),
(443,443,500.00,0.00,0),
(444,444,250.00,0.00,0),
(445,445,495.00,0.00,0),
(446,446,3850.00,0.00,0),
(447,447,1400.00,0.00,0),
(448,448,157.00,0.00,0),
(449,449,1650.00,0.00,0),
(450,450,500.00,0.00,0),
(451,451,900.00,0.00,0),
(452,452,600.00,0.00,0),
(453,453,500.00,0.00,0),
(454,454,2300.00,0.00,0),
(455,455,1000.00,0.00,0),
(456,456,4200.00,0.00,0),
(457,457,1280.00,0.00,0),
(458,458,400.00,0.00,0),
(459,459,900.00,0.00,0),
(460,460,500.00,0.00,0),
(461,461,1500.00,0.00,0),
(462,462,1440.00,0.00,0),
(463,463,750.00,0.00,0),
(464,464,1280.00,0.00,0),
(465,465,1400.00,0.00,0),
(466,466,1500.00,0.00,0),
(467,467,950.00,0.00,0),
(468,468,955.00,0.00,0),
(469,469,2600.00,0.00,0),
(470,470,1500.00,0.00,0),
(471,471,1600.00,0.00,0),
(472,472,1180.00,0.00,0),
(473,473,1850.00,0.00,0),
(474,474,499.00,0.00,0),
(475,475,1500.00,0.00,0),
(476,476,570.00,0.00,0),
(477,477,1050.00,0.00,0),
(478,478,800.00,0.00,0),
(479,479,1200.00,0.00,0),
(480,480,4000.00,0.00,0),
(481,481,1600.00,0.00,0),
(482,482,2400.00,0.00,0),
(483,483,200.00,0.00,0),
(484,484,1500.00,0.00,0),
(485,485,1750.00,0.00,0),
(486,486,750.00,0.00,0),
(487,487,1000.00,0.00,0),
(488,488,750.00,0.00,0),
(489,489,2870.00,0.00,0),
(490,490,200.00,0.00,0),
(491,491,750.00,0.00,0),
(492,492,6200.00,0.00,0),
(493,493,580.00,0.00,0),
(494,494,150.00,0.00,0),
(495,495,1300.00,0.00,0),
(496,496,1100.00,0.00,0),
(497,497,750.00,0.00,0),
(498,498,500.00,0.00,0),
(499,499,500.00,0.00,0),
(500,500,1400.00,0.00,0),
(501,501,1000.00,0.00,0),
(502,502,1900.00,0.00,0),
(503,503,500.00,0.00,0),
(504,504,4100.00,0.00,0),
(505,505,1500.00,0.00,0),
(506,506,480.00,0.00,0),
(507,507,500.00,0.00,0),
(508,508,600.00,0.00,0),
(509,509,1065.00,0.00,0),
(510,510,500.00,0.00,0),
(511,511,1300.00,0.00,0),
(512,512,1350.00,0.00,0),
(513,513,750.00,0.00,0),
(514,514,1400.00,0.00,0),
(515,515,1000.00,0.00,0),
(516,516,1200.00,0.00,0),
(517,517,500.00,0.00,0),
(518,518,1700.00,0.00,0),
(519,519,1000.00,0.00,0),
(520,520,500.00,0.00,0),
(521,521,1940.00,0.00,0),
(522,522,1450.00,0.00,0),
(523,523,400.00,0.00,0),
(524,524,1100.00,0.00,0),
(525,525,150.00,0.00,0),
(526,526,1000.00,0.00,0),
(527,527,3800.00,0.00,0),
(528,528,750.00,0.00,0),
(529,529,750.00,0.00,0),
(530,530,3500.00,0.00,0),
(531,531,995.00,0.00,0),
(532,532,1000.00,0.00,0),
(533,533,500.00,0.00,0),
(534,534,1000.00,0.00,0),
(535,535,550.00,0.00,0),
(536,536,1050.00,0.00,0),
(537,537,900.00,0.00,0),
(538,538,100.00,0.00,0),
(539,539,1600.00,0.00,0),
(540,540,540.00,0.00,0),
(541,541,1800.00,0.00,0),
(542,542,1250.00,0.00,0),
(543,543,5775.00,0.00,0),
(544,544,570.00,0.00,0),
(545,545,495.00,0.00,0),
(546,546,500.00,0.00,0),
(547,547,990.00,0.00,0),
(548,548,540.00,0.00,0),
(549,549,1100.00,0.00,0),
(550,550,490.00,0.00,0),
(551,551,50.00,0.00,0),
(552,552,500.00,0.00,0),
(553,553,500.00,0.00,0),
(554,554,495.00,0.00,0),
(555,555,2360.00,0.00,0),
(556,556,500.00,0.00,0),
(557,557,2160.00,0.00,0),
(558,558,500.00,0.00,0),
(559,559,500.00,0.00,0),
(560,560,200.00,0.00,0),
(561,561,420.00,0.00,0),
(562,562,1400.00,0.00,0),
(563,563,480.00,0.00,0),
(564,564,2300.00,0.00,0),
(565,565,600.00,0.00,0),
(566,566,1125.00,0.00,0),
(567,567,400.00,0.00,0),
(568,568,600.00,0.00,0),
(569,569,1000.00,0.00,0),
(570,570,2350.00,0.00,0),
(571,571,495.00,0.00,0),
(572,572,600.00,0.00,0),
(573,573,2450.00,0.00,0),
(574,574,490.00,0.00,0),
(575,575,500.00,0.00,0),
(576,576,1700.00,0.00,0),
(577,577,2350.00,0.00,0),
(578,578,830.00,0.00,0),
(579,579,180.00,0.00,0),
(580,580,250.00,0.00,0),
(581,581,2700.00,0.00,0),
(582,582,1330.00,0.00,0),
(583,583,1200.00,0.00,0),
(584,584,500.00,0.00,0),
(585,585,1000.00,0.00,0),
(586,586,1000.00,0.00,0),
(587,587,0.00,0.00,0),
(588,588,250.00,0.00,0),
(589,589,5000.00,0.00,0);

/*Table structure for table `prod_bill_payment_mode` */

DROP TABLE IF EXISTS `prod_bill_payment_mode`;

CREATE TABLE `prod_bill_payment_mode` (
  `id` int unsigned NOT NULL AUTO_INCREMENT,
  `mode` varchar(255) NOT NULL,
  `is_active` int DEFAULT '1',
  PRIMARY KEY (`id`)
) ENGINE=InnoDB AUTO_INCREMENT=4 DEFAULT CHARSET=latin1;

/*Data for the table `prod_bill_payment_mode` */

insert  into `prod_bill_payment_mode`(`id`,`mode`,`is_active`) values 
(1,'cash',1),
(2,'bank',1),
(3,'mixed',1);

/*Table structure for table `prod_bill_payment_type` */

DROP TABLE IF EXISTS `prod_bill_payment_type`;

CREATE TABLE `prod_bill_payment_type` (
  `id` int unsigned NOT NULL AUTO_INCREMENT,
  `type` varchar(255) NOT NULL,
  `is_active` int DEFAULT '1',
  PRIMARY KEY (`id`)
) ENGINE=InnoDB AUTO_INCREMENT=7 DEFAULT CHARSET=latin1;

/*Data for the table `prod_bill_payment_type` */

insert  into `prod_bill_payment_type`(`id`,`type`,`is_active`) values 
(0,'CASH',1),
(1,'UPI',1),
(2,'DEBIT CARD',1),
(3,'CREDIT CARD',1),
(4,'NET BANKING',1),
(5,'WALLET',1),
(6,'CHEQUE',1);

/*Table structure for table `prod_brands` */

DROP TABLE IF EXISTS `prod_brands`;

CREATE TABLE `prod_brands` (
  `id` int unsigned NOT NULL AUTO_INCREMENT,
  `name` varchar(255) NOT NULL,
  `date` date NOT NULL,
  `time` time NOT NULL,
  `is_active` int DEFAULT '1',
  PRIMARY KEY (`id`,`name`)
) ENGINE=InnoDB AUTO_INCREMENT=3 DEFAULT CHARSET=latin1;

/*Data for the table `prod_brands` */

insert  into `prod_brands`(`id`,`name`,`date`,`time`,`is_active`) values 
(1,'Otto','2026-03-09','22:15:42',1),
(2,'others','2026-03-10','18:20:05',1);

/*Table structure for table `prod_category` */

DROP TABLE IF EXISTS `prod_category`;

CREATE TABLE `prod_category` (
  `id` int unsigned NOT NULL AUTO_INCREMENT,
  `name` varchar(255) DEFAULT NULL,
  `date` date NOT NULL,
  `time` time NOT NULL,
  `is_active` int DEFAULT '1',
  PRIMARY KEY (`id`)
) ENGINE=InnoDB AUTO_INCREMENT=12 DEFAULT CHARSET=latin1;

/*Data for the table `prod_category` */

insert  into `prod_category`(`id`,`name`,`date`,`time`,`is_active`) values 
(1,'Shirts','2026-03-09','22:15:33',1),
(2,'Phants','2026-03-10','18:12:34',1),
(3,'T-Shirts','2026-03-10','18:13:07',1),
(4,'Shoes','2026-03-10','18:13:20',1),
(5,'Chepals','2026-03-10','18:13:29',1),
(6,'Accessories','2026-03-10','18:13:39',1),
(7,'Inners','2026-03-10','18:13:45',1),
(8,'Track Shoot','2026-03-10','18:13:58',1),
(9,'Shorts','2026-03-10','18:14:03',1),
(10,'Suits','2026-03-10','18:14:13',1),
(11,'Others','2026-03-10','18:14:51',1);

/*Table structure for table `prod_cheque_allocation` */

DROP TABLE IF EXISTS `prod_cheque_allocation`;

CREATE TABLE `prod_cheque_allocation` (
  `id` int NOT NULL AUTO_INCREMENT,
  `cheque_id` int NOT NULL,
  `bill_id` int NOT NULL,
  `allocated_amount` double NOT NULL,
  `allocated_date` date DEFAULT NULL,
  `allocated_time` time DEFAULT NULL,
  `due_date` date NOT NULL,
  `credit_days` int DEFAULT '10',
  `status` enum('ALLOCATED','CLEARED','REVERSED','BOUNCED') DEFAULT 'ALLOCATED',
  `cleared_date` date DEFAULT NULL,
  `cleared_time` time DEFAULT NULL,
  `reversed_date` date DEFAULT NULL,
  `reversed_time` time DEFAULT NULL,
  `reversed_by` int DEFAULT NULL,
  `is_reversed` tinyint DEFAULT '0',
  `uid` int NOT NULL,
  `notes` text,
  PRIMARY KEY (`id`),
  KEY `idx_cheque` (`cheque_id`),
  KEY `idx_bill` (`bill_id`),
  KEY `idx_status` (`status`),
  KEY `idx_due_date` (`due_date`)
) ENGINE=InnoDB DEFAULT CHARSET=utf8mb4 COLLATE=utf8mb4_0900_ai_ci;

/*Data for the table `prod_cheque_allocation` */

/*Table structure for table `prod_cheque_events` */

DROP TABLE IF EXISTS `prod_cheque_events`;

CREATE TABLE `prod_cheque_events` (
  `id` int NOT NULL AUTO_INCREMENT,
  `cheque_id` int NOT NULL,
  `event_type` enum('BOUNCE','EXPIRY','MANUAL_CLEAR') NOT NULL,
  `event_date` date DEFAULT NULL,
  `event_time` time DEFAULT NULL,
  `reason` text,
  `uid` int NOT NULL,
  PRIMARY KEY (`id`),
  KEY `idx_cheque` (`cheque_id`),
  KEY `idx_event_type` (`event_type`)
) ENGINE=InnoDB DEFAULT CHARSET=utf8mb4 COLLATE=utf8mb4_0900_ai_ci;

/*Data for the table `prod_cheque_events` */

/*Table structure for table `prod_cheque_stock` */

DROP TABLE IF EXISTS `prod_cheque_stock`;

CREATE TABLE `prod_cheque_stock` (
  `id` int NOT NULL AUTO_INCREMENT,
  `customer_id` int NOT NULL,
  `cheque_number` varchar(50) NOT NULL,
  `bank_name` text,
  `status` enum('AVAILABLE','PARTIAL','FULLY_USED','CLEARED','BOUNCED','EXPIRED') DEFAULT 'AVAILABLE',
  `entry_date` date DEFAULT NULL,
  `entry_time` time DEFAULT NULL,
  `uid` int NOT NULL,
  `notes` text,
  `is_active` tinyint DEFAULT '1',
  PRIMARY KEY (`id`),
  KEY `idx_customer` (`customer_id`),
  KEY `idx_status` (`status`)
) ENGINE=InnoDB DEFAULT CHARSET=utf8mb4 COLLATE=utf8mb4_0900_ai_ci;

/*Data for the table `prod_cheque_stock` */

/*Table structure for table `prod_lifecycle` */

DROP TABLE IF EXISTS `prod_lifecycle`;

CREATE TABLE `prod_lifecycle` (
  `id` int unsigned NOT NULL AUTO_INCREMENT,
  `bill_id` int NOT NULL DEFAULT '0',
  `batch_id` int NOT NULL,
  `product_id` int NOT NULL,
  `stock_in` decimal(10,2) NOT NULL DEFAULT '0.00',
  `stock_out` decimal(10,2) NOT NULL DEFAULT '0.00',
  `stock_now` decimal(10,2) NOT NULL,
  `is_zero_stock_bill` int DEFAULT '0',
  `notes` text,
  `date` date DEFAULT NULL,
  `time` time DEFAULT NULL,
  `uid` int NOT NULL,
  `stock_type` int DEFAULT '1' COMMENT '1=stock 2=noStock',
  `stockAdjType` int DEFAULT '0' COMMENT '1=add 2=remove',
  PRIMARY KEY (`id`),
  KEY `batch` (`batch_id`),
  KEY `prod` (`product_id`),
  KEY `uid` (`uid`),
  KEY `stock` (`stockAdjType`),
  KEY `billId` (`bill_id`)
) ENGINE=InnoDB AUTO_INCREMENT=1083 DEFAULT CHARSET=latin1;

/*Data for the table `prod_lifecycle` */

insert  into `prod_lifecycle`(`id`,`bill_id`,`batch_id`,`product_id`,`stock_in`,`stock_out`,`stock_now`,`is_zero_stock_bill`,`notes`,`date`,`time`,`uid`,`stock_type`,`stockAdjType`) values 
(1,0,3,3,563.00,0.00,563.00,0,'WHILE ADD PRODUCT','2008-05-09','01:00:33',24,1,0),
(2,0,1,1,366.00,0.00,366.00,0,'Adding Stock - hh','2026-03-11','03:33:00',24,1,1),
(3,0,2,2,0.00,9.00,0.00,0,'Removing Stock - sample add by vijy','2026-03-11','03:33:36',24,1,2),
(4,0,1,1,313.00,0.00,679.00,0,'Adding Stock - pth new entry','2026-03-11','03:54:32',24,1,1),
(5,0,4,4,80.00,0.00,80.00,0,'WHILE ADD PRODUCT','2026-03-11','07:17:20',24,1,0),
(6,0,5,5,119.00,0.00,119.00,0,'WHILE ADD PRODUCT','2026-03-11','07:22:36',24,1,0),
(7,0,6,6,98.00,0.00,98.00,0,'WHILE ADD PRODUCT','2026-03-11','09:27:26',24,1,0),
(8,0,6,6,2.00,0.00,100.00,0,'Adding Stock - new entry','2026-03-11','09:31:27',24,1,1),
(9,0,7,7,109.00,0.00,109.00,0,'WHILE ADD PRODUCT','2026-03-11','10:00:04',24,1,0),
(10,0,3,3,69.00,0.00,632.00,0,'Adding Stock - balaji stock new entry','2026-03-12','13:28:48',24,1,1),
(11,0,8,8,55.00,0.00,55.00,0,'WHILE ADD PRODUCT','2026-03-12','14:45:33',24,1,0),
(12,0,9,9,85.00,0.00,85.00,0,'WHILE ADD PRODUCT','2026-03-12','14:48:16',24,1,0),
(13,0,10,10,100.00,0.00,100.00,0,'WHILE ADD PRODUCT','2026-03-12','14:55:43',24,1,0),
(14,0,11,11,40.00,0.00,40.00,0,'WHILE ADD PRODUCT','2026-03-12','14:57:34',24,1,0),
(15,0,12,12,88.00,0.00,88.00,0,'WHILE ADD PRODUCT','2026-03-12','15:43:30',24,1,0),
(16,0,13,13,35.00,0.00,35.00,0,'WHILE ADD PRODUCT','2026-03-12','17:11:57',24,1,0),
(17,0,11,11,35.00,0.00,75.00,0,'Adding Stock - BLACK WHITE','2026-03-12','17:18:14',24,1,1),
(18,0,14,14,20.00,0.00,20.00,0,'WHILE ADD PRODUCT','2026-03-12','17:22:26',24,1,0),
(19,0,15,15,40.00,0.00,40.00,0,'WHILE ADD PRODUCT','2026-03-12','17:28:33',24,1,0),
(20,0,16,16,60.00,0.00,60.00,0,'WHILE ADD PRODUCT','2026-03-12','18:27:31',24,1,0),
(21,0,17,17,66.00,0.00,66.00,0,'WHILE ADD PRODUCT','2026-03-12','18:36:53',24,1,0),
(22,0,18,18,66.00,0.00,66.00,0,'WHILE ADD PRODUCT','2026-03-12','18:41:33',24,1,0),
(23,0,17,17,0.00,36.00,30.00,0,'Removing Stock - wrong entry','2026-03-12','18:42:04',24,1,2),
(24,0,19,19,39.00,0.00,39.00,0,'WHILE ADD PRODUCT','2026-03-12','18:45:02',24,1,0),
(25,0,20,20,6.00,0.00,6.00,0,'WHILE ADD PRODUCT','2026-03-12','18:48:14',24,1,0),
(26,0,5,5,49.00,0.00,168.00,0,'Adding Stock - new entry','2026-03-12','08:30:48',24,1,1),
(27,0,21,21,90.00,0.00,90.00,0,'WHILE ADD PRODUCT','2026-03-12','08:37:53',24,1,0),
(28,0,22,22,307.00,0.00,307.00,0,'WHILE ADD PRODUCT','2026-03-12','09:10:58',24,1,0),
(29,0,23,23,105.00,0.00,105.00,0,'WHILE ADD PRODUCT','2026-03-13','11:34:54',24,1,0),
(30,0,24,24,203.00,0.00,203.00,0,'WHILE ADD PRODUCT','2026-03-13','11:43:51',24,1,0),
(31,0,3,3,24.00,0.00,656.00,0,'Adding Stock - new entry','2026-03-13','02:46:09',24,1,1),
(32,0,2,2,169.00,0.00,169.00,0,'Adding Stock - new entry stock','2026-03-13','06:25:13',24,1,1),
(33,0,2,2,120.00,0.00,289.00,0,'Adding Stock - new entry','2026-03-13','08:55:07',24,1,1),
(34,0,25,25,24.00,0.00,24.00,0,'WHILE ADD PRODUCT','2026-03-13','09:19:40',24,1,0),
(35,0,1,1,103.00,0.00,782.00,0,'Adding Stock - new entry','2026-03-13','09:23:30',24,1,1),
(36,1,3,3,0.00,1.00,655.00,0,'WHILE BILLING','2026-03-13','09:04:03',24,1,0),
(37,0,26,26,0.00,0.00,0.00,0,'WHILE ADD PRODUCT','2026-03-13','08:55:42',24,1,0),
(38,0,27,27,0.00,0.00,0.00,0,'WHILE ADD PRODUCT','2026-03-13','08:57:51',24,1,0),
(39,0,28,28,0.00,0.00,0.00,0,'WHILE ADD PRODUCT','2026-03-13','08:59:03',24,1,0),
(40,0,29,29,0.00,0.00,0.00,0,'WHILE ADD PRODUCT','2026-03-13','08:59:52',24,1,0),
(41,0,30,30,0.00,0.00,0.00,0,'WHILE ADD PRODUCT','2026-03-13','09:00:59',24,1,0),
(42,2,1,1,0.00,1.00,781.00,0,'WHILE BILLING','2026-03-13','09:51:54',24,1,0),
(43,3,2,2,0.00,1.00,288.00,0,'WHILE BILLING','2026-03-13','08:53:56',24,1,0),
(44,4,26,26,0.00,5.00,0.00,1,' BILL WITHOUT STOCK','2026-03-13','09:00:18',24,1,0),
(45,5,26,26,0.00,1.00,0.00,1,' BILL WITHOUT STOCK','2026-03-13','09:12:07',24,1,0),
(46,6,21,21,0.00,1.00,89.00,0,'WHILE BILLING','2026-03-13','09:21:37',24,1,0),
(47,7,28,28,0.00,1.00,0.00,1,' BILL WITHOUT STOCK','2026-03-13','09:23:28',24,1,0),
(48,7,26,26,0.00,5.00,0.00,1,' BILL WITHOUT STOCK','2026-03-13','09:23:28',24,1,0),
(49,8,2,2,0.00,2.00,286.00,0,'WHILE BILLING','2026-03-13','09:27:54',24,1,0),
(50,9,2,2,0.00,1.00,285.00,0,'WHILE BILLING','2026-03-13','09:29:08',24,1,0),
(51,9,28,28,0.00,1.00,0.00,1,' BILL WITHOUT STOCK','2026-03-13','09:29:08',24,1,0),
(52,10,28,28,0.00,2.00,0.00,1,' BILL WITHOUT STOCK','2026-03-13','09:31:23',24,1,0),
(53,11,2,2,0.00,2.00,283.00,0,'WHILE BILLING','2026-03-13','09:38:40',24,1,0),
(54,12,26,26,0.00,1.00,0.00,1,' BILL WITHOUT STOCK','2026-03-13','09:43:34',24,1,0),
(55,13,26,26,0.00,5.00,0.00,1,' BILL WITHOUT STOCK','2026-03-13','09:47:16',24,1,0),
(56,14,30,30,0.00,1.00,0.00,1,' BILL WITHOUT STOCK','2026-03-13','09:48:00',24,1,0),
(57,15,28,28,0.00,1.00,0.00,1,' BILL WITHOUT STOCK','2026-03-13','08:52:50',24,1,0),
(58,16,29,29,0.00,1.00,0.00,1,' BILL WITHOUT STOCK','2026-03-13','08:53:19',24,1,0),
(59,17,29,29,0.00,1.00,0.00,1,' BILL WITHOUT STOCK','2026-03-13','08:53:58',24,1,0),
(60,18,29,29,0.00,2.00,0.00,1,' BILL WITHOUT STOCK','2026-03-13','08:54:24',24,1,0),
(61,19,29,29,0.00,2.00,0.00,1,' BILL WITHOUT STOCK','2026-03-13','08:56:21',24,1,0),
(62,0,31,31,0.00,0.00,0.00,0,'WHILE ADD PRODUCT','2026-03-13','08:58:21',24,1,0),
(63,20,31,31,0.00,3.00,0.00,1,' BILL WITHOUT STOCK','2026-03-13','08:58:58',24,1,0),
(64,20,29,29,0.00,1.00,0.00,1,' BILL WITHOUT STOCK','2026-03-13','08:58:58',24,1,0),
(65,21,26,26,0.00,5.00,0.00,1,' BILL WITHOUT STOCK','2026-03-13','09:00:35',24,1,0),
(66,22,13,13,0.00,1.00,34.00,0,'WHILE BILLING','2026-03-13','09:01:45',24,1,0),
(67,23,28,28,0.00,1.00,0.00,1,' BILL WITHOUT STOCK','2026-03-13','09:04:53',24,1,0),
(68,23,29,29,0.00,1.00,0.00,1,' BILL WITHOUT STOCK','2026-03-13','09:04:53',24,1,0),
(69,23,26,26,0.00,3.00,0.00,1,' BILL WITHOUT STOCK','2026-03-13','09:04:53',24,1,0),
(70,24,28,28,0.00,1.00,0.00,1,' BILL WITHOUT STOCK','2026-03-13','09:07:05',24,1,0),
(71,24,12,12,0.00,1.00,87.00,0,'WHILE BILLING','2026-03-13','09:07:05',24,1,0),
(72,25,28,28,0.00,1.00,0.00,1,' BILL WITHOUT STOCK','2026-03-13','09:07:56',24,1,0),
(73,26,27,27,0.00,1.00,0.00,1,' BILL WITHOUT STOCK','2026-03-13','09:10:18',24,1,0),
(74,27,29,29,0.00,5.00,0.00,1,' BILL WITHOUT STOCK','2026-03-13','09:13:11',24,1,0),
(75,28,26,26,0.00,5.00,0.00,1,' BILL WITHOUT STOCK','2026-03-13','09:18:45',24,1,0),
(76,28,28,28,0.00,1.00,0.00,1,' BILL WITHOUT STOCK','2026-03-13','09:18:45',24,1,0),
(77,29,27,27,0.00,1.00,0.00,1,' BILL WITHOUT STOCK','2026-03-13','09:20:34',24,1,0),
(78,29,30,30,0.00,2.00,0.00,1,' BILL WITHOUT STOCK','2026-03-13','09:20:34',24,1,0),
(79,30,30,30,0.00,1.00,0.00,1,' BILL WITHOUT STOCK','2026-03-13','09:23:35',24,1,0),
(80,31,26,26,0.00,5.00,0.00,1,' BILL WITHOUT STOCK','2026-03-13','09:26:07',24,1,0),
(81,32,6,6,0.00,1.00,99.00,0,'WHILE BILLING','2026-03-13','09:28:57',24,1,0),
(82,32,2,2,0.00,2.00,281.00,0,'WHILE BILLING','2026-03-13','09:28:57',24,1,0),
(83,32,27,27,0.00,1.00,0.00,1,' BILL WITHOUT STOCK','2026-03-13','09:28:57',24,1,0),
(84,33,3,3,0.00,2.00,653.00,0,'WHILE BILLING','2026-03-13','09:30:48',24,1,0),
(85,34,29,29,0.00,10.00,0.00,1,' BILL WITHOUT STOCK','2026-03-13','09:34:36',24,1,0),
(86,35,1,1,0.00,1.00,780.00,0,'WHILE BILLING','2026-03-13','09:38:25',24,1,0),
(87,35,21,21,0.00,1.00,88.00,0,'WHILE BILLING','2026-03-13','09:38:25',24,1,0),
(88,0,32,32,0.00,0.00,0.00,0,'WHILE ADD PRODUCT','2026-03-13','09:40:59',24,1,0),
(89,36,22,22,0.00,1.00,306.00,0,'WHILE BILLING','2026-03-13','09:43:42',24,1,0),
(90,36,29,29,0.00,3.00,0.00,1,' BILL WITHOUT STOCK','2026-03-13','09:43:42',24,1,0),
(91,36,30,30,0.00,1.00,0.00,1,' BILL WITHOUT STOCK','2026-03-13','09:43:42',24,1,0),
(92,36,31,31,0.00,3.00,0.00,1,' BILL WITHOUT STOCK','2026-03-13','09:43:42',24,1,0),
(93,36,32,32,0.00,1.00,0.00,1,' BILL WITHOUT STOCK','2026-03-13','09:43:42',24,1,0),
(94,36,28,28,0.00,1.00,0.00,1,' BILL WITHOUT STOCK','2026-03-13','09:43:42',24,1,0),
(95,37,26,26,0.00,5.00,0.00,1,' BILL WITHOUT STOCK','2026-03-13','09:45:58',24,1,0),
(96,38,30,30,0.00,2.00,0.00,1,' BILL WITHOUT STOCK','2026-03-13','09:47:44',24,1,0),
(97,38,29,29,0.00,5.00,0.00,1,' BILL WITHOUT STOCK','2026-03-13','09:47:44',24,1,0),
(98,39,2,2,0.00,1.00,280.00,0,'WHILE BILLING','2026-03-13','09:50:42',24,1,0),
(99,39,4,4,0.00,1.00,79.00,0,'WHILE BILLING','2026-03-13','09:50:42',24,1,0),
(100,39,26,26,0.00,3.00,0.00,1,' BILL WITHOUT STOCK','2026-03-13','09:50:42',24,1,0),
(101,40,26,26,0.00,5.00,0.00,1,' BILL WITHOUT STOCK','2026-03-13','09:51:53',24,1,0),
(102,41,26,26,0.00,3.00,0.00,1,' BILL WITHOUT STOCK','2026-03-13','09:52:40',24,1,0),
(103,42,26,26,0.00,1.00,0.00,1,' BILL WITHOUT STOCK','2026-03-13','08:57:35',24,1,0),
(104,43,27,27,0.00,1.00,0.00,1,' BILL WITHOUT STOCK','2026-03-13','08:59:41',24,1,0),
(105,44,23,23,0.00,1.00,104.00,0,'WHILE BILLING','2026-03-13','09:02:34',24,1,0),
(106,44,3,3,0.00,1.00,652.00,0,'WHILE BILLING','2026-03-13','09:02:34',24,1,0),
(107,44,26,26,0.00,4.00,0.00,1,' BILL WITHOUT STOCK','2026-03-13','09:02:34',24,1,0),
(108,45,2,2,0.00,3.00,277.00,0,'WHILE BILLING','2026-03-13','09:07:46',24,1,0),
(109,45,26,26,0.00,1.00,0.00,1,' BILL WITHOUT STOCK','2026-03-13','09:07:46',24,1,0),
(110,45,6,6,0.00,1.00,98.00,0,'WHILE BILLING','2026-03-13','09:07:46',24,1,0),
(111,45,28,28,0.00,1.00,0.00,1,' BILL WITHOUT STOCK','2026-03-13','09:07:46',24,1,0),
(112,45,31,31,0.00,1.00,0.00,1,' BILL WITHOUT STOCK','2026-03-13','09:07:46',24,1,0),
(113,46,26,26,0.00,4.00,0.00,1,' BILL WITHOUT STOCK','2026-03-13','09:08:58',24,1,0),
(114,46,29,29,0.00,4.00,0.00,1,' BILL WITHOUT STOCK','2026-03-13','09:08:58',24,1,0),
(115,47,26,26,0.00,4.00,0.00,1,' BILL WITHOUT STOCK','2026-03-13','09:09:53',24,1,0),
(116,48,28,28,0.00,1.00,0.00,1,' BILL WITHOUT STOCK','2026-03-13','09:12:05',24,1,0),
(117,49,1,1,0.00,1.00,779.00,0,'WHILE BILLING','2026-03-13','09:14:05',24,1,0),
(118,50,30,30,0.00,1.00,0.00,1,' BILL WITHOUT STOCK','2026-03-13','09:15:07',24,1,0),
(119,50,29,29,0.00,2.00,0.00,1,' BILL WITHOUT STOCK','2026-03-13','09:15:07',24,1,0),
(120,51,30,30,0.00,1.00,0.00,1,' BILL WITHOUT STOCK','2026-03-13','09:19:08',24,1,0),
(121,51,29,29,0.00,5.00,0.00,1,' BILL WITHOUT STOCK','2026-03-13','09:19:08',24,1,0),
(122,52,28,28,0.00,1.00,0.00,1,' BILL WITHOUT STOCK','2026-03-13','09:19:45',24,1,0),
(123,52,32,32,0.00,1.00,0.00,1,' BILL WITHOUT STOCK','2026-03-13','09:19:45',24,1,0),
(124,53,28,28,0.00,1.00,0.00,1,' BILL WITHOUT STOCK','2026-03-13','09:21:31',24,1,0),
(125,53,30,30,0.00,1.00,0.00,1,' BILL WITHOUT STOCK','2026-03-13','09:21:31',24,1,0),
(126,53,29,29,0.00,2.00,0.00,1,' BILL WITHOUT STOCK','2026-03-13','09:21:31',24,1,0),
(127,54,12,12,0.00,3.00,84.00,0,'WHILE BILLING','2026-03-13','09:22:59',24,1,0),
(128,55,28,28,0.00,1.00,0.00,1,' BILL WITHOUT STOCK','2026-03-13','09:26:20',24,1,0),
(129,55,6,6,0.00,1.00,97.00,0,'WHILE BILLING','2026-03-13','09:26:20',24,1,0),
(130,55,1,1,0.00,1.00,778.00,0,'WHILE BILLING','2026-03-13','09:26:20',24,1,0),
(131,55,1,1,0.00,1.00,777.00,0,'WHILE BILLING','2026-03-13','09:26:20',24,1,0),
(132,56,26,26,0.00,3.00,0.00,1,' BILL WITHOUT STOCK','2026-03-13','09:28:38',24,1,0),
(133,57,3,3,0.00,1.00,651.00,0,'WHILE BILLING','2026-03-13','09:29:29',24,1,0),
(134,58,1,1,0.00,1.00,776.00,0,'WHILE BILLING','2026-03-13','09:31:43',24,1,0),
(135,58,23,23,0.00,1.00,103.00,0,'WHILE BILLING','2026-03-13','09:31:43',24,1,0),
(136,59,29,29,0.00,5.00,0.00,1,' BILL WITHOUT STOCK','2026-03-13','09:32:24',24,1,0),
(137,59,30,30,0.00,1.00,0.00,1,' BILL WITHOUT STOCK','2026-03-13','09:32:24',24,1,0),
(138,60,6,6,0.00,1.00,96.00,0,'WHILE BILLING','2026-03-13','09:33:37',24,1,0),
(139,60,30,30,0.00,1.00,0.00,1,' BILL WITHOUT STOCK','2026-03-13','09:33:37',24,1,0),
(140,61,28,28,0.00,1.00,0.00,1,' BILL WITHOUT STOCK','2026-03-13','09:36:55',24,1,0),
(141,62,28,28,0.00,1.00,0.00,1,' BILL WITHOUT STOCK','2026-03-13','09:41:51',24,1,0),
(142,63,12,12,0.00,1.00,83.00,0,'WHILE BILLING','2026-03-13','09:42:31',24,1,0),
(143,64,26,26,0.00,5.00,0.00,1,' BILL WITHOUT STOCK','2026-03-13','09:52:09',24,1,0),
(144,64,30,30,0.00,1.00,0.00,1,' BILL WITHOUT STOCK','2026-03-13','09:52:09',24,1,0),
(145,65,26,26,0.00,5.00,0.00,1,' BILL WITHOUT STOCK','2026-03-13','08:57:38',24,1,0),
(146,66,29,29,0.00,2.00,0.00,1,' BILL WITHOUT STOCK','2026-03-13','09:03:25',24,1,0),
(147,66,24,24,0.00,2.00,201.00,0,'WHILE BILLING','2026-03-13','09:03:25',24,1,0),
(148,66,3,3,0.00,1.00,650.00,0,'WHILE BILLING','2026-03-13','09:03:25',24,1,0),
(149,67,29,29,0.00,5.00,0.00,1,' BILL WITHOUT STOCK','2026-03-13','09:07:42',24,1,0),
(150,68,29,29,0.00,1.00,0.00,1,' BILL WITHOUT STOCK','2026-03-13','09:08:43',24,1,0),
(151,68,30,30,0.00,1.00,0.00,1,' BILL WITHOUT STOCK','2026-03-13','09:08:43',24,1,0),
(152,69,26,26,0.00,5.00,0.00,1,' BILL WITHOUT STOCK','2026-03-13','09:10:13',24,1,0),
(153,70,17,17,0.00,1.00,29.00,0,'WHILE BILLING','2026-03-13','09:14:52',24,1,0),
(154,71,2,2,0.00,1.00,276.00,0,'WHILE BILLING','2026-03-13','09:16:52',24,1,0),
(155,71,3,3,0.00,1.00,649.00,0,'WHILE BILLING','2026-03-13','09:16:52',24,1,0),
(156,72,2,2,0.00,1.00,275.00,0,'WHILE BILLING','2026-03-13','09:17:30',24,1,0),
(157,72,3,3,0.00,1.00,648.00,0,'WHILE BILLING','2026-03-13','09:17:30',24,1,0),
(158,73,28,28,0.00,1.00,0.00,1,' BILL WITHOUT STOCK','2026-03-13','09:18:14',24,1,0),
(159,74,27,27,0.00,1.00,0.00,1,' BILL WITHOUT STOCK','2026-03-13','09:18:58',24,1,0),
(160,75,26,26,0.00,5.00,0.00,1,' BILL WITHOUT STOCK','2026-03-13','09:20:52',24,1,0),
(161,75,2,2,0.00,1.00,274.00,0,'WHILE BILLING','2026-03-13','09:20:52',24,1,0),
(162,76,28,28,0.00,1.00,0.00,1,' BILL WITHOUT STOCK','2026-03-13','09:21:47',24,1,0),
(163,76,29,29,0.00,5.00,0.00,1,' BILL WITHOUT STOCK','2026-03-13','09:21:47',24,1,0),
(164,77,26,26,0.00,5.00,0.00,1,' BILL WITHOUT STOCK','2026-03-13','09:22:55',24,1,0),
(165,78,26,26,0.00,5.00,0.00,1,' BILL WITHOUT STOCK','2026-03-13','09:33:46',24,1,0),
(166,79,2,2,0.00,2.00,272.00,0,'WHILE BILLING','2026-03-13','09:34:49',24,1,0),
(167,79,1,1,0.00,2.00,774.00,0,'WHILE BILLING','2026-03-13','09:34:49',24,1,0),
(168,79,3,3,0.00,1.00,647.00,0,'WHILE BILLING','2026-03-13','09:34:49',24,1,0),
(169,80,26,26,0.00,2.00,0.00,1,' BILL WITHOUT STOCK','2026-03-13','09:36:49',24,1,0),
(170,80,30,30,0.00,2.00,0.00,1,' BILL WITHOUT STOCK','2026-03-13','09:36:50',24,1,0),
(171,81,9,9,0.00,1.00,84.00,0,'WHILE BILLING','2026-03-13','09:43:34',24,1,0),
(172,81,3,3,0.00,1.00,646.00,0,'WHILE BILLING','2026-03-13','09:43:34',24,1,0),
(173,81,1,1,0.00,2.00,772.00,0,'WHILE BILLING','2026-03-13','09:43:34',24,1,0),
(174,82,28,28,0.00,1.00,0.00,1,' BILL WITHOUT STOCK','2026-03-13','09:44:47',24,1,0),
(175,83,8,8,0.00,1.00,54.00,0,'WHILE BILLING','2026-03-13','09:45:49',24,1,0),
(176,83,23,23,0.00,1.00,102.00,0,'WHILE BILLING','2026-03-13','09:45:49',24,1,0),
(177,84,10,10,0.00,2.00,98.00,0,'WHILE BILLING','2026-03-13','09:48:17',24,1,0),
(178,85,1,1,0.00,1.00,771.00,0,'WHILE BILLING','2026-03-13','09:49:13',24,1,0),
(179,85,24,24,0.00,1.00,200.00,0,'WHILE BILLING','2026-03-13','09:49:13',24,1,0),
(180,85,28,28,0.00,1.00,0.00,1,' BILL WITHOUT STOCK','2026-03-13','09:49:13',24,1,0),
(181,86,2,2,0.00,1.00,271.00,0,'WHILE BILLING','2026-03-13','09:49:41',24,1,0),
(182,87,26,26,0.00,5.00,0.00,1,' BILL WITHOUT STOCK','2026-03-13','09:52:01',24,1,0),
(183,88,30,30,0.00,1.00,0.00,1,' BILL WITHOUT STOCK','2026-03-13','08:53:01',24,1,0),
(184,88,29,29,0.00,3.00,0.00,1,' BILL WITHOUT STOCK','2026-03-13','08:53:01',24,1,0),
(185,89,27,27,0.00,1.00,0.00,1,' BILL WITHOUT STOCK','2026-03-13','08:53:44',24,1,0),
(186,90,26,26,0.00,5.00,0.00,1,' BILL WITHOUT STOCK','2026-03-13','08:54:01',24,1,0),
(187,91,26,26,0.00,4.00,0.00,1,' BILL WITHOUT STOCK','2026-03-13','08:56:05',24,1,0),
(188,91,29,29,0.00,1.00,0.00,1,' BILL WITHOUT STOCK','2026-03-13','08:56:05',24,1,0),
(189,92,29,29,0.00,2.00,0.00,1,' BILL WITHOUT STOCK','2026-03-13','09:01:34',24,1,0),
(190,93,30,30,0.00,1.00,0.00,1,' BILL WITHOUT STOCK','2026-03-13','09:06:39',24,1,0),
(191,93,29,29,0.00,5.00,0.00,1,' BILL WITHOUT STOCK','2026-03-13','09:06:39',24,1,0),
(192,94,26,26,0.00,1.00,0.00,1,' BILL WITHOUT STOCK','2026-03-13','09:14:09',24,1,0),
(193,95,26,26,0.00,1.00,0.00,1,' BILL WITHOUT STOCK','2026-03-13','09:20:03',24,1,0),
(194,95,29,29,0.00,3.00,0.00,1,' BILL WITHOUT STOCK','2026-03-13','09:20:03',24,1,0),
(195,96,2,2,0.00,2.00,269.00,0,'WHILE BILLING','2026-03-13','09:24:46',24,1,0),
(196,97,29,29,0.00,5.00,0.00,1,' BILL WITHOUT STOCK','2026-03-13','09:41:32',24,1,0),
(197,98,27,27,0.00,1.00,0.00,1,' BILL WITHOUT STOCK','2026-03-13','09:42:27',24,1,0),
(198,98,30,30,0.00,1.00,0.00,1,' BILL WITHOUT STOCK','2026-03-13','09:42:27',24,1,0),
(199,99,2,2,0.00,1.00,268.00,0,'WHILE BILLING','2026-03-13','09:43:26',24,1,0),
(200,99,30,30,0.00,1.00,0.00,1,' BILL WITHOUT STOCK','2026-03-13','09:43:26',24,1,0),
(201,100,28,28,0.00,1.00,0.00,1,' BILL WITHOUT STOCK','2026-03-13','09:46:50',24,1,0),
(202,101,26,26,0.00,5.00,0.00,1,' BILL WITHOUT STOCK','2026-03-13','09:49:58',24,1,0),
(203,102,2,2,0.00,1.00,267.00,0,'WHILE BILLING','2026-03-13','08:58:47',24,1,0),
(204,103,27,27,0.00,1.00,0.00,1,' BILL WITHOUT STOCK','2026-03-13','09:02:51',24,1,0),
(205,104,8,8,0.00,2.00,52.00,0,'WHILE BILLING','2026-03-13','09:04:57',24,1,0),
(206,104,32,32,0.00,1.00,0.00,1,' BILL WITHOUT STOCK','2026-03-13','09:04:57',24,1,0),
(207,105,26,26,0.00,5.00,0.00,1,' BILL WITHOUT STOCK','2026-03-13','09:05:54',24,1,0),
(208,105,8,8,0.00,1.00,51.00,0,'WHILE BILLING','2026-03-13','09:05:54',24,1,0),
(209,106,28,28,0.00,1.00,0.00,1,' BILL WITHOUT STOCK','2026-03-13','09:06:37',24,1,0),
(210,107,1,1,0.00,2.00,769.00,0,'WHILE BILLING','2026-03-13','09:07:24',24,1,0),
(211,108,31,31,0.00,3.00,0.00,1,' BILL WITHOUT STOCK','2026-03-13','09:14:38',24,1,0),
(212,109,2,2,0.00,1.00,266.00,0,'WHILE BILLING','2026-03-13','09:18:02',24,1,0),
(213,110,12,12,0.00,1.00,82.00,0,'WHILE BILLING','2026-03-13','09:21:23',24,1,0),
(214,110,30,30,0.00,1.00,0.00,1,' BILL WITHOUT STOCK','2026-03-13','09:21:23',24,1,0),
(215,110,28,28,0.00,1.00,0.00,1,' BILL WITHOUT STOCK','2026-03-13','09:21:23',24,1,0),
(216,111,26,26,0.00,5.00,0.00,1,' BILL WITHOUT STOCK','2026-03-13','09:24:01',24,1,0),
(217,112,23,23,0.00,1.00,101.00,0,'WHILE BILLING','2026-03-13','09:24:59',24,1,0),
(218,112,3,3,0.00,1.00,645.00,0,'WHILE BILLING','2026-03-13','09:24:59',24,1,0),
(219,112,1,1,0.00,1.00,768.00,0,'WHILE BILLING','2026-03-13','09:24:59',24,1,0),
(220,112,28,28,0.00,1.00,0.00,1,' BILL WITHOUT STOCK','2026-03-13','09:24:59',24,1,0),
(221,113,28,28,0.00,1.00,0.00,1,' BILL WITHOUT STOCK','2026-03-13','09:27:16',24,1,0),
(222,114,6,6,0.00,1.00,95.00,0,'WHILE BILLING','2026-03-13','09:32:51',24,1,0),
(223,114,6,6,0.00,1.00,94.00,0,'WHILE BILLING','2026-03-13','09:32:51',24,1,0),
(224,115,23,23,0.00,1.00,100.00,0,'WHILE BILLING','2026-03-13','09:33:52',24,1,0),
(225,115,30,30,0.00,1.00,0.00,1,' BILL WITHOUT STOCK','2026-03-13','09:33:52',24,1,0),
(226,116,4,4,0.00,1.00,78.00,0,'WHILE BILLING','2026-03-13','09:39:30',24,1,0),
(227,116,26,26,0.00,4.00,0.00,1,' BILL WITHOUT STOCK','2026-03-13','09:39:31',24,1,0),
(228,117,4,4,0.00,1.00,77.00,0,'WHILE BILLING','2026-03-13','09:40:03',24,1,0),
(229,117,5,5,0.00,1.00,167.00,0,'WHILE BILLING','2026-03-13','09:40:03',24,1,0),
(230,118,32,32,0.00,1.00,0.00,1,' BILL WITHOUT STOCK','2026-03-13','09:42:24',24,1,0),
(231,118,31,31,0.00,1.00,0.00,1,' BILL WITHOUT STOCK','2026-03-13','09:42:24',24,1,0),
(232,118,31,31,0.00,1.00,0.00,1,' BILL WITHOUT STOCK','2026-03-13','09:42:24',24,1,0),
(233,119,30,30,0.00,1.00,0.00,1,' BILL WITHOUT STOCK','2026-03-13','09:48:49',24,1,0),
(234,119,29,29,0.00,3.00,0.00,1,' BILL WITHOUT STOCK','2026-03-13','09:48:49',24,1,0),
(235,120,30,30,0.00,1.00,0.00,1,' BILL WITHOUT STOCK','2026-03-13','08:53:09',24,1,0),
(236,120,29,29,0.00,5.00,0.00,1,' BILL WITHOUT STOCK','2026-03-13','08:53:09',24,1,0),
(237,120,28,28,0.00,1.00,0.00,1,' BILL WITHOUT STOCK','2026-03-13','08:53:09',24,1,0),
(238,121,27,27,0.00,1.00,0.00,1,' BILL WITHOUT STOCK','2026-03-13','08:53:45',24,1,0),
(239,122,27,27,0.00,1.00,0.00,1,' BILL WITHOUT STOCK','2026-03-13','08:55:51',24,1,0),
(240,122,12,12,0.00,1.00,81.00,0,'WHILE BILLING','2026-03-13','08:55:51',24,1,0),
(241,122,8,8,0.00,2.00,49.00,0,'WHILE BILLING','2026-03-13','08:55:51',24,1,0),
(242,122,24,24,0.00,1.00,199.00,0,'WHILE BILLING','2026-03-13','08:55:51',24,1,0),
(243,122,2,2,0.00,1.00,265.00,0,'WHILE BILLING','2026-03-13','08:55:51',24,1,0),
(244,123,3,3,0.00,1.00,644.00,0,'WHILE BILLING','2026-03-13','08:57:29',24,1,0),
(245,123,15,15,0.00,1.00,39.00,0,'WHILE BILLING','2026-03-13','08:57:29',24,1,0),
(246,124,3,3,0.00,1.00,643.00,0,'WHILE BILLING','2026-03-13','08:58:26',24,1,0),
(247,124,24,24,0.00,1.00,198.00,0,'WHILE BILLING','2026-03-13','08:58:26',24,1,0),
(248,125,2,2,0.00,1.00,264.00,0,'WHILE BILLING','2026-03-13','09:07:08',24,1,0),
(249,125,1,1,0.00,1.00,767.00,0,'WHILE BILLING','2026-03-13','09:07:08',24,1,0),
(250,126,29,29,0.00,5.00,0.00,1,' BILL WITHOUT STOCK','2026-03-13','09:12:33',24,1,0),
(251,126,30,30,0.00,1.00,0.00,1,' BILL WITHOUT STOCK','2026-03-13','09:12:33',24,1,0),
(252,126,26,26,0.00,5.00,0.00,1,' BILL WITHOUT STOCK','2026-03-13','09:12:33',24,1,0),
(253,127,30,30,0.00,1.00,0.00,1,' BILL WITHOUT STOCK','2026-03-13','09:15:05',24,1,0),
(254,127,26,26,0.00,2.00,0.00,1,' BILL WITHOUT STOCK','2026-03-13','09:15:05',24,1,0),
(255,127,29,29,0.00,3.00,0.00,1,' BILL WITHOUT STOCK','2026-03-13','09:15:05',24,1,0),
(256,127,17,17,0.00,1.00,28.00,0,'WHILE BILLING','2026-03-13','09:15:05',24,1,0),
(257,128,6,6,0.00,2.00,92.00,0,'WHILE BILLING','2026-03-13','09:17:01',24,1,0),
(258,128,26,26,0.00,3.00,0.00,1,' BILL WITHOUT STOCK','2026-03-13','09:17:01',24,1,0),
(259,129,4,4,0.00,1.00,76.00,0,'WHILE BILLING','2026-03-13','09:18:33',24,1,0),
(260,129,2,2,0.00,1.00,263.00,0,'WHILE BILLING','2026-03-13','09:18:33',24,1,0),
(261,130,30,30,0.00,1.00,0.00,1,' BILL WITHOUT STOCK','2026-03-13','09:19:05',24,1,0),
(262,131,26,26,0.00,5.00,0.00,1,' BILL WITHOUT STOCK','2026-03-13','09:29:32',24,1,0),
(263,132,29,29,0.00,5.00,0.00,1,' BILL WITHOUT STOCK','2026-03-13','09:29:58',24,1,0),
(264,133,2,2,0.00,1.00,262.00,0,'WHILE BILLING','2026-03-13','09:30:27',24,1,0),
(265,134,3,3,0.00,1.00,642.00,0,'WHILE BILLING','2026-03-13','09:33:26',24,1,0),
(266,134,21,21,0.00,1.00,87.00,0,'WHILE BILLING','2026-03-13','09:33:26',24,1,0),
(267,135,29,29,0.00,2.00,0.00,1,' BILL WITHOUT STOCK','2026-03-13','09:38:59',24,1,0),
(268,136,27,27,0.00,1.00,0.00,1,' BILL WITHOUT STOCK','2026-03-13','09:40:29',24,1,0),
(269,137,28,28,0.00,1.00,0.00,1,' BILL WITHOUT STOCK','2026-03-13','09:50:35',24,1,0),
(270,138,27,27,0.00,1.00,0.00,1,' BILL WITHOUT STOCK','2026-03-13','08:53:11',24,1,0),
(271,139,29,29,0.00,5.00,0.00,1,' BILL WITHOUT STOCK','2026-03-13','09:04:33',24,1,0),
(272,140,1,1,0.00,1.00,766.00,0,'WHILE BILLING','2026-03-13','09:05:17',24,1,0),
(273,140,22,22,0.00,1.00,305.00,0,'WHILE BILLING','2026-03-13','09:05:18',24,1,0),
(274,141,26,26,0.00,3.00,0.00,1,' BILL WITHOUT STOCK','2026-03-13','09:06:05',24,1,0),
(275,142,28,28,0.00,1.00,0.00,1,' BILL WITHOUT STOCK','2026-03-13','09:08:01',24,1,0),
(276,143,27,27,0.00,1.00,0.00,1,' BILL WITHOUT STOCK','2026-03-13','09:08:53',24,1,0),
(277,144,28,28,0.00,1.00,0.00,1,' BILL WITHOUT STOCK','2026-03-13','09:15:46',24,1,0),
(278,145,27,27,0.00,1.00,0.00,1,' BILL WITHOUT STOCK','2026-03-13','09:17:34',24,1,0),
(279,146,27,27,0.00,1.00,0.00,1,' BILL WITHOUT STOCK','2026-03-13','09:17:52',24,1,0),
(280,147,29,29,0.00,5.00,0.00,1,' BILL WITHOUT STOCK','2026-03-13','09:21:20',24,1,0),
(281,147,30,30,0.00,1.00,0.00,1,' BILL WITHOUT STOCK','2026-03-13','09:21:20',24,1,0),
(282,148,1,1,0.00,1.00,765.00,0,'WHILE BILLING','2026-03-13','09:21:50',24,1,0),
(283,148,21,21,0.00,1.00,86.00,0,'WHILE BILLING','2026-03-13','09:21:50',24,1,0),
(284,149,30,30,0.00,1.00,0.00,1,' BILL WITHOUT STOCK','2026-03-13','09:23:10',24,1,0),
(285,149,3,3,0.00,1.00,641.00,0,'WHILE BILLING','2026-03-13','09:23:10',24,1,0),
(286,149,2,2,0.00,1.00,261.00,0,'WHILE BILLING','2026-03-13','09:23:10',24,1,0),
(287,149,23,23,0.00,1.00,99.00,0,'WHILE BILLING','2026-03-13','09:23:10',24,1,0),
(288,149,27,27,0.00,1.00,0.00,1,' BILL WITHOUT STOCK','2026-03-13','09:23:10',24,1,0),
(289,150,26,26,0.00,5.00,0.00,1,' BILL WITHOUT STOCK','2026-03-13','09:26:10',24,1,0),
(290,151,30,30,0.00,1.00,0.00,1,' BILL WITHOUT STOCK','2026-03-13','09:31:27',24,1,0),
(291,152,30,30,0.00,1.00,0.00,1,' BILL WITHOUT STOCK','2026-03-13','09:32:51',24,1,0),
(292,153,23,23,0.00,1.00,98.00,0,'WHILE BILLING','2026-03-13','09:34:20',24,1,0),
(293,153,26,26,0.00,4.00,0.00,1,' BILL WITHOUT STOCK','2026-03-13','09:34:20',24,1,0),
(294,154,31,31,0.00,1.00,0.00,1,' BILL WITHOUT STOCK','2026-03-13','09:37:23',24,1,0),
(295,154,26,26,0.00,4.00,0.00,1,' BILL WITHOUT STOCK','2026-03-13','09:37:23',24,1,0),
(296,155,28,28,0.00,1.00,0.00,1,' BILL WITHOUT STOCK','2026-03-13','09:43:16',24,1,0),
(297,156,26,26,0.00,5.00,0.00,1,' BILL WITHOUT STOCK','2026-03-13','09:44:14',24,1,0),
(298,157,1,1,0.00,1.00,764.00,0,'WHILE BILLING','2026-03-13','09:45:06',24,1,0),
(299,158,27,27,0.00,1.00,0.00,1,' BILL WITHOUT STOCK','2026-03-13','09:51:47',24,1,0),
(300,159,22,22,0.00,1.00,304.00,0,'WHILE BILLING','2026-03-13','08:54:23',24,1,0),
(301,159,26,26,0.00,5.00,0.00,1,' BILL WITHOUT STOCK','2026-03-13','08:54:23',24,1,0),
(302,160,30,30,0.00,1.00,0.00,1,' BILL WITHOUT STOCK','2026-03-13','08:57:38',24,1,0),
(303,161,29,29,0.00,5.00,0.00,1,' BILL WITHOUT STOCK','2026-03-13','09:08:18',24,1,0),
(304,161,9,9,0.00,1.00,83.00,0,'WHILE BILLING','2026-03-13','09:08:18',24,1,0),
(305,162,26,26,0.00,5.00,0.00,1,' BILL WITHOUT STOCK','2026-03-13','09:12:56',24,1,0),
(306,163,26,26,0.00,2.00,0.00,1,' BILL WITHOUT STOCK','2026-03-13','09:14:01',24,1,0),
(307,164,2,2,0.00,1.00,260.00,0,'WHILE BILLING','2026-03-13','09:19:55',24,1,0),
(308,164,26,26,0.00,2.00,0.00,1,' BILL WITHOUT STOCK','2026-03-13','09:19:55',24,1,0),
(309,165,2,2,0.00,1.00,259.00,0,'WHILE BILLING','2026-03-13','09:23:21',24,1,0),
(310,165,2,2,0.00,1.00,258.00,0,'WHILE BILLING','2026-03-13','09:23:21',24,1,0),
(311,165,7,7,0.00,1.00,108.00,0,'WHILE BILLING','2026-03-13','09:23:21',24,1,0),
(312,166,31,31,0.00,4.00,0.00,1,' BILL WITHOUT STOCK','2026-03-13','09:25:23',24,1,0),
(313,167,29,29,0.00,5.00,0.00,1,' BILL WITHOUT STOCK','2026-03-13','09:26:33',24,1,0),
(314,168,26,26,0.00,5.00,0.00,1,' BILL WITHOUT STOCK','2026-03-13','09:27:09',24,1,0),
(315,169,1,1,0.00,1.00,763.00,0,'WHILE BILLING','2026-03-13','09:28:13',24,1,0),
(316,169,27,27,0.00,1.00,0.00,1,' BILL WITHOUT STOCK','2026-03-13','09:28:13',24,1,0),
(317,170,27,27,0.00,1.00,0.00,1,' BILL WITHOUT STOCK','2026-03-13','09:29:02',24,1,0),
(318,171,29,29,0.00,5.00,0.00,1,' BILL WITHOUT STOCK','2026-03-13','09:37:54',24,1,0),
(319,172,26,26,0.00,5.00,0.00,1,' BILL WITHOUT STOCK','2026-03-13','09:40:50',24,1,0),
(320,173,3,3,0.00,1.00,640.00,0,'WHILE BILLING','2026-03-13','09:41:42',24,1,0),
(321,174,1,1,0.00,1.00,762.00,0,'WHILE BILLING','2026-03-13','09:42:53',24,1,0),
(322,175,3,3,0.00,1.00,639.00,0,'WHILE BILLING','2026-03-13','09:43:37',24,1,0),
(323,176,26,26,0.00,2.00,0.00,1,' BILL WITHOUT STOCK','2026-03-13','09:45:39',24,1,0),
(324,176,27,27,0.00,1.00,0.00,1,' BILL WITHOUT STOCK','2026-03-13','09:45:39',24,1,0),
(325,177,26,26,0.00,6.00,0.00,1,' BILL WITHOUT STOCK','2026-03-13','09:51:43',24,1,0),
(326,178,5,5,0.00,1.00,166.00,0,'WHILE BILLING','2026-03-13','08:53:08',24,1,0),
(327,178,3,3,0.00,1.00,638.00,0,'WHILE BILLING','2026-03-13','08:53:08',24,1,0),
(328,178,3,3,0.00,1.00,637.00,0,'WHILE BILLING','2026-03-13','08:53:08',24,1,0),
(329,179,26,26,0.00,2.00,0.00,1,' BILL WITHOUT STOCK','2026-03-13','08:53:31',24,1,0),
(330,180,26,26,0.00,1.00,0.00,1,' BILL WITHOUT STOCK','2026-03-13','08:54:00',24,1,0),
(331,181,30,30,0.00,2.00,0.00,1,' BILL WITHOUT STOCK','2026-03-13','08:55:18',24,1,0),
(332,181,29,29,0.00,1.00,0.00,1,' BILL WITHOUT STOCK','2026-03-13','08:55:18',24,1,0),
(333,182,26,26,0.00,10.00,0.00,1,' BILL WITHOUT STOCK','2026-03-13','09:07:35',24,1,0),
(334,183,5,5,0.00,1.00,165.00,0,'WHILE BILLING','2026-03-13','09:11:19',24,1,0),
(335,183,1,1,0.00,1.00,761.00,0,'WHILE BILLING','2026-03-13','09:11:19',24,1,0),
(336,183,5,5,0.00,1.00,164.00,0,'WHILE BILLING','2026-03-13','09:11:19',24,1,0),
(337,183,2,2,0.00,1.00,257.00,0,'WHILE BILLING','2026-03-13','09:11:19',24,1,0),
(338,183,1,1,0.00,1.00,760.00,0,'WHILE BILLING','2026-03-13','09:11:19',24,1,0),
(339,183,1,1,0.00,1.00,759.00,0,'WHILE BILLING','2026-03-13','09:11:19',24,1,0),
(340,183,6,6,0.00,1.00,91.00,0,'WHILE BILLING','2026-03-13','09:11:19',24,1,0),
(341,184,30,30,0.00,1.00,0.00,1,' BILL WITHOUT STOCK','2026-03-13','09:13:15',24,1,0),
(342,184,30,30,0.00,1.00,0.00,1,' BILL WITHOUT STOCK','2026-03-13','09:13:15',24,1,0),
(343,185,26,26,0.00,5.00,0.00,1,' BILL WITHOUT STOCK','2026-03-13','09:15:36',24,1,0),
(344,185,9,9,0.00,1.00,82.00,0,'WHILE BILLING','2026-03-13','09:15:36',24,1,0),
(345,186,29,29,0.00,3.00,0.00,1,' BILL WITHOUT STOCK','2026-03-13','09:17:41',24,1,0),
(346,187,26,26,0.00,2.00,0.00,1,' BILL WITHOUT STOCK','2026-03-13','09:18:51',24,1,0),
(347,188,32,32,0.00,1.00,0.00,1,' BILL WITHOUT STOCK','2026-03-13','09:19:38',24,1,0),
(348,189,30,30,0.00,1.00,0.00,1,' BILL WITHOUT STOCK','2026-03-13','09:20:52',24,1,0),
(349,190,29,29,0.00,2.00,0.00,1,' BILL WITHOUT STOCK','2026-03-13','09:22:43',24,1,0),
(350,191,3,3,0.00,1.00,636.00,0,'WHILE BILLING','2026-03-13','09:26:05',24,1,0),
(351,191,5,5,0.00,1.00,163.00,0,'WHILE BILLING','2026-03-13','09:26:05',24,1,0),
(352,192,26,26,0.00,2.00,0.00,1,' BILL WITHOUT STOCK','2026-03-13','09:38:59',24,1,0),
(353,192,29,29,0.00,3.00,0.00,1,' BILL WITHOUT STOCK','2026-03-13','09:38:59',24,1,0),
(354,193,27,27,0.00,1.00,0.00,1,' BILL WITHOUT STOCK','2026-03-13','09:40:02',24,1,0),
(355,194,26,26,0.00,1.00,0.00,1,' BILL WITHOUT STOCK','2026-03-13','09:40:44',24,1,0),
(356,194,29,29,0.00,3.00,0.00,1,' BILL WITHOUT STOCK','2026-03-13','09:40:44',24,1,0),
(357,195,29,29,0.00,7.00,0.00,1,' BILL WITHOUT STOCK','2026-03-13','09:43:47',24,1,0),
(358,195,9,9,0.00,2.00,80.00,0,'WHILE BILLING','2026-03-13','09:43:47',24,1,0),
(359,195,26,26,0.00,1.00,0.00,1,' BILL WITHOUT STOCK','2026-03-13','09:43:47',24,1,0),
(360,196,26,26,0.00,2.00,0.00,1,' BILL WITHOUT STOCK','2026-03-13','09:45:40',24,1,0),
(361,197,2,2,0.00,1.00,256.00,0,'WHILE BILLING','2026-03-13','09:48:41',24,1,0),
(362,197,2,2,0.00,1.00,255.00,0,'WHILE BILLING','2026-03-13','09:48:41',24,1,0),
(363,197,1,1,0.00,1.00,758.00,0,'WHILE BILLING','2026-03-13','09:48:41',24,1,0),
(364,197,30,30,0.00,1.00,0.00,1,' BILL WITHOUT STOCK','2026-03-13','09:48:41',24,1,0),
(365,198,7,7,0.00,1.00,107.00,0,'WHILE BILLING','2026-03-13','09:49:10',24,1,0),
(366,198,26,26,0.00,3.00,0.00,1,' BILL WITHOUT STOCK','2026-03-13','09:49:10',24,1,0),
(367,199,30,30,0.00,1.00,0.00,1,' BILL WITHOUT STOCK','2026-03-13','09:49:55',24,1,0),
(368,200,30,30,0.00,1.00,0.00,1,' BILL WITHOUT STOCK','2026-03-13','09:51:50',24,1,0),
(369,201,30,30,0.00,1.00,0.00,1,' BILL WITHOUT STOCK','2026-03-13','08:53:27',24,1,0),
(370,202,28,28,0.00,1.00,0.00,1,' BILL WITHOUT STOCK','2026-03-13','08:54:52',24,1,0),
(371,203,26,26,0.00,5.00,0.00,1,' BILL WITHOUT STOCK','2026-03-13','08:59:16',24,1,0),
(372,204,2,2,0.00,1.00,254.00,0,'WHILE BILLING','2026-03-13','09:01:20',24,1,0),
(373,204,9,9,0.00,1.00,79.00,0,'WHILE BILLING','2026-03-13','09:01:20',24,1,0),
(374,205,26,26,0.00,3.00,0.00,1,' BILL WITHOUT STOCK','2026-03-13','09:02:19',24,1,0),
(375,206,26,26,0.00,1.00,0.00,1,' BILL WITHOUT STOCK','2026-03-13','09:04:00',24,1,0),
(376,207,26,26,0.00,3.00,0.00,1,' BILL WITHOUT STOCK','2026-03-13','09:05:51',24,1,0),
(377,208,26,26,0.00,4.00,0.00,1,' BILL WITHOUT STOCK','2026-03-13','09:10:09',24,1,0),
(378,209,26,26,0.00,6.00,0.00,1,' BILL WITHOUT STOCK','2026-03-13','09:13:12',24,1,0),
(379,209,30,30,0.00,1.00,0.00,1,' BILL WITHOUT STOCK','2026-03-13','09:13:13',24,1,0),
(380,210,26,26,0.00,5.00,0.00,1,' BILL WITHOUT STOCK','2026-03-13','09:17:48',24,1,0),
(381,210,28,28,0.00,1.00,0.00,1,' BILL WITHOUT STOCK','2026-03-13','09:17:48',24,1,0),
(382,211,16,16,0.00,1.00,59.00,0,'WHILE BILLING','2026-03-13','09:19:35',24,1,0),
(383,211,17,17,0.00,1.00,27.00,0,'WHILE BILLING','2026-03-13','09:19:35',24,1,0),
(384,211,23,23,0.00,1.00,97.00,0,'WHILE BILLING','2026-03-13','09:19:35',24,1,0),
(385,212,9,9,0.00,2.00,77.00,0,'WHILE BILLING','2026-03-13','09:22:12',24,1,0),
(386,213,26,26,0.00,2.00,0.00,1,' BILL WITHOUT STOCK','2026-03-13','09:26:23',24,1,0),
(387,214,27,27,0.00,1.00,0.00,1,' BILL WITHOUT STOCK','2026-03-13','09:26:49',24,1,0),
(388,215,29,29,0.00,5.00,0.00,1,' BILL WITHOUT STOCK','2026-03-13','09:33:37',24,1,0),
(389,215,13,13,0.00,1.00,33.00,0,'WHILE BILLING','2026-03-13','09:33:37',24,1,0),
(390,216,2,2,0.00,1.00,253.00,0,'WHILE BILLING','2026-03-13','09:34:21',24,1,0),
(391,216,24,24,0.00,1.00,197.00,0,'WHILE BILLING','2026-03-13','09:34:21',24,1,0),
(392,217,26,26,0.00,5.00,0.00,1,' BILL WITHOUT STOCK','2026-03-13','09:35:44',24,1,0),
(393,218,31,31,0.00,1.00,0.00,1,' BILL WITHOUT STOCK','2026-03-13','09:37:59',24,1,0),
(394,219,5,5,0.00,1.00,162.00,0,'WHILE BILLING','2026-03-13','09:42:51',24,1,0),
(395,220,15,15,0.00,1.00,38.00,0,'WHILE BILLING','2026-03-13','09:43:53',24,1,0),
(396,221,27,27,0.00,1.00,0.00,1,' BILL WITHOUT STOCK','2026-03-13','09:47:03',24,1,0),
(397,222,22,22,0.00,1.00,303.00,0,'WHILE BILLING','2026-03-13','09:47:51',24,1,0),
(398,223,15,15,0.00,1.00,37.00,0,'WHILE BILLING','2026-03-13','09:51:05',24,1,0),
(399,223,28,28,0.00,1.00,0.00,1,' BILL WITHOUT STOCK','2026-03-13','09:51:06',24,1,0),
(400,224,26,26,0.00,5.00,0.00,1,' BILL WITHOUT STOCK','2026-03-13','08:53:30',24,1,0),
(401,225,2,2,0.00,1.00,252.00,0,'WHILE BILLING','2026-03-13','08:58:28',24,1,0),
(402,226,26,26,0.00,1.00,0.00,1,' BILL WITHOUT STOCK','2026-03-13','09:00:41',24,1,0),
(403,227,26,26,0.00,2.00,0.00,1,' BILL WITHOUT STOCK','2026-03-13','09:01:39',24,1,0),
(404,228,26,26,0.00,3.00,0.00,1,' BILL WITHOUT STOCK','2026-03-13','09:05:51',24,1,0),
(405,228,8,8,0.00,1.00,48.00,0,'WHILE BILLING','2026-03-13','09:05:51',24,1,0),
(406,228,15,15,0.00,1.00,36.00,0,'WHILE BILLING','2026-03-13','09:05:51',24,1,0),
(407,228,21,21,0.00,1.00,85.00,0,'WHILE BILLING','2026-03-13','09:05:51',24,1,0),
(408,229,32,32,0.00,3.00,0.00,1,' BILL WITHOUT STOCK','2026-03-13','09:08:03',24,1,0),
(409,230,29,29,0.00,1.00,0.00,1,' BILL WITHOUT STOCK','2026-03-13','09:14:36',24,1,0),
(410,231,26,26,0.00,1.00,0.00,1,' BILL WITHOUT STOCK','2026-03-13','09:14:54',24,1,0),
(411,232,29,29,0.00,2.00,0.00,1,' BILL WITHOUT STOCK','2026-03-13','09:24:09',24,1,0),
(412,232,26,26,0.00,1.00,0.00,1,' BILL WITHOUT STOCK','2026-03-13','09:24:09',24,1,0),
(413,233,26,26,0.00,3.00,0.00,1,' BILL WITHOUT STOCK','2026-03-13','09:30:43',24,1,0),
(414,234,26,26,0.00,1.00,0.00,1,' BILL WITHOUT STOCK','2026-03-13','09:32:03',24,1,0),
(415,235,27,27,0.00,1.00,0.00,1,' BILL WITHOUT STOCK','2026-03-13','09:42:40',24,1,0),
(416,236,1,1,0.00,1.00,757.00,0,'WHILE BILLING','2026-03-13','09:45:35',24,1,0),
(417,236,21,21,0.00,1.00,84.00,0,'WHILE BILLING','2026-03-13','09:45:35',24,1,0),
(418,237,29,29,0.00,2.00,0.00,1,' BILL WITHOUT STOCK','2026-03-13','08:55:28',24,1,0),
(419,238,31,31,0.00,2.00,0.00,1,' BILL WITHOUT STOCK','2026-03-13','08:56:49',24,1,0),
(420,239,1,1,0.00,1.00,756.00,0,'WHILE BILLING','2026-03-13','09:01:49',24,1,0),
(421,239,7,7,0.00,1.00,106.00,0,'WHILE BILLING','2026-03-13','09:01:49',24,1,0),
(422,239,32,32,0.00,2.00,0.00,1,' BILL WITHOUT STOCK','2026-03-13','09:01:49',24,1,0),
(423,240,6,6,0.00,1.00,90.00,0,'WHILE BILLING','2026-03-13','09:10:52',24,1,0),
(424,240,29,29,0.00,3.00,0.00,1,' BILL WITHOUT STOCK','2026-03-13','09:10:52',24,1,0),
(425,240,29,29,0.00,1.00,0.00,1,' BILL WITHOUT STOCK','2026-03-13','09:10:52',24,1,0),
(426,241,28,28,0.00,1.00,0.00,1,' BILL WITHOUT STOCK','2026-03-13','09:11:22',24,1,0),
(427,242,29,29,0.00,2.00,0.00,1,' BILL WITHOUT STOCK','2026-03-13','09:28:49',24,1,0),
(428,243,3,3,0.00,1.00,635.00,0,'WHILE BILLING','2026-03-15','11:05:50',24,1,0),
(429,243,21,21,0.00,2.00,82.00,0,'WHILE BILLING','2026-03-15','11:05:50',24,1,0),
(430,244,26,26,0.00,1.00,0.00,1,' BILL WITHOUT STOCK','2026-03-15','11:09:13',24,1,0),
(431,245,32,32,0.00,1.00,0.00,1,' BILL WITHOUT STOCK','2026-03-15','11:19:23',24,1,0),
(432,246,24,24,0.00,1.00,196.00,0,'WHILE BILLING','2026-03-15','11:33:39',24,1,0),
(433,246,22,22,0.00,1.00,302.00,0,'WHILE BILLING','2026-03-15','11:33:39',24,1,0),
(434,247,5,5,0.00,1.00,161.00,0,'WHILE BILLING','2026-03-15','11:13:49',24,1,0),
(435,247,26,26,0.00,2.00,0.00,1,' BILL WITHOUT STOCK','2026-03-15','11:13:49',24,1,0),
(436,248,2,2,0.00,1.00,251.00,0,'WHILE BILLING','2026-03-15','12:02:41',24,1,0),
(437,248,22,22,0.00,1.00,301.00,0,'WHILE BILLING','2026-03-15','12:02:41',24,1,0),
(438,248,2,2,0.00,1.00,250.00,0,'WHILE BILLING','2026-03-15','12:02:41',24,1,0),
(439,249,21,21,0.00,1.00,81.00,0,'WHILE BILLING','2026-03-15','11:14:25',24,1,0),
(440,250,2,2,0.00,1.00,249.00,0,'WHILE BILLING','2026-03-15','11:07:40',24,1,0),
(441,251,26,26,0.00,2.00,0.00,1,' BILL WITHOUT STOCK','2026-03-15','11:12:04',24,1,0),
(442,252,23,23,0.00,1.00,96.00,0,'WHILE BILLING','2026-03-15','11:17:05',24,1,0),
(443,252,26,26,0.00,1.00,0.00,1,' BILL WITHOUT STOCK','2026-03-15','11:17:05',24,1,0),
(444,253,3,3,0.00,1.00,634.00,0,'WHILE BILLING','2026-03-15','11:19:03',24,1,0),
(445,253,4,4,0.00,1.00,75.00,0,'WHILE BILLING','2026-03-15','11:19:03',24,1,0),
(446,254,5,5,0.00,1.00,160.00,0,'WHILE BILLING','2026-03-15','11:28:20',24,1,0),
(447,254,26,26,0.00,3.00,0.00,1,' BILL WITHOUT STOCK','2026-03-15','11:28:20',24,1,0),
(448,255,26,26,0.00,2.00,0.00,1,' BILL WITHOUT STOCK','2026-03-15','11:33:30',24,1,0),
(449,256,4,4,0.00,2.00,73.00,0,'WHILE BILLING','2026-03-15','11:38:30',24,1,0),
(450,257,30,30,0.00,1.00,0.00,1,' BILL WITHOUT STOCK','2026-03-15','11:47:27',24,1,0),
(451,257,26,26,0.00,1.00,0.00,1,' BILL WITHOUT STOCK','2026-03-15','11:47:27',24,1,0),
(452,258,2,2,0.00,1.00,248.00,0,'WHILE BILLING','2026-03-15','11:49:46',24,1,0),
(453,258,3,3,0.00,1.00,633.00,0,'WHILE BILLING','2026-03-15','11:49:46',24,1,0),
(454,258,23,23,0.00,1.00,95.00,0,'WHILE BILLING','2026-03-15','11:49:46',24,1,0),
(455,259,22,22,0.00,1.00,300.00,0,'WHILE BILLING','2026-03-15','11:54:10',24,1,0),
(456,259,1,1,0.00,1.00,755.00,0,'WHILE BILLING','2026-03-15','11:54:10',24,1,0),
(457,260,3,3,0.00,1.00,632.00,0,'WHILE BILLING','2026-03-15','11:57:44',24,1,0),
(458,260,2,2,0.00,1.00,247.00,0,'WHILE BILLING','2026-03-15','11:57:44',24,1,0),
(459,260,23,23,0.00,1.00,94.00,0,'WHILE BILLING','2026-03-15','11:57:44',24,1,0),
(460,261,3,3,0.00,2.00,630.00,0,'WHILE BILLING','2026-03-15','11:59:27',24,1,0),
(461,261,7,7,0.00,1.00,105.00,0,'WHILE BILLING','2026-03-15','11:59:27',24,1,0),
(462,261,23,23,0.00,1.00,93.00,0,'WHILE BILLING','2026-03-15','11:59:27',24,1,0),
(463,262,29,29,0.00,3.00,0.00,1,' BILL WITHOUT STOCK','2026-03-15','11:04:07',24,1,0),
(464,262,26,26,0.00,6.00,0.00,1,' BILL WITHOUT STOCK','2026-03-15','11:04:07',24,1,0),
(465,262,26,26,0.00,1.00,0.00,1,' BILL WITHOUT STOCK','2026-03-15','11:04:07',24,1,0),
(466,263,32,32,0.00,2.00,0.00,1,' BILL WITHOUT STOCK','2026-03-15','11:13:56',24,1,0),
(467,263,31,31,0.00,2.00,0.00,1,' BILL WITHOUT STOCK','2026-03-15','11:13:56',24,1,0),
(468,263,2,2,0.00,1.00,246.00,0,'WHILE BILLING','2026-03-15','11:13:56',24,1,0),
(469,263,6,6,0.00,1.00,89.00,0,'WHILE BILLING','2026-03-15','11:13:56',24,1,0),
(470,264,32,32,0.00,2.00,0.00,1,' BILL WITHOUT STOCK','2026-03-15','11:15:11',24,1,0),
(471,265,32,32,0.00,1.00,0.00,1,' BILL WITHOUT STOCK','2026-03-15','11:15:28',24,1,0),
(472,266,1,1,0.00,1.00,754.00,0,'WHILE BILLING','2026-03-15','11:18:55',24,1,0),
(473,267,2,2,0.00,1.00,245.00,0,'WHILE BILLING','2026-03-15','11:26:15',24,1,0),
(474,267,3,3,0.00,1.00,629.00,0,'WHILE BILLING','2026-03-15','11:26:15',24,1,0),
(475,267,6,6,0.00,1.00,88.00,0,'WHILE BILLING','2026-03-15','11:26:15',24,1,0),
(476,267,21,21,0.00,1.00,80.00,0,'WHILE BILLING','2026-03-15','11:26:15',24,1,0),
(477,268,3,3,0.00,1.00,628.00,0,'WHILE BILLING','2026-03-15','11:27:04',24,1,0),
(478,268,23,23,0.00,1.00,92.00,0,'WHILE BILLING','2026-03-15','11:27:04',24,1,0),
(479,269,32,32,0.00,1.00,0.00,1,' BILL WITHOUT STOCK','2026-03-15','11:29:42',24,1,0),
(480,269,3,3,0.00,1.00,627.00,0,'WHILE BILLING','2026-03-15','11:29:42',24,1,0),
(481,269,18,18,0.00,1.00,65.00,0,'WHILE BILLING','2026-03-15','11:29:42',24,1,0),
(482,269,18,18,0.00,1.00,64.00,0,'WHILE BILLING','2026-03-15','11:29:42',24,1,0),
(483,270,26,26,0.00,2.00,0.00,1,' BILL WITHOUT STOCK','2026-03-15','11:32:56',24,1,0),
(484,271,2,2,0.00,2.00,243.00,0,'WHILE BILLING','2026-03-15','11:38:38',24,1,0),
(485,272,26,26,0.00,3.00,0.00,1,' BILL WITHOUT STOCK','2026-03-15','11:58:57',24,1,0),
(486,273,26,26,0.00,1.00,0.00,1,' BILL WITHOUT STOCK','2026-03-15','11:11:54',24,1,0),
(487,274,3,3,0.00,1.00,626.00,0,'WHILE BILLING','2026-03-15','11:56:34',24,1,0),
(488,274,24,24,0.00,1.00,195.00,0,'WHILE BILLING','2026-03-15','11:56:34',24,1,0),
(489,275,2,2,0.00,1.00,242.00,0,'WHILE BILLING','2026-03-15','11:19:10',24,1,0),
(490,275,27,27,0.00,1.00,0.00,1,' BILL WITHOUT STOCK','2026-03-15','11:19:10',24,1,0),
(491,0,33,33,0.00,0.00,0.00,0,'WHILE ADD PRODUCT','2026-03-15','11:37:18',24,1,0),
(492,276,33,33,0.00,1.00,0.00,1,' BILL WITHOUT STOCK','2026-03-15','11:37:36',24,1,0),
(493,277,29,29,0.00,5.00,0.00,1,' BILL WITHOUT STOCK','2026-03-15','11:22:54',24,1,0),
(494,278,1,1,0.00,1.00,753.00,0,'WHILE BILLING','2026-03-15','11:56:57',24,1,0),
(495,278,6,6,0.00,1.00,87.00,0,'WHILE BILLING','2026-03-15','11:56:57',24,1,0),
(496,279,3,3,0.00,1.00,625.00,0,'WHILE BILLING','2026-03-15','11:57:24',24,1,0),
(497,279,15,15,0.00,1.00,35.00,0,'WHILE BILLING','2026-03-15','11:57:24',24,1,0),
(498,280,15,15,0.00,1.00,34.00,0,'WHILE BILLING','2026-03-15','11:05:35',24,1,0),
(499,281,17,17,0.00,1.00,26.00,0,'WHILE BILLING','2026-03-15','11:43:11',24,1,0),
(500,281,16,16,0.00,1.00,58.00,0,'WHILE BILLING','2026-03-15','11:43:11',24,1,0),
(501,282,30,30,0.00,1.00,0.00,1,' BILL WITHOUT STOCK','2026-03-15','11:45:07',24,1,0),
(502,282,11,11,0.00,1.00,74.00,0,'WHILE BILLING','2026-03-15','11:45:07',24,1,0),
(503,283,26,26,0.00,5.00,0.00,1,' BILL WITHOUT STOCK','2026-03-15','11:50:02',24,1,0),
(504,283,2,2,0.00,1.00,241.00,0,'WHILE BILLING','2026-03-15','11:50:02',24,1,0),
(505,284,28,28,0.00,1.00,0.00,1,' BILL WITHOUT STOCK','2026-03-15','11:52:01',24,1,0),
(506,285,1,1,0.00,1.00,752.00,0,'WHILE BILLING','2026-03-15','11:06:03',24,1,0),
(507,285,7,7,0.00,1.00,104.00,0,'WHILE BILLING','2026-03-15','11:06:03',24,1,0),
(508,286,22,22,0.00,1.00,299.00,0,'WHILE BILLING','2026-03-15','11:38:00',24,1,0),
(509,286,2,2,0.00,1.00,240.00,0,'WHILE BILLING','2026-03-15','11:38:00',24,1,0),
(510,286,26,26,0.00,3.00,0.00,1,' BILL WITHOUT STOCK','2026-03-15','11:38:00',24,1,0),
(511,287,26,26,0.00,5.00,0.00,1,' BILL WITHOUT STOCK','2026-03-15','11:41:07',24,1,0),
(512,288,1,1,0.00,1.00,751.00,0,'WHILE BILLING','2026-03-15','11:43:42',24,1,0),
(513,289,2,2,0.00,1.00,239.00,0,'WHILE BILLING','2026-03-15','11:52:05',24,1,0),
(514,289,5,5,0.00,1.00,159.00,0,'WHILE BILLING','2026-03-15','11:52:05',24,1,0),
(515,290,1,1,0.00,3.00,748.00,0,'WHILE BILLING','2026-03-15','11:54:21',24,1,0),
(516,290,21,21,0.00,1.00,79.00,0,'WHILE BILLING','2026-03-15','11:54:21',24,1,0),
(517,291,22,22,0.00,1.00,298.00,0,'WHILE BILLING','2026-03-15','11:22:17',24,1,0),
(518,291,2,2,0.00,1.00,238.00,0,'WHILE BILLING','2026-03-15','11:22:17',24,1,0),
(519,292,2,2,0.00,1.00,237.00,0,'WHILE BILLING','2026-03-15','11:23:23',24,1,0),
(520,293,26,26,0.00,5.00,0.00,1,' BILL WITHOUT STOCK','2026-03-15','11:25:24',24,1,0),
(521,293,1,1,0.00,1.00,747.00,0,'WHILE BILLING','2026-03-15','11:25:24',24,1,0),
(522,293,24,24,0.00,1.00,194.00,0,'WHILE BILLING','2026-03-15','11:25:24',24,1,0),
(523,294,3,3,0.00,1.00,624.00,0,'WHILE BILLING','2026-03-15','11:26:57',24,1,0),
(524,294,7,7,0.00,1.00,103.00,0,'WHILE BILLING','2026-03-15','11:26:57',24,1,0),
(525,295,26,26,0.00,6.00,0.00,1,' BILL WITHOUT STOCK','2026-03-15','11:29:59',24,1,0),
(526,296,23,23,0.00,1.00,91.00,0,'WHILE BILLING','2026-03-15','11:30:35',24,1,0),
(527,297,26,26,0.00,3.00,0.00,1,' BILL WITHOUT STOCK','2026-03-15','11:33:17',24,1,0),
(528,297,1,1,0.00,1.00,746.00,0,'WHILE BILLING','2026-03-15','11:33:17',24,1,0),
(529,298,26,26,0.00,7.00,0.00,1,' BILL WITHOUT STOCK','2026-03-15','11:59:18',24,1,0),
(530,299,26,26,0.00,2.00,0.00,1,' BILL WITHOUT STOCK','2026-03-15','11:59:58',24,1,0),
(531,300,26,26,0.00,1.00,0.00,1,' BILL WITHOUT STOCK','2026-03-15','12:01:41',24,1,0),
(532,301,26,26,0.00,4.00,0.00,1,' BILL WITHOUT STOCK','2026-03-15','12:02:03',24,1,0),
(533,302,3,3,0.00,1.00,623.00,0,'WHILE BILLING','2026-03-15','11:17:55',24,1,0),
(534,302,23,23,0.00,1.00,90.00,0,'WHILE BILLING','2026-03-15','11:17:55',24,1,0),
(535,303,1,1,0.00,1.00,745.00,0,'WHILE BILLING','2026-03-15','11:27:58',24,1,0),
(536,303,21,21,0.00,1.00,78.00,0,'WHILE BILLING','2026-03-15','11:27:58',24,1,0),
(537,304,1,1,0.00,1.00,744.00,0,'WHILE BILLING','2026-03-15','11:28:11',24,1,0),
(538,304,21,21,0.00,1.00,77.00,0,'WHILE BILLING','2026-03-15','11:28:11',24,1,0),
(539,305,1,1,0.00,1.00,743.00,0,'WHILE BILLING','2026-03-15','11:28:27',24,1,0),
(540,305,21,21,0.00,1.00,76.00,0,'WHILE BILLING','2026-03-15','11:28:27',24,1,0),
(541,0,1,1,1.00,0.00,744.00,0,'Cancel bill - returned to stock','2026-03-15','11:30:49',24,1,1),
(542,0,21,21,1.00,0.00,77.00,0,'Cancel bill - returned to stock','2026-03-15','11:30:49',24,1,1),
(543,0,1,1,1.00,0.00,745.00,0,'Cancel bill - returned to stock','2026-03-15','11:31:16',24,1,1),
(544,0,21,21,1.00,0.00,78.00,0,'Cancel bill - returned to stock','2026-03-15','11:31:17',24,1,1),
(545,306,1,1,0.00,1.00,744.00,0,'WHILE BILLING','2026-03-15','11:31:33',24,1,0),
(546,306,21,21,0.00,1.00,77.00,0,'WHILE BILLING','2026-03-15','11:31:33',24,1,0),
(547,307,1,1,0.00,1.00,743.00,0,'WHILE BILLING','2026-03-15','11:31:51',24,1,0),
(548,307,21,21,0.00,1.00,76.00,0,'WHILE BILLING','2026-03-15','11:31:51',24,1,0),
(549,308,2,2,0.00,1.00,236.00,0,'WHILE BILLING','2026-03-15','11:32:45',24,1,0),
(550,308,22,22,0.00,1.00,297.00,0,'WHILE BILLING','2026-03-15','11:32:45',24,1,0),
(551,309,23,23,0.00,1.00,89.00,0,'WHILE BILLING','2026-03-15','11:42:37',25,1,0),
(552,310,23,23,0.00,1.00,88.00,0,'WHILE BILLING','2026-03-15','11:55:40',25,1,0),
(553,311,17,17,0.00,1.00,25.00,0,'WHILE BILLING','2026-03-15','11:08:10',25,1,0),
(554,311,29,29,0.00,1.00,0.00,1,' BILL WITHOUT STOCK','2026-03-15','11:08:10',25,1,0),
(555,312,22,22,0.00,1.00,296.00,0,'WHILE BILLING','2026-03-16','11:03:08',25,1,0),
(556,313,22,22,0.00,2.00,294.00,0,'WHILE BILLING','2026-03-16','11:41:42',25,1,0),
(557,314,22,22,0.00,1.00,293.00,0,'WHILE BILLING','2026-03-16','11:08:28',25,1,0),
(558,315,8,8,0.00,1.00,47.00,0,'WHILE BILLING','2026-03-16','10:51:49',25,1,0),
(559,315,15,15,0.00,1.00,33.00,0,'WHILE BILLING','2026-03-16','10:51:49',25,1,0),
(560,316,26,26,0.00,5.00,0.00,1,' BILL WITHOUT STOCK','2026-03-16','11:31:54',25,1,0),
(561,317,3,3,0.00,1.00,622.00,0,'WHILE BILLING','2026-03-16','11:00:13',25,1,0),
(562,317,6,6,0.00,1.00,86.00,0,'WHILE BILLING','2026-03-16','11:00:13',25,1,0),
(563,318,21,21,0.00,1.00,75.00,0,'WHILE BILLING','2026-03-16','11:18:50',25,1,0),
(564,318,28,28,0.00,1.00,0.00,1,' BILL WITHOUT STOCK','2026-03-16','11:18:50',25,1,0),
(565,319,10,10,0.00,1.00,97.00,0,'WHILE BILLING','2026-03-16','11:22:40',25,1,0),
(566,319,3,3,0.00,1.00,621.00,0,'WHILE BILLING','2026-03-16','11:22:40',25,1,0),
(567,320,1,1,0.00,1.00,742.00,0,'WHILE BILLING','2026-03-16','11:11:14',25,1,0),
(568,320,6,6,0.00,1.00,85.00,0,'WHILE BILLING','2026-03-16','11:11:14',25,1,0),
(569,321,2,2,0.00,1.00,235.00,0,'WHILE BILLING','2026-03-16','11:21:26',25,1,0),
(570,321,1,1,0.00,1.00,741.00,0,'WHILE BILLING','2026-03-16','11:21:26',25,1,0),
(571,321,3,3,0.00,1.00,620.00,0,'WHILE BILLING','2026-03-16','11:21:26',25,1,0),
(572,321,22,22,0.00,1.00,292.00,0,'WHILE BILLING','2026-03-16','11:21:26',25,1,0),
(573,322,18,18,0.00,1.00,63.00,0,'WHILE BILLING','2026-03-16','11:31:39',25,1,0),
(574,323,31,31,0.00,4.00,0.00,1,' BILL WITHOUT STOCK','2026-03-16','11:38:01',25,1,0),
(575,324,31,31,0.00,2.00,0.00,1,' BILL WITHOUT STOCK','2026-03-16','11:38:48',25,1,0),
(576,325,4,4,0.00,1.00,72.00,0,'WHILE BILLING','2026-03-16','11:42:27',25,1,0),
(577,326,15,15,0.00,2.00,31.00,0,'WHILE BILLING','2026-03-16','11:28:01',25,1,0),
(578,326,30,30,0.00,1.00,0.00,1,' BILL WITHOUT STOCK','2026-03-16','11:28:01',25,1,0),
(579,0,25,25,30.00,0.00,54.00,0,'Adding Stock - mom fit','2026-03-16','11:39:42',24,1,1),
(580,327,30,30,0.00,1.00,0.00,1,' BILL WITHOUT STOCK','2026-03-16','10:59:55',25,1,0),
(581,328,26,26,0.00,5.00,0.00,1,' BILL WITHOUT STOCK','2026-03-16','11:15:20',25,1,0),
(582,329,26,26,0.00,5.00,0.00,1,' BILL WITHOUT STOCK','2026-03-16','11:27:53',25,1,0),
(583,330,22,22,0.00,1.00,291.00,0,'WHILE BILLING','2026-03-16','10:55:12',25,1,0),
(584,330,1,1,0.00,1.00,740.00,0,'WHILE BILLING','2026-03-16','10:55:12',25,1,0),
(585,331,20,20,0.00,1.00,5.00,0,'WHILE BILLING','2026-03-16','10:57:26',25,1,0),
(586,332,26,26,0.00,5.00,0.00,1,' BILL WITHOUT STOCK','2026-03-16','11:08:29',25,1,0),
(587,333,2,2,0.00,1.00,234.00,0,'WHILE BILLING','2026-03-16','11:09:24',25,1,0),
(588,334,33,33,0.00,1.00,0.00,1,' BILL WITHOUT STOCK','2026-03-16','11:16:33',25,1,0),
(589,335,1,1,0.00,1.00,739.00,0,'WHILE BILLING','2026-03-16','11:25:19',25,1,0),
(590,335,24,24,0.00,1.00,193.00,0,'WHILE BILLING','2026-03-16','11:25:19',25,1,0),
(591,336,1,1,0.00,1.00,738.00,0,'WHILE BILLING','2026-03-16','11:27:14',25,1,0),
(592,337,1,1,0.00,2.00,736.00,0,'WHILE BILLING','2026-03-16','11:31:21',25,1,0),
(593,337,24,24,0.00,1.00,192.00,0,'WHILE BILLING','2026-03-16','11:31:21',25,1,0),
(594,337,4,4,0.00,1.00,71.00,0,'WHILE BILLING','2026-03-16','11:31:21',25,1,0),
(595,338,3,3,0.00,1.00,619.00,0,'WHILE BILLING','2026-03-16','11:39:44',25,1,0),
(596,338,16,16,0.00,1.00,57.00,0,'WHILE BILLING','2026-03-16','11:39:44',25,1,0),
(597,338,24,24,0.00,1.00,191.00,0,'WHILE BILLING','2026-03-16','11:39:44',25,1,0),
(598,338,32,32,0.00,1.00,0.00,1,' BILL WITHOUT STOCK','2026-03-16','11:39:44',25,1,0),
(599,339,1,1,0.00,1.00,735.00,0,'WHILE BILLING','2026-03-16','10:49:46',25,1,0),
(600,340,21,21,0.00,1.00,74.00,0,'WHILE BILLING','2026-03-16','11:00:50',25,1,0),
(601,340,3,3,0.00,1.00,618.00,0,'WHILE BILLING','2026-03-16','11:00:50',25,1,0),
(602,341,3,3,0.00,1.00,617.00,0,'WHILE BILLING','2026-03-16','11:15:05',25,1,0),
(603,341,23,23,0.00,1.00,87.00,0,'WHILE BILLING','2026-03-16','11:15:05',25,1,0),
(604,341,31,31,0.00,2.00,0.00,1,' BILL WITHOUT STOCK','2026-03-16','11:15:05',25,1,0),
(605,342,2,2,0.00,1.00,233.00,0,'WHILE BILLING','2026-03-16','11:27:15',25,1,0),
(606,342,16,16,0.00,1.00,56.00,0,'WHILE BILLING','2026-03-16','11:27:15',25,1,0),
(607,342,1,1,0.00,1.00,734.00,0,'WHILE BILLING','2026-03-16','11:27:15',25,1,0),
(608,343,32,32,0.00,1.00,0.00,1,' BILL WITHOUT STOCK','2026-03-16','11:28:27',25,1,0),
(609,344,3,3,0.00,1.00,616.00,0,'WHILE BILLING','2026-03-16','11:32:46',25,1,0),
(610,344,31,31,0.00,4.00,0.00,1,' BILL WITHOUT STOCK','2026-03-16','11:32:46',25,1,0),
(611,345,3,3,0.00,1.00,615.00,0,'WHILE BILLING','2026-03-16','11:37:15',25,1,0),
(612,345,1,1,0.00,1.00,733.00,0,'WHILE BILLING','2026-03-16','11:37:15',25,1,0),
(613,345,29,29,0.00,2.00,0.00,1,' BILL WITHOUT STOCK','2026-03-16','11:37:15',25,1,0),
(614,345,26,26,0.00,6.00,0.00,1,' BILL WITHOUT STOCK','2026-03-16','11:37:16',25,1,0),
(615,345,31,31,0.00,2.00,0.00,1,' BILL WITHOUT STOCK','2026-03-16','11:37:16',25,1,0),
(616,346,2,2,0.00,1.00,232.00,0,'WHILE BILLING','2026-03-17','10:37:06',25,1,0),
(617,347,31,31,0.00,1.00,0.00,1,' BILL WITHOUT STOCK','2026-03-17','11:22:56',25,1,0),
(618,348,1,1,0.00,2.00,731.00,0,'WHILE BILLING','2026-03-17','11:10:15',25,1,0),
(619,348,31,31,0.00,1.00,0.00,1,' BILL WITHOUT STOCK','2026-03-17','11:10:16',25,1,0),
(620,349,26,26,0.00,1.00,0.00,1,' BILL WITHOUT STOCK','2026-03-17','10:55:55',25,1,0),
(621,349,29,29,0.00,2.00,0.00,1,' BILL WITHOUT STOCK','2026-03-17','10:55:56',25,1,0),
(622,349,27,27,0.00,1.00,0.00,1,' BILL WITHOUT STOCK','2026-03-17','10:55:56',25,1,0),
(623,349,28,28,0.00,1.00,0.00,1,' BILL WITHOUT STOCK','2026-03-17','10:55:56',25,1,0),
(624,350,32,32,0.00,1.00,0.00,1,' BILL WITHOUT STOCK','2026-03-17','11:19:05',25,1,0),
(625,351,29,29,0.00,3.00,0.00,1,' BILL WITHOUT STOCK','2026-03-17','02:23:02',24,1,0),
(626,352,21,21,0.00,1.00,73.00,0,'WHILE BILLING','2026-03-17','02:36:27',24,1,0),
(627,352,2,2,0.00,1.00,231.00,0,'WHILE BILLING','2026-03-17','02:36:27',24,1,0),
(628,352,3,3,0.00,1.00,614.00,0,'WHILE BILLING','2026-03-17','02:36:27',24,1,0),
(629,353,5,5,0.00,1.00,158.00,0,'WHILE BILLING','2026-03-17','02:44:29',24,1,0),
(630,353,23,23,0.00,1.00,86.00,0,'WHILE BILLING','2026-03-17','02:44:29',24,1,0),
(631,353,3,3,0.00,2.00,612.00,0,'WHILE BILLING','2026-03-17','02:44:29',24,1,0),
(632,353,1,1,0.00,1.00,730.00,0,'WHILE BILLING','2026-03-17','02:44:29',24,1,0),
(633,354,26,26,0.00,5.00,0.00,1,' BILL WITHOUT STOCK','2026-03-17','02:46:55',24,1,0),
(634,355,31,31,0.00,2.00,0.00,1,' BILL WITHOUT STOCK','2026-03-17','02:50:30',24,1,0),
(635,356,2,2,0.00,1.00,230.00,0,'WHILE BILLING','2026-03-17','02:57:56',24,1,0),
(636,357,31,31,0.00,1.00,0.00,1,' BILL WITHOUT STOCK','2026-03-17','02:21:23',24,1,0),
(637,358,13,13,0.00,1.00,32.00,0,'WHILE BILLING','2026-03-17','02:23:02',25,1,0),
(638,358,2,2,0.00,1.00,229.00,0,'WHILE BILLING','2026-03-17','02:23:02',25,1,0),
(639,358,12,12,0.00,2.00,79.00,0,'WHILE BILLING','2026-03-17','02:23:02',25,1,0),
(640,359,2,2,0.00,1.00,228.00,0,'WHILE BILLING','2026-03-17','02:24:53',25,1,0),
(641,360,3,3,0.00,1.00,611.00,0,'WHILE BILLING','2026-03-17','02:29:08',25,1,0),
(642,360,24,24,0.00,1.00,190.00,0,'WHILE BILLING','2026-03-17','02:29:08',25,1,0),
(643,360,26,26,0.00,2.00,0.00,1,' BILL WITHOUT STOCK','2026-03-17','02:29:08',25,1,0),
(644,360,29,29,0.00,5.00,0.00,1,' BILL WITHOUT STOCK','2026-03-17','02:29:08',25,1,0),
(645,361,26,26,0.00,2.00,0.00,1,' BILL WITHOUT STOCK','2026-03-17','02:53:37',25,1,0),
(646,361,1,1,0.00,1.00,729.00,0,'WHILE BILLING','2026-03-17','02:53:37',25,1,0),
(647,362,9,9,0.00,4.00,73.00,0,'WHILE BILLING','2026-03-17','02:21:34',25,1,0),
(648,362,30,30,0.00,1.00,0.00,1,' BILL WITHOUT STOCK','2026-03-17','02:21:34',25,1,0),
(649,362,22,22,0.00,1.00,290.00,0,'WHILE BILLING','2026-03-17','02:21:34',25,1,0),
(650,362,2,2,0.00,2.00,226.00,0,'WHILE BILLING','2026-03-17','02:21:34',25,1,0),
(651,362,11,11,0.00,1.00,73.00,0,'WHILE BILLING','2026-03-17','02:21:34',25,1,0),
(652,362,31,31,0.00,4.00,0.00,1,' BILL WITHOUT STOCK','2026-03-17','02:21:34',25,1,0),
(653,0,34,34,0.00,0.00,0.00,0,'WHILE ADD PRODUCT','2026-03-17','02:28:53',24,1,0),
(654,363,31,31,0.00,2.00,0.00,1,' BILL WITHOUT STOCK','2026-03-17','02:52:31',24,1,0),
(655,364,30,30,0.00,1.00,0.00,1,' BILL WITHOUT STOCK','2026-03-17','02:59:28',24,1,0),
(656,365,34,34,0.00,3.00,0.00,1,' BILL WITHOUT STOCK','2026-03-17','02:16:34',24,1,0),
(657,365,3,3,0.00,2.00,609.00,0,'WHILE BILLING','2026-03-17','02:16:34',24,1,0),
(658,365,1,1,0.00,1.00,728.00,0,'WHILE BILLING','2026-03-17','02:16:34',24,1,0),
(659,365,24,24,0.00,1.00,189.00,0,'WHILE BILLING','2026-03-17','02:16:34',24,1,0),
(660,366,22,22,0.00,1.00,289.00,0,'WHILE BILLING','2026-03-17','02:27:46',24,1,0),
(661,366,34,34,0.00,1.00,0.00,1,' BILL WITHOUT STOCK','2026-03-17','02:27:46',24,1,0),
(662,367,33,33,0.00,1.00,0.00,1,' BILL WITHOUT STOCK','2026-03-17','02:31:20',24,1,0),
(663,368,3,3,0.00,2.00,607.00,0,'WHILE BILLING','2026-03-17','02:34:42',24,1,0),
(664,369,29,29,0.00,1.00,0.00,1,' BILL WITHOUT STOCK','2026-03-17','02:35:19',24,1,0),
(665,370,2,2,0.00,1.00,225.00,0,'WHILE BILLING','2026-03-17','02:00:12',24,1,0),
(666,371,5,5,0.00,1.00,157.00,0,'WHILE BILLING','2026-03-17','02:07:16',24,1,0),
(667,372,2,2,0.00,1.00,224.00,0,'WHILE BILLING','2026-03-17','02:16:47',24,1,0),
(668,373,30,30,0.00,1.00,0.00,1,' BILL WITHOUT STOCK','2026-03-17','02:17:29',24,1,0),
(669,373,26,26,0.00,5.00,0.00,1,' BILL WITHOUT STOCK','2026-03-17','02:17:29',24,1,0),
(670,374,3,3,0.00,1.00,606.00,0,'WHILE BILLING','2026-03-17','02:18:54',24,1,0),
(671,374,5,5,0.00,1.00,156.00,0,'WHILE BILLING','2026-03-17','02:18:54',24,1,0),
(672,375,29,29,0.00,5.00,0.00,1,' BILL WITHOUT STOCK','2026-03-17','02:29:39',24,1,0),
(673,376,34,34,0.00,1.00,0.00,1,' BILL WITHOUT STOCK','2026-03-17','02:34:09',24,1,0),
(674,376,34,34,0.00,2.00,0.00,1,' BILL WITHOUT STOCK','2026-03-17','02:34:09',24,1,0),
(675,376,34,34,0.00,1.00,0.00,1,' BILL WITHOUT STOCK','2026-03-17','02:34:09',24,1,0),
(676,376,1,1,0.00,3.00,725.00,0,'WHILE BILLING','2026-03-17','02:34:09',24,1,0),
(677,376,22,22,0.00,1.00,288.00,0,'WHILE BILLING','2026-03-17','02:34:09',24,1,0),
(678,377,26,26,0.00,2.00,0.00,1,' BILL WITHOUT STOCK','2026-03-17','02:51:49',24,1,0),
(679,378,17,17,0.00,1.00,24.00,0,'WHILE BILLING','2026-03-18','11:28:36',24,1,0),
(680,378,16,16,0.00,1.00,55.00,0,'WHILE BILLING','2026-03-18','11:28:36',24,1,0),
(681,379,7,7,0.00,1.00,102.00,0,'WHILE BILLING','2026-03-18','11:20:01',24,1,0),
(682,380,26,26,0.00,2.00,0.00,1,' BILL WITHOUT STOCK','2026-03-18','11:20:57',24,1,0),
(683,380,4,4,0.00,1.00,70.00,0,'WHILE BILLING','2026-03-18','11:20:57',24,1,0),
(684,380,2,2,0.00,1.00,223.00,0,'WHILE BILLING','2026-03-18','11:20:57',24,1,0),
(685,381,17,17,0.00,1.00,23.00,0,'WHILE BILLING','2026-03-18','11:50:45',24,1,0),
(686,381,3,3,0.00,1.00,605.00,0,'WHILE BILLING','2026-03-18','11:50:45',24,1,0),
(687,381,30,30,0.00,1.00,0.00,1,' BILL WITHOUT STOCK','2026-03-18','11:50:45',24,1,0),
(688,381,23,23,0.00,1.00,85.00,0,'WHILE BILLING','2026-03-18','11:50:46',24,1,0),
(689,381,1,1,0.00,1.00,724.00,0,'WHILE BILLING','2026-03-18','11:50:46',24,1,0),
(690,382,16,16,0.00,1.00,54.00,0,'WHILE BILLING','2026-03-18','11:41:50',24,1,0),
(691,382,19,19,0.00,1.00,38.00,0,'WHILE BILLING','2026-03-18','11:41:50',24,1,0),
(692,382,9,9,0.00,1.00,72.00,0,'WHILE BILLING','2026-03-18','11:41:50',24,1,0),
(693,383,22,22,0.00,1.00,287.00,0,'WHILE BILLING','2026-03-18','11:44:10',24,1,0),
(694,384,1,1,0.00,1.00,723.00,0,'WHILE BILLING','2026-03-18','11:21:58',24,1,0),
(695,384,3,3,0.00,1.00,604.00,0,'WHILE BILLING','2026-03-18','11:21:58',24,1,0),
(696,384,14,14,0.00,1.00,19.00,0,'WHILE BILLING','2026-03-18','11:21:58',24,1,0),
(697,385,13,13,0.00,1.00,31.00,0,'WHILE BILLING','2026-03-18','11:25:00',24,1,0),
(698,385,10,10,0.00,1.00,96.00,0,'WHILE BILLING','2026-03-18','11:25:00',24,1,0),
(699,386,30,30,0.00,2.00,0.00,1,' BILL WITHOUT STOCK','2026-03-18','11:20:52',24,1,0),
(700,387,9,9,0.00,1.00,71.00,0,'WHILE BILLING','2026-03-18','11:33:30',24,1,0),
(701,388,26,26,0.00,5.00,0.00,1,' BILL WITHOUT STOCK','2026-03-18','11:39:00',24,1,0),
(702,389,2,2,0.00,1.00,222.00,0,'WHILE BILLING','2026-03-18','11:50:50',24,1,0),
(703,390,13,13,0.00,1.00,30.00,0,'WHILE BILLING','2026-03-18','11:54:22',24,1,0),
(704,390,26,26,0.00,4.00,0.00,1,' BILL WITHOUT STOCK','2026-03-18','11:54:22',24,1,0),
(705,391,7,7,0.00,1.00,101.00,0,'WHILE BILLING','2026-03-18','12:19:31',24,1,0),
(706,392,16,16,0.00,1.00,53.00,0,'WHILE BILLING','2026-03-18','11:44:13',24,1,0),
(707,392,8,8,0.00,1.00,46.00,0,'WHILE BILLING','2026-03-18','11:44:13',24,1,0),
(708,393,2,2,0.00,1.00,221.00,0,'WHILE BILLING','2026-03-18','12:07:32',24,1,0),
(709,393,3,3,0.00,1.00,603.00,0,'WHILE BILLING','2026-03-18','12:07:32',24,1,0),
(710,393,7,7,0.00,1.00,100.00,0,'WHILE BILLING','2026-03-18','12:07:32',24,1,0),
(711,394,18,18,0.00,1.00,62.00,0,'WHILE BILLING','2026-03-18','12:11:41',24,1,0),
(712,394,25,25,0.00,1.00,53.00,0,'WHILE BILLING','2026-03-18','12:11:41',24,1,0),
(713,394,31,31,0.00,2.00,0.00,1,' BILL WITHOUT STOCK','2026-03-18','12:11:41',24,1,0),
(714,395,26,26,0.00,5.00,0.00,1,' BILL WITHOUT STOCK','2026-03-18','11:24:42',24,1,0),
(715,395,29,29,0.00,5.00,0.00,1,' BILL WITHOUT STOCK','2026-03-18','11:24:42',24,1,0),
(716,395,31,31,0.00,2.00,0.00,1,' BILL WITHOUT STOCK','2026-03-18','11:24:43',24,1,0),
(717,396,26,26,0.00,2.00,0.00,1,' BILL WITHOUT STOCK','2026-03-18','11:26:30',24,1,0),
(718,397,5,5,0.00,1.00,155.00,0,'WHILE BILLING','2026-03-18','11:32:03',24,1,0),
(719,398,23,23,0.00,1.00,84.00,0,'WHILE BILLING','2026-03-18','11:40:40',24,1,0),
(720,398,1,1,0.00,2.00,721.00,0,'WHILE BILLING','2026-03-18','11:40:40',24,1,0),
(721,398,28,28,0.00,1.00,0.00,1,' BILL WITHOUT STOCK','2026-03-18','11:40:40',24,1,0),
(722,399,26,26,0.00,5.00,0.00,1,' BILL WITHOUT STOCK','2026-03-18','11:45:19',24,1,0),
(723,400,2,2,0.00,2.00,219.00,0,'WHILE BILLING','2026-03-18','12:01:37',24,1,0),
(724,400,24,24,0.00,1.00,188.00,0,'WHILE BILLING','2026-03-18','12:01:37',24,1,0),
(725,401,1,1,0.00,3.00,718.00,0,'WHILE BILLING','2026-03-18','11:27:32',24,1,0),
(726,401,26,26,0.00,2.00,0.00,1,' BILL WITHOUT STOCK','2026-03-18','11:27:32',24,1,0),
(727,402,2,2,0.00,1.00,218.00,0,'WHILE BILLING','2026-03-18','11:30:39',24,1,0),
(728,402,24,24,0.00,1.00,187.00,0,'WHILE BILLING','2026-03-18','11:30:39',24,1,0),
(729,403,2,2,0.00,1.00,217.00,0,'WHILE BILLING','2026-03-18','11:45:25',24,1,0),
(730,403,6,6,0.00,1.00,84.00,0,'WHILE BILLING','2026-03-18','11:45:25',24,1,0),
(731,404,26,26,0.00,1.00,0.00,1,' BILL WITHOUT STOCK','2026-03-19','12:19:52',24,1,0),
(732,404,1,1,0.00,1.00,717.00,0,'WHILE BILLING','2026-03-19','12:19:52',24,1,0),
(733,405,26,26,0.00,2.00,0.00,1,' BILL WITHOUT STOCK','2026-03-19','12:22:17',24,1,0),
(734,405,2,2,0.00,1.00,216.00,0,'WHILE BILLING','2026-03-19','12:22:17',24,1,0),
(735,405,3,3,0.00,1.00,602.00,0,'WHILE BILLING','2026-03-19','12:22:17',24,1,0),
(736,405,25,25,0.00,1.00,52.00,0,'WHILE BILLING','2026-03-19','12:22:18',24,1,0),
(737,406,7,7,0.00,1.00,99.00,0,'WHILE BILLING','2026-03-19','12:06:23',24,1,0),
(738,407,10,10,0.00,1.00,95.00,0,'WHILE BILLING','2026-03-19','12:12:58',24,1,0),
(739,408,8,8,0.00,1.00,45.00,0,'WHILE BILLING','2026-03-19','12:44:56',24,1,0),
(740,409,3,3,0.00,1.00,601.00,0,'WHILE BILLING','2026-03-19','12:46:40',24,1,0),
(741,410,8,8,0.00,1.00,44.00,0,'WHILE BILLING','2026-03-19','12:50:36',24,1,0),
(742,411,3,3,0.00,2.00,599.00,0,'WHILE BILLING','2026-03-19','12:54:04',24,1,0),
(743,411,23,23,0.00,1.00,83.00,0,'WHILE BILLING','2026-03-19','12:54:04',24,1,0),
(744,412,22,22,0.00,1.00,286.00,0,'WHILE BILLING','2026-03-19','12:00:51',24,1,0),
(745,413,6,6,0.00,1.00,83.00,0,'WHILE BILLING','2026-03-19','12:01:46',24,1,0),
(746,413,31,31,0.00,1.00,0.00,1,' BILL WITHOUT STOCK','2026-03-19','12:01:46',24,1,0),
(747,414,26,26,0.00,3.00,0.00,1,' BILL WITHOUT STOCK','2026-03-19','12:07:29',24,1,0),
(748,415,19,19,0.00,1.00,37.00,0,'WHILE BILLING','2026-03-19','12:08:56',24,1,0),
(749,415,22,22,0.00,1.00,285.00,0,'WHILE BILLING','2026-03-19','12:08:56',24,1,0),
(750,416,26,26,0.00,2.00,0.00,1,' BILL WITHOUT STOCK','2026-03-19','12:15:44',24,1,0),
(751,417,26,26,0.00,5.00,0.00,1,' BILL WITHOUT STOCK','2026-03-19','12:06:22',24,1,0),
(752,418,2,2,0.00,1.00,215.00,0,'WHILE BILLING','2026-03-19','12:01:10',24,1,0),
(753,418,32,32,0.00,2.00,0.00,1,' BILL WITHOUT STOCK','2026-03-19','12:01:10',24,1,0),
(754,418,32,32,0.00,2.00,0.00,1,' BILL WITHOUT STOCK','2026-03-19','12:01:10',24,1,0),
(755,419,3,3,0.00,1.00,598.00,0,'WHILE BILLING','2026-03-19','12:03:04',24,1,0),
(756,419,1,1,0.00,1.00,716.00,0,'WHILE BILLING','2026-03-19','12:03:04',24,1,0),
(757,419,24,24,0.00,1.00,186.00,0,'WHILE BILLING','2026-03-19','12:03:04',24,1,0),
(758,419,31,31,0.00,1.00,0.00,1,' BILL WITHOUT STOCK','2026-03-19','12:03:04',24,1,0),
(759,420,2,2,0.00,2.00,213.00,0,'WHILE BILLING','2026-03-19','12:06:32',24,1,0),
(760,421,5,5,0.00,1.00,154.00,0,'WHILE BILLING','2026-03-19','12:18:05',24,1,0),
(761,422,2,2,0.00,1.00,212.00,0,'WHILE BILLING','2026-03-19','12:33:02',24,1,0),
(762,422,8,8,0.00,1.00,43.00,0,'WHILE BILLING','2026-03-19','12:33:03',24,1,0),
(763,422,29,29,0.00,1.00,0.00,1,' BILL WITHOUT STOCK','2026-03-19','12:33:03',24,1,0),
(764,423,30,30,0.00,2.00,0.00,1,' BILL WITHOUT STOCK','2026-03-19','12:49:42',24,1,0),
(765,424,30,30,0.00,3.00,0.00,1,' BILL WITHOUT STOCK','2026-03-19','12:56:03',24,1,0),
(766,425,30,30,0.00,2.00,0.00,1,' BILL WITHOUT STOCK','2026-03-19','12:04:04',24,1,0),
(767,426,16,16,0.00,1.00,52.00,0,'WHILE BILLING','2026-03-19','12:14:59',24,1,0),
(768,426,3,3,0.00,1.00,597.00,0,'WHILE BILLING','2026-03-19','12:14:59',24,1,0),
(769,426,29,29,0.00,5.00,0.00,1,' BILL WITHOUT STOCK','2026-03-19','12:14:59',24,1,0),
(770,427,3,3,0.00,2.00,595.00,0,'WHILE BILLING','2026-03-19','12:23:31',24,1,0),
(771,427,21,21,0.00,1.00,72.00,0,'WHILE BILLING','2026-03-19','12:23:31',24,1,0),
(772,428,15,15,0.00,1.00,30.00,0,'WHILE BILLING','2026-03-19','12:39:17',24,1,0),
(773,429,1,1,0.00,1.00,715.00,0,'WHILE BILLING','2026-03-19','12:01:19',24,1,0),
(774,430,2,2,0.00,3.00,209.00,0,'WHILE BILLING','2026-03-19','12:15:10',24,1,0),
(775,430,5,5,0.00,3.00,151.00,0,'WHILE BILLING','2026-03-19','12:15:11',24,1,0),
(776,431,29,29,0.00,1.00,0.00,1,' BILL WITHOUT STOCK','2026-03-19','12:00:23',25,1,0),
(777,432,1,1,0.00,1.00,714.00,0,'WHILE BILLING','2026-03-19','12:15:00',25,1,0),
(778,432,4,4,0.00,1.00,69.00,0,'WHILE BILLING','2026-03-19','12:15:00',25,1,0),
(779,432,31,31,0.00,1.00,0.00,1,' BILL WITHOUT STOCK','2026-03-19','12:15:00',25,1,0),
(780,432,31,31,0.00,1.00,0.00,1,' BILL WITHOUT STOCK','2026-03-19','12:15:00',25,1,0),
(781,433,26,26,0.00,5.00,0.00,1,' BILL WITHOUT STOCK','2026-03-19','12:15:36',25,1,0),
(782,434,25,25,0.00,1.00,51.00,0,'WHILE BILLING','2026-03-19','12:22:59',25,1,0),
(783,435,29,29,0.00,2.00,0.00,1,' BILL WITHOUT STOCK','2026-03-19','12:35:27',25,1,0),
(784,436,19,19,0.00,1.00,36.00,0,'WHILE BILLING','2026-03-19','12:41:50',25,1,0),
(785,436,8,8,0.00,1.00,42.00,0,'WHILE BILLING','2026-03-19','12:41:50',25,1,0),
(786,437,31,31,0.00,1.00,0.00,1,' BILL WITHOUT STOCK','2026-03-19','12:42:19',25,1,0),
(787,438,31,31,0.00,3.00,0.00,1,' BILL WITHOUT STOCK','2026-03-19','12:50:04',24,1,0),
(788,439,3,3,0.00,1.00,594.00,0,'WHILE BILLING','2026-03-19','12:54:18',24,1,0),
(789,439,7,7,0.00,1.00,98.00,0,'WHILE BILLING','2026-03-19','12:54:18',24,1,0),
(790,440,26,26,0.00,5.00,0.00,1,' BILL WITHOUT STOCK','2026-03-19','12:54:48',24,1,0),
(791,441,15,15,0.00,1.00,29.00,0,'WHILE BILLING','2026-03-19','12:59:20',24,1,0),
(792,442,25,25,0.00,1.00,50.00,0,'WHILE BILLING','2026-03-19','12:13:55',24,1,0),
(793,442,26,26,0.00,3.00,0.00,1,' BILL WITHOUT STOCK','2026-03-19','12:13:55',24,1,0),
(794,443,30,30,0.00,1.00,0.00,1,' BILL WITHOUT STOCK','2026-03-19','12:21:43',24,1,0),
(795,444,30,30,0.00,2.00,0.00,1,' BILL WITHOUT STOCK','2026-03-19','12:22:40',24,1,0),
(796,445,2,2,0.00,1.00,208.00,0,'WHILE BILLING','2026-03-19','12:52:46',24,1,0),
(797,446,3,3,0.00,1.00,593.00,0,'WHILE BILLING','2026-03-19','12:15:51',24,1,0),
(798,446,1,1,0.00,1.00,713.00,0,'WHILE BILLING','2026-03-19','12:15:51',24,1,0),
(799,446,7,7,0.00,2.00,96.00,0,'WHILE BILLING','2026-03-19','12:15:51',24,1,0),
(800,446,13,13,0.00,1.00,29.00,0,'WHILE BILLING','2026-03-19','12:15:51',24,1,0),
(801,446,18,18,0.00,1.00,61.00,0,'WHILE BILLING','2026-03-19','12:15:51',24,1,0),
(802,447,26,26,0.00,7.00,0.00,1,' BILL WITHOUT STOCK','2026-03-19','12:37:49',24,1,0),
(803,448,31,31,0.00,1.00,0.00,1,' BILL WITHOUT STOCK','2026-03-19','12:42:18',24,1,0),
(804,449,10,10,0.00,2.00,93.00,0,'WHILE BILLING','2026-03-20','10:10:22',24,1,0),
(805,449,8,8,0.00,2.00,40.00,0,'WHILE BILLING','2026-03-20','10:10:22',24,1,0),
(806,450,29,29,0.00,5.00,0.00,1,' BILL WITHOUT STOCK','2026-03-20','10:26:41',24,1,0),
(807,451,1,1,0.00,1.00,712.00,0,'WHILE BILLING','2026-03-20','10:52:50',25,1,0),
(808,451,32,32,0.00,1.00,0.00,1,' BILL WITHOUT STOCK','2026-03-20','10:52:51',25,1,0),
(809,452,28,28,0.00,1.00,0.00,1,' BILL WITHOUT STOCK','2026-03-20','10:53:34',25,1,0),
(810,452,32,32,0.00,2.00,0.00,1,' BILL WITHOUT STOCK','2026-03-20','10:53:34',25,1,0),
(811,453,30,30,0.00,1.00,0.00,1,' BILL WITHOUT STOCK','2026-03-20','10:54:45',25,1,0),
(812,454,30,30,0.00,1.00,0.00,1,' BILL WITHOUT STOCK','2026-03-20','10:59:18',25,1,0),
(813,454,30,30,0.00,1.00,0.00,1,' BILL WITHOUT STOCK','2026-03-20','10:59:19',25,1,0),
(814,454,30,30,0.00,1.00,0.00,1,' BILL WITHOUT STOCK','2026-03-20','10:59:19',25,1,0),
(815,454,31,31,0.00,2.00,0.00,1,' BILL WITHOUT STOCK','2026-03-20','10:59:19',25,1,0),
(816,455,29,29,0.00,1.00,0.00,1,' BILL WITHOUT STOCK','2026-03-20','10:34:26',24,1,0),
(817,455,29,29,0.00,1.00,0.00,1,' BILL WITHOUT STOCK','2026-03-20','10:34:26',24,1,0),
(818,455,28,28,0.00,1.00,0.00,1,' BILL WITHOUT STOCK','2026-03-20','10:34:26',24,1,0),
(819,456,2,2,0.00,2.00,206.00,0,'WHILE BILLING','2026-03-20','10:17:14',24,1,0),
(820,456,18,18,0.00,2.00,59.00,0,'WHILE BILLING','2026-03-20','10:17:14',24,1,0),
(821,456,21,21,0.00,1.00,71.00,0,'WHILE BILLING','2026-03-20','10:17:14',24,1,0),
(822,456,6,6,0.00,1.00,82.00,0,'WHILE BILLING','2026-03-20','10:17:14',24,1,0),
(823,456,21,21,0.00,1.00,70.00,0,'WHILE BILLING','2026-03-20','10:17:14',24,1,0),
(824,457,3,3,0.00,1.00,592.00,0,'WHILE BILLING','2026-03-20','10:18:45',24,1,0),
(825,457,1,1,0.00,1.00,711.00,0,'WHILE BILLING','2026-03-20','10:18:45',24,1,0),
(826,458,26,26,0.00,2.00,0.00,1,' BILL WITHOUT STOCK','2026-03-20','10:24:55',24,1,0),
(827,459,24,24,0.00,1.00,185.00,0,'WHILE BILLING','2026-03-20','10:25:53',24,1,0),
(828,460,28,28,0.00,1.00,0.00,1,' BILL WITHOUT STOCK','2026-03-20','10:28:14',24,1,0),
(829,461,30,30,0.00,1.00,0.00,1,' BILL WITHOUT STOCK','2026-03-20','10:47:22',24,1,0),
(830,461,1,1,0.00,1.00,710.00,0,'WHILE BILLING','2026-03-20','10:47:22',24,1,0),
(831,461,19,19,0.00,1.00,35.00,0,'WHILE BILLING','2026-03-20','10:47:23',24,1,0),
(832,462,2,2,0.00,3.00,203.00,0,'WHILE BILLING','2026-03-20','10:51:29',24,1,0),
(833,463,1,1,0.00,1.00,709.00,0,'WHILE BILLING','2026-03-20','10:54:08',24,1,0),
(834,464,5,5,0.00,1.00,150.00,0,'WHILE BILLING','2026-03-20','10:56:38',24,1,0),
(835,464,2,2,0.00,1.00,202.00,0,'WHILE BILLING','2026-03-20','10:56:38',24,1,0),
(836,465,3,3,0.00,1.00,591.00,0,'WHILE BILLING','2026-03-20','11:03:15',24,1,0),
(837,465,22,22,0.00,1.00,284.00,0,'WHILE BILLING','2026-03-20','11:03:15',24,1,0),
(838,466,1,1,0.00,1.00,708.00,0,'WHILE BILLING','2026-03-20','10:26:39',24,1,0),
(839,466,21,21,0.00,1.00,69.00,0,'WHILE BILLING','2026-03-20','10:26:39',24,1,0),
(840,467,24,24,0.00,1.00,184.00,0,'WHILE BILLING','2026-03-20','10:28:00',24,1,0),
(841,468,26,26,0.00,5.00,0.00,1,' BILL WITHOUT STOCK','2026-03-20','10:16:09',24,1,0),
(842,469,26,26,0.00,5.00,0.00,1,' BILL WITHOUT STOCK','2026-03-20','10:18:53',24,1,0),
(843,469,22,22,0.00,2.00,282.00,0,'WHILE BILLING','2026-03-20','10:18:53',24,1,0),
(844,470,25,25,0.00,2.00,48.00,0,'WHILE BILLING','2026-03-20','10:11:21',24,1,0),
(845,470,32,32,0.00,1.00,0.00,1,' BILL WITHOUT STOCK','2026-03-20','10:11:21',24,1,0),
(846,471,25,25,0.00,1.00,47.00,0,'WHILE BILLING','2026-03-20','10:17:43',24,1,0),
(847,471,29,29,0.00,1.00,0.00,1,' BILL WITHOUT STOCK','2026-03-20','10:17:43',24,1,0),
(848,471,28,28,0.00,1.00,0.00,1,' BILL WITHOUT STOCK','2026-03-20','10:17:43',24,1,0),
(849,472,29,29,0.00,5.00,0.00,1,' BILL WITHOUT STOCK','2026-03-20','10:37:38',24,1,0),
(850,472,30,30,0.00,1.00,0.00,1,' BILL WITHOUT STOCK','2026-03-20','10:37:38',24,1,0),
(851,472,34,34,0.00,1.00,0.00,1,' BILL WITHOUT STOCK','2026-03-20','10:37:39',24,1,0),
(852,473,2,2,0.00,1.00,201.00,0,'WHILE BILLING','2026-03-20','10:09:12',24,1,0),
(853,473,16,16,0.00,1.00,51.00,0,'WHILE BILLING','2026-03-20','10:09:12',24,1,0),
(854,473,22,22,0.00,1.00,281.00,0,'WHILE BILLING','2026-03-20','10:09:12',24,1,0),
(855,474,28,28,0.00,1.00,0.00,1,' BILL WITHOUT STOCK','2026-03-20','10:11:19',24,1,0),
(856,475,1,1,0.00,2.00,706.00,0,'WHILE BILLING','2026-03-20','10:41:44',24,1,0),
(857,476,3,3,0.00,1.00,590.00,0,'WHILE BILLING','2026-03-20','10:43:40',24,1,0),
(858,477,1,1,0.00,1.00,705.00,0,'WHILE BILLING','2026-03-20','10:46:28',24,1,0),
(859,477,9,9,0.00,1.00,70.00,0,'WHILE BILLING','2026-03-20','10:46:28',24,1,0),
(860,478,23,23,0.00,1.00,82.00,0,'WHILE BILLING','2026-03-20','10:59:13',24,1,0),
(861,479,26,26,0.00,2.00,0.00,1,' BILL WITHOUT STOCK','2026-03-20','10:25:46',24,1,0),
(862,479,5,5,0.00,1.00,149.00,0,'WHILE BILLING','2026-03-20','10:25:46',24,1,0),
(863,480,1,1,0.00,3.00,702.00,0,'WHILE BILLING','2026-03-20','10:28:42',24,1,0),
(864,480,2,2,0.00,1.00,200.00,0,'WHILE BILLING','2026-03-20','10:28:42',24,1,0),
(865,480,5,5,0.00,1.00,148.00,0,'WHILE BILLING','2026-03-20','10:28:42',24,1,0),
(866,480,31,31,0.00,3.00,0.00,1,' BILL WITHOUT STOCK','2026-03-20','10:28:43',24,1,0),
(867,480,31,31,0.00,1.00,0.00,1,' BILL WITHOUT STOCK','2026-03-20','10:28:43',24,1,0),
(868,481,29,29,0.00,6.00,0.00,1,' BILL WITHOUT STOCK','2026-03-21','10:11:33',24,1,0),
(869,481,30,30,0.00,2.00,0.00,1,' BILL WITHOUT STOCK','2026-03-21','10:11:33',24,1,0),
(870,482,16,16,0.00,1.00,50.00,0,'WHILE BILLING','2026-03-21','10:13:54',24,1,0),
(871,482,23,23,0.00,1.00,81.00,0,'WHILE BILLING','2026-03-21','10:13:54',24,1,0),
(872,482,3,3,0.00,1.00,589.00,0,'WHILE BILLING','2026-03-21','10:13:54',24,1,0),
(873,482,28,28,0.00,1.00,0.00,1,' BILL WITHOUT STOCK','2026-03-21','10:13:54',24,1,0),
(874,483,30,30,0.00,1.00,0.00,1,' BILL WITHOUT STOCK','2026-03-21','10:14:31',24,1,0),
(875,484,26,26,0.00,5.00,0.00,1,' BILL WITHOUT STOCK','2026-03-21','10:15:53',24,1,0),
(876,484,29,29,0.00,5.00,0.00,1,' BILL WITHOUT STOCK','2026-03-21','10:15:53',24,1,0),
(877,0,35,35,0.00,0.00,0.00,0,'WHILE ADD PRODUCT','2026-03-21','10:17:23',24,1,0),
(878,485,35,35,0.00,2.00,0.00,1,' BILL WITHOUT STOCK','2026-03-21','10:27:56',24,1,0),
(879,485,7,7,0.00,1.00,95.00,0,'WHILE BILLING','2026-03-21','10:27:56',24,1,0),
(880,486,21,21,0.00,1.00,68.00,0,'WHILE BILLING','2026-03-21','10:27:13',24,1,0),
(881,487,30,30,0.00,2.00,0.00,1,' BILL WITHOUT STOCK','2026-03-21','10:32:11',24,1,0),
(882,488,1,1,0.00,1.00,701.00,0,'WHILE BILLING','2026-03-21','10:33:36',24,1,0),
(883,489,29,29,0.00,4.00,0.00,1,' BILL WITHOUT STOCK','2026-03-21','10:35:44',24,1,0),
(884,489,9,9,0.00,1.00,69.00,0,'WHILE BILLING','2026-03-21','10:35:44',24,1,0),
(885,489,29,29,0.00,1.00,0.00,1,' BILL WITHOUT STOCK','2026-03-21','10:35:44',24,1,0),
(886,489,10,10,0.00,3.00,90.00,0,'WHILE BILLING','2026-03-21','10:35:44',24,1,0),
(887,489,8,8,0.00,1.00,39.00,0,'WHILE BILLING','2026-03-21','10:35:44',24,1,0),
(888,490,26,26,0.00,1.00,0.00,1,' BILL WITHOUT STOCK','2026-03-21','10:12:51',24,1,0),
(889,491,10,10,0.00,1.00,89.00,0,'WHILE BILLING','2026-03-21','10:23:44',24,1,0),
(890,491,15,15,0.00,1.00,28.00,0,'WHILE BILLING','2026-03-21','10:23:44',24,1,0),
(891,492,2,2,0.00,5.00,195.00,0,'WHILE BILLING','2026-03-21','10:50:59',24,1,0),
(892,492,7,7,0.00,1.00,94.00,0,'WHILE BILLING','2026-03-21','10:50:59',24,1,0),
(893,492,23,23,0.00,2.00,79.00,0,'WHILE BILLING','2026-03-21','10:50:59',24,1,0),
(894,492,5,5,0.00,1.00,147.00,0,'WHILE BILLING','2026-03-21','10:50:59',24,1,0),
(895,492,35,35,0.00,1.00,0.00,1,' BILL WITHOUT STOCK','2026-03-21','10:50:59',24,1,0),
(896,492,29,29,0.00,1.00,0.00,1,' BILL WITHOUT STOCK','2026-03-21','10:50:59',24,1,0),
(897,493,3,3,0.00,1.00,588.00,0,'WHILE BILLING','2026-03-21','10:51:13',24,1,0),
(898,494,32,32,0.00,1.00,0.00,1,' BILL WITHOUT STOCK','2026-03-21','10:53:10',24,1,0),
(899,495,22,22,0.00,1.00,280.00,0,'WHILE BILLING','2026-03-21','11:07:00',24,1,0),
(900,495,35,35,0.00,1.00,0.00,1,' BILL WITHOUT STOCK','2026-03-21','11:07:00',24,1,0),
(901,0,36,36,0.00,0.00,0.00,0,'WHILE ADD PRODUCT','2026-03-21','10:35:32',24,1,0),
(902,0,37,37,0.00,0.00,0.00,0,'WHILE ADD PRODUCT','2026-03-21','10:36:30',24,1,0),
(903,496,29,29,0.00,5.00,0.00,1,' BILL WITHOUT STOCK','2026-03-21','10:39:17',24,1,0),
(904,496,9,9,0.00,2.00,67.00,0,'WHILE BILLING','2026-03-21','10:39:17',24,1,0),
(905,497,1,1,0.00,1.00,700.00,0,'WHILE BILLING','2026-03-21','10:49:45',24,1,0),
(906,498,30,30,0.00,1.00,0.00,1,' BILL WITHOUT STOCK','2026-03-21','10:14:38',24,1,0),
(907,499,28,28,0.00,1.00,0.00,1,' BILL WITHOUT STOCK','2026-03-21','10:18:06',24,1,0),
(908,500,29,29,0.00,5.00,0.00,1,' BILL WITHOUT STOCK','2026-03-21','10:11:29',24,1,0),
(909,500,8,8,0.00,1.00,38.00,0,'WHILE BILLING','2026-03-21','10:11:29',24,1,0),
(910,500,28,28,0.00,1.00,0.00,1,' BILL WITHOUT STOCK','2026-03-21','10:11:29',24,1,0),
(911,501,29,29,0.00,5.00,0.00,1,' BILL WITHOUT STOCK','2026-03-21','10:12:11',24,1,0),
(912,501,28,28,0.00,1.00,0.00,1,' BILL WITHOUT STOCK','2026-03-21','10:12:11',24,1,0),
(913,502,9,9,0.00,1.00,66.00,0,'WHILE BILLING','2026-03-21','10:18:56',24,1,0),
(914,502,29,29,0.00,4.00,0.00,1,' BILL WITHOUT STOCK','2026-03-21','10:18:56',24,1,0),
(915,502,26,26,0.00,5.00,0.00,1,' BILL WITHOUT STOCK','2026-03-21','10:18:56',24,1,0),
(916,503,30,30,0.00,1.00,0.00,1,' BILL WITHOUT STOCK','2026-03-21','10:12:43',24,1,0),
(917,504,3,3,0.00,2.00,586.00,0,'WHILE BILLING','2026-03-21','10:15:44',24,1,0),
(918,504,29,29,0.00,12.00,0.00,1,' BILL WITHOUT STOCK','2026-03-21','10:15:44',24,1,0),
(919,504,8,8,0.00,2.00,36.00,0,'WHILE BILLING','2026-03-21','10:15:44',24,1,0),
(920,504,28,28,0.00,1.00,0.00,1,' BILL WITHOUT STOCK','2026-03-21','10:15:44',24,1,0),
(921,504,28,28,0.00,1.00,0.00,1,' BILL WITHOUT STOCK','2026-03-21','10:15:44',24,1,0),
(922,505,9,9,0.00,1.00,65.00,0,'WHILE BILLING','2026-03-21','10:32:29',24,1,0),
(923,505,30,30,0.00,1.00,0.00,1,' BILL WITHOUT STOCK','2026-03-21','10:32:29',24,1,0),
(924,505,29,29,0.00,1.00,0.00,1,' BILL WITHOUT STOCK','2026-03-21','10:32:29',24,1,0),
(925,506,2,2,0.00,1.00,194.00,0,'WHILE BILLING','2026-03-21','10:47:31',24,1,0),
(926,507,30,30,0.00,1.00,0.00,1,' BILL WITHOUT STOCK','2026-03-21','10:12:32',24,1,0),
(927,508,26,26,0.00,3.00,0.00,1,' BILL WITHOUT STOCK','2026-03-21','10:20:46',24,1,0),
(928,509,2,2,0.00,1.00,193.00,0,'WHILE BILLING','2026-03-21','10:24:38',24,1,0),
(929,509,28,28,0.00,1.00,0.00,1,' BILL WITHOUT STOCK','2026-03-21','10:24:38',24,1,0),
(930,509,32,32,0.00,1.00,0.00,1,' BILL WITHOUT STOCK','2026-03-21','10:24:38',24,1,0),
(931,509,34,34,0.00,1.00,0.00,1,' BILL WITHOUT STOCK','2026-03-21','10:24:38',24,1,0),
(932,510,29,29,0.00,1.00,0.00,1,' BILL WITHOUT STOCK','2026-03-21','10:34:14',24,1,0),
(933,511,2,2,0.00,1.00,192.00,0,'WHILE BILLING','2026-03-21','10:58:46',24,1,0),
(934,511,10,10,0.00,1.00,88.00,0,'WHILE BILLING','2026-03-21','10:58:47',24,1,0),
(935,511,8,8,0.00,1.00,35.00,0,'WHILE BILLING','2026-03-21','10:58:47',24,1,0),
(936,512,16,16,0.00,1.00,49.00,0,'WHILE BILLING','2026-03-21','11:10:04',24,1,0),
(937,512,22,22,0.00,1.00,279.00,0,'WHILE BILLING','2026-03-21','11:10:04',24,1,0),
(938,513,22,22,0.00,1.00,278.00,0,'WHILE BILLING','2026-03-21','10:20:55',24,1,0),
(939,514,8,8,0.00,1.00,34.00,0,'WHILE BILLING','2026-03-21','10:49:58',24,1,0),
(940,514,29,29,0.00,2.00,0.00,1,' BILL WITHOUT STOCK','2026-03-21','10:49:58',24,1,0),
(941,515,30,30,0.00,1.00,0.00,1,' BILL WITHOUT STOCK','2026-03-21','10:59:27',24,1,0),
(942,515,29,29,0.00,5.00,0.00,1,' BILL WITHOUT STOCK','2026-03-21','10:59:27',24,1,0),
(943,516,22,22,0.00,1.00,277.00,0,'WHILE BILLING','2026-03-21','11:02:59',24,1,0),
(944,516,8,8,0.00,1.00,33.00,0,'WHILE BILLING','2026-03-21','11:02:59',24,1,0),
(945,517,29,29,0.00,5.00,0.00,1,' BILL WITHOUT STOCK','2026-03-21','11:04:37',24,1,0),
(946,518,29,29,0.00,3.00,0.00,1,' BILL WITHOUT STOCK','2026-03-21','10:35:33',24,1,0),
(947,518,9,9,0.00,3.00,62.00,0,'WHILE BILLING','2026-03-21','10:35:33',24,1,0),
(948,518,28,28,0.00,1.00,0.00,1,' BILL WITHOUT STOCK','2026-03-21','10:35:33',24,1,0),
(949,519,9,9,0.00,1.00,61.00,0,'WHILE BILLING','2026-03-21','10:36:53',24,1,0),
(950,519,29,29,0.00,1.00,0.00,1,' BILL WITHOUT STOCK','2026-03-21','10:36:53',24,1,0),
(951,520,29,29,0.00,1.00,0.00,1,' BILL WITHOUT STOCK','2026-03-21','10:52:34',24,1,0),
(952,521,35,35,0.00,2.00,0.00,1,' BILL WITHOUT STOCK','2026-03-21','11:07:04',24,1,0),
(953,521,30,30,0.00,1.00,0.00,1,' BILL WITHOUT STOCK','2026-03-21','11:07:04',24,1,0),
(954,521,34,34,0.00,1.00,0.00,1,' BILL WITHOUT STOCK','2026-03-21','11:07:04',24,1,0),
(955,521,28,28,0.00,1.00,0.00,1,' BILL WITHOUT STOCK','2026-03-21','11:07:04',24,1,0),
(956,522,23,23,0.00,1.00,78.00,0,'WHILE BILLING','2026-03-21','10:30:06',24,1,0),
(957,522,26,26,0.00,2.00,0.00,1,' BILL WITHOUT STOCK','2026-03-21','10:30:06',24,1,0),
(958,522,31,31,0.00,1.00,0.00,1,' BILL WITHOUT STOCK','2026-03-21','10:30:06',24,1,0),
(959,522,31,31,0.00,1.00,0.00,1,' BILL WITHOUT STOCK','2026-03-21','10:30:06',24,1,0),
(960,523,26,26,0.00,1.00,0.00,1,' BILL WITHOUT STOCK','2026-03-21','10:31:28',24,1,0),
(961,524,26,26,0.00,3.00,0.00,1,' BILL WITHOUT STOCK','2026-03-21','10:37:16',24,1,0),
(962,524,35,35,0.00,1.00,0.00,1,' BILL WITHOUT STOCK','2026-03-21','10:37:16',24,1,0),
(963,525,32,32,0.00,1.00,0.00,1,' BILL WITHOUT STOCK','2026-03-21','10:38:44',24,1,0),
(964,526,26,26,0.00,5.00,0.00,1,' BILL WITHOUT STOCK','2026-03-21','10:40:45',24,1,0),
(965,527,1,1,0.00,3.00,697.00,0,'WHILE BILLING','2026-03-21','10:55:38',24,1,0),
(966,527,9,9,0.00,1.00,60.00,0,'WHILE BILLING','2026-03-21','10:55:38',24,1,0),
(967,527,35,35,0.00,2.00,0.00,1,' BILL WITHOUT STOCK','2026-03-21','10:55:38',24,1,0),
(968,527,34,34,0.00,1.00,0.00,1,' BILL WITHOUT STOCK','2026-03-21','10:55:38',24,1,0),
(969,528,1,1,0.00,1.00,696.00,0,'WHILE BILLING','2026-03-21','10:56:59',24,1,0),
(970,529,1,1,0.00,1.00,695.00,0,'WHILE BILLING','2026-03-21','10:58:15',24,1,0),
(971,530,35,35,0.00,2.00,0.00,1,' BILL WITHOUT STOCK','2026-03-21','11:05:22',24,1,0),
(972,530,1,1,0.00,1.00,694.00,0,'WHILE BILLING','2026-03-21','11:05:22',24,1,0),
(973,530,21,21,0.00,1.00,67.00,0,'WHILE BILLING','2026-03-21','11:05:22',24,1,0),
(974,530,30,30,0.00,1.00,0.00,1,' BILL WITHOUT STOCK','2026-03-21','11:05:22',24,1,0),
(975,530,2,2,0.00,1.00,191.00,0,'WHILE BILLING','2026-03-21','11:05:22',24,1,0),
(976,531,35,35,0.00,1.00,0.00,1,' BILL WITHOUT STOCK','2026-03-21','11:07:23',24,1,0),
(977,531,2,2,0.00,1.00,190.00,0,'WHILE BILLING','2026-03-21','11:07:23',24,1,0),
(978,532,29,29,0.00,1.00,0.00,1,' BILL WITHOUT STOCK','2026-03-21','11:07:57',24,1,0),
(979,532,29,29,0.00,1.00,0.00,1,' BILL WITHOUT STOCK','2026-03-21','11:07:57',24,1,0),
(980,532,8,8,0.00,1.00,32.00,0,'WHILE BILLING','2026-03-21','11:07:57',24,1,0),
(981,533,9,9,0.00,1.00,59.00,0,'WHILE BILLING','2026-03-21','10:20:25',24,1,0),
(982,534,29,29,0.00,5.00,0.00,1,' BILL WITHOUT STOCK','2026-03-21','10:36:27',24,1,0),
(983,534,28,28,0.00,1.00,0.00,1,' BILL WITHOUT STOCK','2026-03-21','10:36:27',24,1,0),
(984,535,28,28,0.00,1.00,0.00,1,' BILL WITHOUT STOCK','2026-03-21','11:01:15',24,1,0),
(985,535,34,34,0.00,1.00,0.00,1,' BILL WITHOUT STOCK','2026-03-21','11:01:15',24,1,0),
(986,536,16,16,0.00,2.00,47.00,0,'WHILE BILLING','2026-03-22','10:42:45',24,1,0),
(987,537,28,28,0.00,1.00,0.00,1,' BILL WITHOUT STOCK','2026-03-22','10:24:22',24,1,0),
(988,537,28,28,0.00,1.00,0.00,1,' BILL WITHOUT STOCK','2026-03-22','10:24:22',24,1,0),
(989,538,32,32,0.00,1.00,0.00,1,' BILL WITHOUT STOCK','2026-03-22','10:27:36',24,1,0),
(990,539,14,14,0.00,1.00,18.00,0,'WHILE BILLING','2026-03-22','10:34:24',24,1,0),
(991,539,3,3,0.00,1.00,585.00,0,'WHILE BILLING','2026-03-22','10:34:24',24,1,0),
(992,539,29,29,0.00,1.00,0.00,1,' BILL WITHOUT STOCK','2026-03-22','10:34:24',24,1,0),
(993,540,26,26,0.00,3.00,0.00,1,' BILL WITHOUT STOCK','2026-03-22','10:38:52',24,1,0),
(994,541,3,3,0.00,1.00,584.00,0,'WHILE BILLING','2026-03-22','10:55:04',24,1,0),
(995,541,23,23,0.00,1.00,77.00,0,'WHILE BILLING','2026-03-22','10:55:04',24,1,0),
(996,541,31,31,0.00,1.00,0.00,1,' BILL WITHOUT STOCK','2026-03-22','10:55:04',24,1,0),
(997,541,27,27,0.00,1.00,0.00,1,' BILL WITHOUT STOCK','2026-03-22','10:55:04',24,1,0),
(998,542,13,13,0.00,1.00,28.00,0,'WHILE BILLING','2026-03-22','10:41:59',24,1,0),
(999,542,9,9,0.00,2.00,57.00,0,'WHILE BILLING','2026-03-22','10:41:59',24,1,0),
(1000,542,32,32,0.00,4.00,0.00,1,' BILL WITHOUT STOCK','2026-03-22','10:41:59',24,1,0),
(1001,542,32,32,0.00,1.00,0.00,1,' BILL WITHOUT STOCK','2026-03-22','10:41:59',24,1,0),
(1002,543,3,3,0.00,11.00,573.00,0,'WHILE BILLING','2026-03-22','10:44:38',24,1,0),
(1003,544,30,30,0.00,1.00,0.00,1,' BILL WITHOUT STOCK','2026-03-22','10:23:21',24,1,0),
(1004,544,8,8,0.00,1.00,31.00,0,'WHILE BILLING','2026-03-22','10:23:21',24,1,0),
(1005,545,2,2,0.00,1.00,189.00,0,'WHILE BILLING','2026-03-22','10:24:09',24,1,0),
(1006,546,28,28,0.00,1.00,0.00,1,' BILL WITHOUT STOCK','2026-03-22','10:22:40',24,1,0),
(1007,0,2,2,159.00,0.00,348.00,0,'Adding Stock - 22/03/26','2026-03-22','10:43:34',24,1,1),
(1008,547,2,2,0.00,1.00,347.00,0,'WHILE BILLING','2026-03-22','10:44:33',24,1,0),
(1009,547,35,35,0.00,1.00,0.00,1,' BILL WITHOUT STOCK','2026-03-22','10:44:33',24,1,0),
(1010,548,17,17,0.00,1.00,22.00,0,'WHILE BILLING','2026-03-22','11:11:55',24,1,0),
(1011,549,26,26,0.00,3.00,0.00,1,' BILL WITHOUT STOCK','2026-03-22','11:17:09',24,1,0),
(1012,549,28,28,0.00,1.00,0.00,1,' BILL WITHOUT STOCK','2026-03-22','11:17:09',24,1,0),
(1013,550,2,2,0.00,1.00,346.00,0,'WHILE BILLING','2026-03-22','10:29:12',24,1,0),
(1014,551,32,32,0.00,1.00,0.00,1,' BILL WITHOUT STOCK','2026-03-22','10:30:51',24,1,0),
(1015,552,30,30,0.00,1.00,0.00,1,' BILL WITHOUT STOCK','2026-03-22','10:24:11',24,1,0),
(1016,553,28,28,0.00,1.00,0.00,1,' BILL WITHOUT STOCK','2026-03-22','10:21:54',24,1,0),
(1017,554,2,2,0.00,1.00,345.00,0,'WHILE BILLING','2026-03-22','10:59:49',24,1,0),
(1018,555,29,29,0.00,1.00,0.00,1,' BILL WITHOUT STOCK','2026-03-22','11:05:15',24,1,0),
(1019,555,30,30,0.00,1.00,0.00,1,' BILL WITHOUT STOCK','2026-03-22','11:05:15',24,1,0),
(1020,555,29,29,0.00,5.00,0.00,1,' BILL WITHOUT STOCK','2026-03-22','11:05:15',24,1,0),
(1021,555,8,8,0.00,2.00,29.00,0,'WHILE BILLING','2026-03-22','11:05:15',24,1,0),
(1022,556,29,29,0.00,1.00,0.00,1,' BILL WITHOUT STOCK','2026-03-22','10:22:19',24,1,0),
(1023,557,1,1,0.00,1.00,693.00,0,'WHILE BILLING','2026-03-22','10:56:29',24,1,0),
(1024,557,26,26,0.00,5.00,0.00,1,' BILL WITHOUT STOCK','2026-03-22','10:56:29',24,1,0),
(1025,557,2,2,0.00,1.00,344.00,0,'WHILE BILLING','2026-03-22','10:56:29',24,1,0),
(1026,558,29,29,0.00,1.00,0.00,1,' BILL WITHOUT STOCK','2026-03-22','11:08:26',24,1,0),
(1027,559,29,29,0.00,5.00,0.00,1,' BILL WITHOUT STOCK','2026-03-22','11:10:36',24,1,0),
(1028,560,29,29,0.00,2.00,0.00,1,' BILL WITHOUT STOCK','2026-03-22','11:12:39',24,1,0),
(1029,561,10,10,0.00,1.00,87.00,0,'WHILE BILLING','2026-03-22','10:38:40',24,1,0),
(1030,562,3,3,0.00,2.00,571.00,0,'WHILE BILLING','2026-03-22','11:09:14',24,1,0),
(1031,562,31,31,0.00,1.00,0.00,1,' BILL WITHOUT STOCK','2026-03-22','11:09:14',24,1,0),
(1032,563,2,2,0.00,1.00,343.00,0,'WHILE BILLING','2026-03-22','10:22:18',24,1,0),
(1033,564,29,29,0.00,5.00,0.00,1,' BILL WITHOUT STOCK','2026-03-22','10:27:35',24,1,0),
(1034,564,9,9,0.00,2.00,55.00,0,'WHILE BILLING','2026-03-22','10:27:35',24,1,0),
(1035,564,8,8,0.00,2.00,27.00,0,'WHILE BILLING','2026-03-22','10:27:35',24,1,0),
(1036,564,31,31,0.00,2.00,0.00,1,' BILL WITHOUT STOCK','2026-03-22','10:27:35',24,1,0),
(1037,565,29,29,0.00,2.00,0.00,1,' BILL WITHOUT STOCK','2026-03-22','10:31:10',24,1,0),
(1038,565,8,8,0.00,1.00,26.00,0,'WHILE BILLING','2026-03-22','10:31:10',24,1,0),
(1039,566,35,35,0.00,2.00,0.00,1,' BILL WITHOUT STOCK','2026-03-22','10:39:20',24,1,0),
(1040,566,30,30,0.00,1.00,0.00,1,' BILL WITHOUT STOCK','2026-03-22','10:39:20',24,1,0),
(1041,567,8,8,0.00,1.00,25.00,0,'WHILE BILLING','2026-03-22','10:51:54',24,1,0),
(1042,568,3,3,0.00,1.00,570.00,0,'WHILE BILLING','2026-03-22','10:53:25',24,1,0),
(1043,569,27,27,0.00,4.00,0.00,1,' BILL WITHOUT STOCK','2026-03-22','10:53:59',24,1,0),
(1044,570,3,3,0.00,2.00,568.00,0,'WHILE BILLING','2026-03-23','11:05:36',25,1,0),
(1045,570,24,24,0.00,1.00,183.00,0,'WHILE BILLING','2026-03-23','11:05:36',25,1,0),
(1046,570,27,27,0.00,1.00,0.00,1,' BILL WITHOUT STOCK','2026-03-23','11:05:36',25,1,0),
(1047,571,2,2,0.00,1.00,342.00,0,'WHILE BILLING','2026-03-23','11:09:23',25,1,0),
(1048,572,3,3,0.00,1.00,567.00,0,'WHILE BILLING','2026-03-23','11:00:30',25,1,0),
(1049,573,30,30,0.00,1.00,0.00,1,' BILL WITHOUT STOCK','2026-03-23','11:03:37',25,1,0),
(1050,573,7,7,0.00,2.00,92.00,0,'WHILE BILLING','2026-03-23','11:03:37',25,1,0),
(1051,573,2,2,0.00,1.00,341.00,0,'WHILE BILLING','2026-03-23','11:03:37',25,1,0),
(1052,574,2,2,0.00,1.00,340.00,0,'WHILE BILLING','2026-03-23','11:13:27',24,1,0),
(1053,575,27,27,0.00,2.00,0.00,1,' BILL WITHOUT STOCK','2026-03-23','11:00:45',24,1,0),
(1054,576,16,16,0.00,2.00,45.00,0,'WHILE BILLING','2026-03-23','11:04:31',25,1,0),
(1055,576,21,21,0.00,1.00,66.00,0,'WHILE BILLING','2026-03-23','11:04:31',25,1,0),
(1056,577,1,1,0.00,1.00,692.00,0,'WHILE BILLING','2026-03-23','11:15:39',25,1,0),
(1057,577,10,10,0.00,1.00,86.00,0,'WHILE BILLING','2026-03-23','11:15:39',25,1,0),
(1058,577,12,12,0.00,1.00,78.00,0,'WHILE BILLING','2026-03-23','11:15:39',25,1,0),
(1059,577,15,15,0.00,1.00,27.00,0,'WHILE BILLING','2026-03-23','11:15:39',25,1,0),
(1060,577,35,35,0.00,1.00,0.00,1,' BILL WITHOUT STOCK','2026-03-23','11:15:39',25,1,0),
(1061,578,30,30,0.00,1.00,0.00,1,' BILL WITHOUT STOCK','2026-03-23','11:22:34',25,1,0),
(1062,578,32,32,0.00,1.00,0.00,1,' BILL WITHOUT STOCK','2026-03-23','11:22:34',25,1,0),
(1063,578,32,32,0.00,1.00,0.00,1,' BILL WITHOUT STOCK','2026-03-23','11:22:34',25,1,0),
(1064,579,31,31,0.00,1.00,0.00,1,' BILL WITHOUT STOCK','2026-03-23','11:22:55',25,1,0),
(1065,580,29,29,0.00,1.00,0.00,1,' BILL WITHOUT STOCK','2026-03-23','11:32:44',24,1,0),
(1066,580,30,30,0.00,1.00,0.00,1,' BILL WITHOUT STOCK','2026-03-23','11:32:44',24,1,0),
(1067,581,5,5,0.00,1.00,146.00,0,'WHILE BILLING','2026-03-23','11:21:10',24,1,0),
(1068,581,4,4,0.00,1.00,68.00,0,'WHILE BILLING','2026-03-23','11:21:10',24,1,0),
(1069,581,26,26,0.00,2.00,0.00,1,' BILL WITHOUT STOCK','2026-03-23','11:21:10',24,1,0),
(1070,581,22,22,0.00,1.00,276.00,0,'WHILE BILLING','2026-03-23','11:21:10',24,1,0),
(1071,582,3,3,0.00,2.00,565.00,0,'WHILE BILLING','2026-03-23','11:30:08',24,1,0),
(1072,582,31,31,0.00,1.00,0.00,1,' BILL WITHOUT STOCK','2026-03-23','11:30:09',24,1,0),
(1073,583,2,2,0.00,1.00,339.00,0,'WHILE BILLING','2026-03-23','11:33:30',24,1,0),
(1074,583,7,7,0.00,1.00,91.00,0,'WHILE BILLING','2026-03-23','11:33:30',24,1,0),
(1075,584,36,36,0.00,1.00,0.00,1,' BILL WITHOUT STOCK','2026-07-17','18:23:39',1,1,0),
(1076,585,36,36,0.00,2.00,0.00,1,' BILL WITHOUT STOCK','2026-07-20','15:44:27',1,1,0),
(1077,585,36,36,1.00,0.00,1.00,0,'PRODUCT RETURN','2026-07-22','13:07:00',1,1,1),
(1078,586,36,36,0.00,2.00,1.00,1,' BILL WITHOUT STOCK','2026-07-22','14:02:50',1,1,0),
(1079,587,36,36,0.00,1.00,0.00,0,'WHILE BILLING','2026-07-22','14:11:19',1,1,0),
(1080,588,36,36,0.00,1.00,0.00,1,' BILL WITHOUT STOCK','2026-07-22','14:16:40',1,1,0),
(1081,589,36,36,0.00,10.00,0.00,1,' BILL WITHOUT STOCK','2026-07-22','14:17:01',1,1,0),
(1082,589,36,36,1.00,0.00,1.00,0,'PRODUCT RETURN','2026-07-22','14:17:21',1,1,1);

/*Table structure for table `prod_order` */

DROP TABLE IF EXISTS `prod_order`;

CREATE TABLE `prod_order` (
  `id` int unsigned NOT NULL AUTO_INCREMENT,
  `order_no` varchar(255) NOT NULL,
  `table_id` int NOT NULL,
  `is_delivered` int DEFAULT '0',
  `is_billed` int DEFAULT '0',
  `is_cancelled` int DEFAULT '0',
  `date` date DEFAULT NULL,
  `time` time DEFAULT NULL,
  `uid` int NOT NULL,
  PRIMARY KEY (`id`)
) ENGINE=InnoDB DEFAULT CHARSET=utf8mb4 COLLATE=utf8mb4_0900_ai_ci;

/*Data for the table `prod_order` */

/*Table structure for table `prod_order_details` */

DROP TABLE IF EXISTS `prod_order_details`;

CREATE TABLE `prod_order_details` (
  `id` int unsigned NOT NULL AUTO_INCREMENT,
  `order_id` int NOT NULL,
  `prod_id` int NOT NULL,
  `qty` int NOT NULL,
  `price` double(10,3) DEFAULT '0.000',
  `total` double(10,3) DEFAULT '0.000',
  `is_delivered` int DEFAULT '0',
  PRIMARY KEY (`id`)
) ENGINE=InnoDB DEFAULT CHARSET=utf8mb4 COLLATE=utf8mb4_0900_ai_ci;

/*Data for the table `prod_order_details` */

/*Table structure for table `prod_product` */

DROP TABLE IF EXISTS `prod_product`;

CREATE TABLE `prod_product` (
  `id` int unsigned NOT NULL AUTO_INCREMENT,
  `name` varchar(255) NOT NULL,
  `code` varchar(255) CHARACTER SET latin1 COLLATE latin1_swedish_ci DEFAULT '0',
  `category_id` int NOT NULL,
  `brand_id` int NOT NULL,
  `unit_id` int DEFAULT '1',
  `hsn` int DEFAULT NULL,
  `uid` int NOT NULL,
  `date` date DEFAULT NULL,
  `time` time DEFAULT NULL,
  `is_active` int DEFAULT '1',
  `gst` int NOT NULL,
  PRIMARY KEY (`id`),
  KEY `cat` (`category_id`),
  KEY `brand` (`brand_id`),
  KEY `uid` (`uid`),
  KEY `unit` (`unit_id`)
) ENGINE=InnoDB AUTO_INCREMENT=38 DEFAULT CHARSET=latin1;

/*Data for the table `prod_product` */

insert  into `prod_product`(`id`,`name`,`code`,`category_id`,`brand_id`,`unit_id`,`hsn`,`uid`,`date`,`time`,`is_active`,`gst`) values 
(1,'Shirt795','4',1,2,1,NULL,1,'2026-03-09','22:16:12',1,0),
(2,'Shirt495','2',1,2,1,NULL,24,'2026-03-10','18:22:25',1,0),
(3,'shirt695','3',1,2,1,NULL,24,'2008-05-09','01:00:33',1,0),
(4,'cotton pant749','11',2,2,1,NULL,24,'2026-03-11','07:17:20',1,0),
(5,'cotton pant849','12',2,2,1,NULL,24,'2026-03-11','07:22:35',1,0),
(6,'Gurkha/Polo pant695','13',2,2,1,NULL,24,'2026-03-11','09:27:26',1,0),
(7,'Gurkha/Polo pant795','14',2,2,1,NULL,24,'2026-03-11','10:00:04',1,0),
(8,'TrackPant430','51',8,2,1,NULL,24,'2026-03-12','14:45:33',1,0),
(9,'Shorts330','61',9,2,1,NULL,24,'2026-03-12','14:48:16',1,0),
(10,'HalfSleeve polo t-shirt','31',3,2,1,NULL,24,'2026-03-12','14:55:43',1,0),
(11,'RN T-shirt','32',3,2,1,NULL,24,'2026-03-12','14:57:34',1,0),
(12,'Jean/Cotton shorts430','62',9,2,1,NULL,24,'2026-03-12','15:43:30',1,0),
(13,'polo t-shirt395','33',3,2,1,NULL,24,'2026-03-12','17:11:57',1,0),
(14,'Hoodies550','34',3,2,1,NULL,24,'2026-03-12','17:22:26',1,0),
(15,'Five Slevee T-shirt395','35',3,2,1,NULL,24,'2026-03-12','17:28:33',1,0),
(16,'Five  Slevee T-shirt550','36',3,2,1,NULL,24,'2026-03-12','18:27:31',1,0),
(17,'Zipper T-shirt580','37',3,2,1,NULL,24,'2026-03-12','18:36:53',1,0),
(18,'Full Slevee T-shirt580','38',3,2,1,NULL,24,'2026-03-12','18:41:33',1,0),
(19,'Zipper T-shirt450','39',3,2,1,NULL,24,'2026-03-12','18:45:02',1,0),
(20,'Zipper T-shirt730','40',3,2,1,NULL,24,'2026-03-12','18:48:14',1,0),
(21,'JeanPant795','21',2,2,1,NULL,24,'2026-03-12','08:37:53',1,0),
(22,'JeanPant895','22',2,2,1,NULL,24,'2026-03-12','09:10:58',1,0),
(23,'Gurkha/Polo pant849','15',2,2,1,NULL,24,'2026-03-13','11:34:54',1,0),
(24,'JeanPant995','23',2,2,1,NULL,24,'2026-03-13','11:43:51',1,0),
(25,'Jean Shirt795','5',1,2,1,NULL,24,'2026-03-13','09:19:40',1,0),
(26,'Offer Shirt','001',1,2,1,NULL,24,'2026-03-13','08:55:42',1,0),
(27,'Crocs','002',5,2,1,NULL,24,'2026-03-13','08:57:51',1,0),
(28,'Shoe','003',4,2,1,NULL,24,'2026-03-13','08:59:03',1,0),
(29,'Offer Tshirt','004',3,2,1,NULL,24,'2026-03-13','08:59:52',1,0),
(30,'Offer Track','005',8,2,1,NULL,24,'2026-03-13','09:00:59',1,0),
(31,'inner wear','7',7,2,1,NULL,24,'2026-03-13','08:58:21',1,0),
(32,'Aththar','100',11,2,1,NULL,24,'2026-03-13','09:40:59',1,0),
(33,'ADVANCE PAYMENT','010',11,2,1,NULL,24,'2026-03-15','11:37:18',1,0),
(34,'Accessories','111',6,2,1,NULL,24,'2026-03-17','02:28:53',1,0),
(35,'Offer Jeans','006',2,2,1,NULL,24,'2026-03-21','10:17:23',1,0),
(36,'Shirt','101',1,2,1,NULL,24,'2026-03-21','10:35:32',1,0),
(37,'jeans','102',2,2,1,NULL,24,'2026-03-21','10:36:30',1,0);

/*Table structure for table `prod_product_components` */

DROP TABLE IF EXISTS `prod_product_components`;

CREATE TABLE `prod_product_components` (
  `id` int NOT NULL AUTO_INCREMENT,
  `product_id` int NOT NULL COMMENT 'Main product ID',
  `component_product_id` int NOT NULL COMMENT 'Component product ID',
  `quantity` decimal(10,2) DEFAULT '1.00' COMMENT 'Quantity needed',
  `created_date` datetime DEFAULT CURRENT_TIMESTAMP,
  `created_by` int DEFAULT NULL,
  PRIMARY KEY (`id`),
  KEY `prod` (`product_id`),
  KEY `compo` (`component_product_id`)
) ENGINE=InnoDB DEFAULT CHARSET=utf8mb4 COLLATE=utf8mb4_0900_ai_ci;

/*Data for the table `prod_product_components` */

/*Table structure for table `prod_purchase` */

DROP TABLE IF EXISTS `prod_purchase`;

CREATE TABLE `prod_purchase` (
  `id` bigint unsigned NOT NULL AUTO_INCREMENT,
  `prno` varchar(25) NOT NULL DEFAULT '',
  `invno` varchar(255) DEFAULT '',
  `invdate` date DEFAULT NULL,
  `total` double(10,2) NOT NULL DEFAULT '0.00',
  `paid` double(10,2) NOT NULL DEFAULT '0.00',
  `balance` double(10,2) DEFAULT '0.00',
  `discount` double(10,2) DEFAULT '0.00',
  `net` double NOT NULL DEFAULT '0',
  `ent_date` date NOT NULL DEFAULT '0001-01-01',
  `ent_time` time NOT NULL DEFAULT '00:00:00',
  `ent_uid` int unsigned NOT NULL DEFAULT '0',
  `ispending` tinyint unsigned DEFAULT '0',
  `pay_type` int unsigned NOT NULL DEFAULT '0',
  `bank_id` int unsigned NOT NULL DEFAULT '0',
  `deal_id` int unsigned DEFAULT '0',
  `remark` varchar(100) NOT NULL DEFAULT '0',
  `is_cancelled` tinyint(1) NOT NULL DEFAULT '0',
  `cancel_date` date DEFAULT '0001-01-01',
  `cancel_time` time DEFAULT '00:00:00',
  `cancel_uid` varchar(10) DEFAULT '0',
  `is_po` tinyint DEFAULT '0',
  `po_status` tinyint DEFAULT '1',
  `pr_id` int DEFAULT NULL,
  `grn_id` int DEFAULT '0',
  `expected_date` date DEFAULT NULL,
  `po_notes` text,
  `offer` text,
  `offer_date` date DEFAULT NULL,
  `lr_no` varchar(255) DEFAULT NULL,
  `lr_date` date DEFAULT NULL,
  `lr_name` varchar(255) DEFAULT NULL,
  PRIMARY KEY (`id`),
  KEY `prno` (`prno`),
  KEY `dealer` (`deal_id`),
  KEY `grnid` (`grn_id`),
  KEY `status` (`po_status`)
) ENGINE=InnoDB DEFAULT CHARSET=latin1;

/*Data for the table `prod_purchase` */

/*Table structure for table `prod_purchase_counter` */

DROP TABLE IF EXISTS `prod_purchase_counter`;

CREATE TABLE `prod_purchase_counter` (
  `id` int NOT NULL,
  `last_pr_no` int DEFAULT '0',
  PRIMARY KEY (`id`)
) ENGINE=InnoDB DEFAULT CHARSET=utf8mb4 COLLATE=utf8mb4_0900_ai_ci;

/*Data for the table `prod_purchase_counter` */

/*Table structure for table `prod_purchase_details` */

DROP TABLE IF EXISTS `prod_purchase_details`;

CREATE TABLE `prod_purchase_details` (
  `id` bigint unsigned NOT NULL AUTO_INCREMENT,
  `prid` int unsigned DEFAULT '0',
  `prods_id` int DEFAULT '0',
  `pack` int DEFAULT '0',
  `qtypack` decimal(10,2) DEFAULT '0.00',
  `quantity` decimal(10,2) unsigned DEFAULT '0.00',
  `free` int unsigned DEFAULT '0',
  `rate` double(10,3) DEFAULT '0.000',
  `mrp` double(10,3) DEFAULT '0.000',
  `totalamt` double(10,3) DEFAULT '0.000',
  `tax` double(10,2) NOT NULL DEFAULT '0.00',
  `tax_amt` double(10,3) DEFAULT '0.000',
  `mrp_vat_amt` double(10,2) DEFAULT '0.00',
  `disc_per` double(10,2) DEFAULT '0.00',
  `disc` double(10,3) DEFAULT '0.000',
  `netamt` double(10,3) DEFAULT '0.000',
  `isinvoicereceived` int unsigned NOT NULL DEFAULT '0',
  `hsn_code` varchar(20) NOT NULL DEFAULT '0',
  `sgst_per` double(10,2) NOT NULL DEFAULT '0.00',
  `cgst_per` double(10,2) NOT NULL DEFAULT '0.00',
  `igst_per` double(10,2) NOT NULL DEFAULT '0.00',
  `sgst_amt` double(10,2) NOT NULL DEFAULT '0.00',
  `cgst_amt` double(10,2) NOT NULL DEFAULT '0.00',
  `igst_amt` double(10,2) NOT NULL DEFAULT '0.00',
  `unitrate` double(10,3) DEFAULT '0.000',
  `unitmrp` double(10,3) DEFAULT '0.000',
  `ordered_qty` int DEFAULT '0',
  `received_qty` int DEFAULT '0',
  `pending_qty` int DEFAULT '0',
  `is_fully_received` tinyint DEFAULT '0',
  PRIMARY KEY (`id`),
  KEY `prid` (`prid`),
  KEY `prod` (`prods_id`),
  KEY `fullyreceive` (`is_fully_received`)
) ENGINE=InnoDB DEFAULT CHARSET=latin1;

/*Data for the table `prod_purchase_details` */

/*Table structure for table `prod_purchase_entry_details_link` */

DROP TABLE IF EXISTS `prod_purchase_entry_details_link`;

CREATE TABLE `prod_purchase_entry_details_link` (
  `id` int NOT NULL AUTO_INCREMENT,
  `link_id` int NOT NULL,
  `po_detail_id` bigint unsigned NOT NULL,
  `pe_detail_id` bigint unsigned NOT NULL,
  `quantity_received` int NOT NULL,
  PRIMARY KEY (`id`)
) ENGINE=InnoDB DEFAULT CHARSET=utf8mb4 COLLATE=utf8mb4_0900_ai_ci;

/*Data for the table `prod_purchase_entry_details_link` */

/*Table structure for table `prod_purchase_entry_link` */

DROP TABLE IF EXISTS `prod_purchase_entry_link`;

CREATE TABLE `prod_purchase_entry_link` (
  `id` int NOT NULL AUTO_INCREMENT,
  `po_id` bigint unsigned NOT NULL,
  `pe_id` bigint unsigned NOT NULL,
  `receipt_no` varchar(50) DEFAULT NULL,
  `receipt_date` date DEFAULT NULL,
  `received_by` int DEFAULT NULL,
  `notes` text,
  `created_date` date NOT NULL,
  `created_time` time NOT NULL,
  `uid` int NOT NULL,
  PRIMARY KEY (`id`)
) ENGINE=InnoDB DEFAULT CHARSET=utf8mb4 COLLATE=utf8mb4_0900_ai_ci;

/*Data for the table `prod_purchase_entry_link` */

/*Table structure for table `prod_purchase_order_counter` */

DROP TABLE IF EXISTS `prod_purchase_order_counter`;

CREATE TABLE `prod_purchase_order_counter` (
  `id` int NOT NULL DEFAULT '1',
  `last_po_no` int DEFAULT '0',
  PRIMARY KEY (`id`)
) ENGINE=InnoDB DEFAULT CHARSET=utf8mb4 COLLATE=utf8mb4_0900_ai_ci;

/*Data for the table `prod_purchase_order_counter` */

/*Table structure for table `prod_purchase_request` */

DROP TABLE IF EXISTS `prod_purchase_request`;

CREATE TABLE `prod_purchase_request` (
  `id` int NOT NULL AUTO_INCREMENT,
  `req_no` varchar(50) NOT NULL COMMENT 'REQ1, REQ2, REQ3...',
  `req_date` date NOT NULL,
  `req_time` time NOT NULL,
  `deal_id` int DEFAULT NULL COMMENT 'Supplier ID - can be null for TBD supplier',
  `total` decimal(15,2) DEFAULT '0.00' COMMENT 'Total request amount',
  `pr_status` tinyint DEFAULT '1' COMMENT '1=Draft, 2=Submitted, 3=Approved, 4=Rejected, 5=Converted to PO',
  `notes` text COMMENT 'Request notes/justification',
  `requested_by` int NOT NULL COMMENT 'User ID who created the request',
  `approver_id` int DEFAULT NULL COMMENT 'User ID who approved/rejected - for future multi-level approval',
  `approved_date` date DEFAULT NULL COMMENT 'Approval date',
  `approved_time` time DEFAULT NULL COMMENT 'Approval time',
  `approval_notes` text COMMENT 'Approval/rejection notes',
  `po_id` int DEFAULT NULL COMMENT 'Link to PO if converted',
  `is_cancelled` tinyint DEFAULT '0' COMMENT '0=Active, 1=Cancelled',
  `ent_date` date NOT NULL,
  `ent_time` time NOT NULL,
  `ent_uid` int NOT NULL COMMENT 'Entry user ID',
  PRIMARY KEY (`id`),
  UNIQUE KEY `req_no` (`req_no`),
  KEY `deal` (`deal_id`),
  KEY `status` (`pr_status`),
  KEY `po` (`po_id`)
) ENGINE=InnoDB DEFAULT CHARSET=utf8mb4 COLLATE=utf8mb4_0900_ai_ci COMMENT='Purchase Request Header';

/*Data for the table `prod_purchase_request` */

/*Table structure for table `prod_purchase_request_counter` */

DROP TABLE IF EXISTS `prod_purchase_request_counter`;

CREATE TABLE `prod_purchase_request_counter` (
  `id` int NOT NULL DEFAULT '1',
  `last_req_no` int DEFAULT '0',
  PRIMARY KEY (`id`)
) ENGINE=InnoDB DEFAULT CHARSET=utf8mb4 COLLATE=utf8mb4_0900_ai_ci;

/*Data for the table `prod_purchase_request_counter` */

/*Table structure for table `prod_purchase_request_details` */

DROP TABLE IF EXISTS `prod_purchase_request_details`;

CREATE TABLE `prod_purchase_request_details` (
  `id` int NOT NULL AUTO_INCREMENT,
  `pr_id` int NOT NULL COMMENT 'Foreign key to prod_purchase_request',
  `prods_id` int NOT NULL COMMENT 'Product ID',
  `pack` int DEFAULT '1' COMMENT 'Number of packs',
  `qtypack` int DEFAULT '1' COMMENT 'Quantity per pack',
  `quantity` int NOT NULL COMMENT 'Total quantity requested',
  `free` int DEFAULT '0' COMMENT 'Free quantity expected',
  `rate` decimal(15,2) DEFAULT '0.00' COMMENT 'Expected cost per unit',
  `mrp` decimal(15,2) DEFAULT '0.00' COMMENT 'Expected MRP',
  `total` decimal(15,2) DEFAULT '0.00' COMMENT 'Line total',
  `tax` decimal(5,2) DEFAULT '0.00' COMMENT 'Tax percentage',
  `tax_amt` decimal(15,2) DEFAULT '0.00' COMMENT 'Tax amount',
  `disc_per` decimal(5,2) DEFAULT '0.00' COMMENT 'Discount percentage',
  `disc_amt` decimal(15,2) DEFAULT '0.00' COMMENT 'Discount amount',
  `net` decimal(15,2) DEFAULT '0.00' COMMENT 'Net amount',
  `notes` text COMMENT 'Item notes',
  PRIMARY KEY (`id`),
  KEY `idx_pr_id` (`pr_id`),
  KEY `idx_prods_id` (`prods_id`)
) ENGINE=InnoDB DEFAULT CHARSET=utf8mb4 COLLATE=utf8mb4_0900_ai_ci COMMENT='Purchase Request Line Items';

/*Data for the table `prod_purchase_request_details` */

/*Table structure for table `prod_purchase_supplier_payment` */

DROP TABLE IF EXISTS `prod_purchase_supplier_payment`;

CREATE TABLE `prod_purchase_supplier_payment` (
  `id` int unsigned NOT NULL AUTO_INCREMENT,
  `prid` int NOT NULL,
  `deal_id` int NOT NULL,
  `total` double(10,2) DEFAULT NULL,
  `paid` double(10,2) DEFAULT NULL,
  `balance` double(10,2) DEFAULT NULL,
  `is_active` int DEFAULT NULL,
  PRIMARY KEY (`id`),
  KEY `prid` (`prid`),
  KEY `deal` (`deal_id`)
) ENGINE=InnoDB DEFAULT CHARSET=latin1;

/*Data for the table `prod_purchase_supplier_payment` */

/*Table structure for table `prod_purchase_supplier_payment_details` */

DROP TABLE IF EXISTS `prod_purchase_supplier_payment_details`;

CREATE TABLE `prod_purchase_supplier_payment_details` (
  `id` int unsigned NOT NULL AUTO_INCREMENT,
  `supPayId` int NOT NULL,
  `payable` double(10,2) DEFAULT NULL,
  `paid` double(10,2) DEFAULT NULL,
  `balance` double(10,2) DEFAULT NULL,
  `pay_type` int DEFAULT NULL,
  `pay_mode` int DEFAULT '0',
  `uid` int DEFAULT NULL,
  `notes` text,
  `date` date DEFAULT NULL,
  `time` time DEFAULT NULL,
  PRIMARY KEY (`id`),
  KEY `payId` (`supPayId`)
) ENGINE=InnoDB DEFAULT CHARSET=latin1;

/*Data for the table `prod_purchase_supplier_payment_details` */

/*Table structure for table `prod_quotation` */

DROP TABLE IF EXISTS `prod_quotation`;

CREATE TABLE `prod_quotation` (
  `id` int unsigned NOT NULL AUTO_INCREMENT,
  `bill_display` varchar(255) NOT NULL,
  `total` double(10,3) DEFAULT '0.000',
  `prodDisc` double(10,3) DEFAULT '0.000',
  `extraDisc` double(10,3) DEFAULT '0.000',
  `payable` double(10,3) DEFAULT '0.000',
  `is_billed` int DEFAULT '0',
  `is_cancelled` int DEFAULT '0',
  `cusName` varchar(255) DEFAULT NULL,
  `cusPhn` varchar(255) DEFAULT NULL,
  `customerId` int DEFAULT NULL,
  `date` date DEFAULT NULL,
  `time` time DEFAULT NULL,
  `uid` int DEFAULT NULL,
  PRIMARY KEY (`id`)
) ENGINE=InnoDB DEFAULT CHARSET=utf8mb4 COLLATE=utf8mb4_0900_ai_ci;

/*Data for the table `prod_quotation` */

/*Table structure for table `prod_quotation_details` */

DROP TABLE IF EXISTS `prod_quotation_details`;

CREATE TABLE `prod_quotation_details` (
  `id` int unsigned NOT NULL AUTO_INCREMENT,
  `quot_id` int NOT NULL,
  `prod_id` int NOT NULL,
  `qty` decimal(10,2) NOT NULL,
  `price` double(10,3) NOT NULL,
  `disc` double(10,3) DEFAULT NULL,
  `total` double(10,3) DEFAULT NULL,
  `gst` int DEFAULT NULL,
  `is_cancelled` int DEFAULT NULL,
  PRIMARY KEY (`id`)
) ENGINE=InnoDB DEFAULT CHARSET=utf8mb4 COLLATE=utf8mb4_0900_ai_ci;

/*Data for the table `prod_quotation_details` */

/*Table structure for table `prod_stock_adjustment` */

DROP TABLE IF EXISTS `prod_stock_adjustment`;

CREATE TABLE `prod_stock_adjustment` (
  `id` int unsigned NOT NULL AUTO_INCREMENT,
  `product_id` int NOT NULL,
  `batch_id` int NOT NULL,
  `stockType` int NOT NULL COMMENT '1=add 2=minus',
  `stock` decimal(10,2) NOT NULL,
  `date` date DEFAULT NULL,
  `time` time DEFAULT NULL,
  `notes` text,
  `uid` int NOT NULL,
  PRIMARY KEY (`id`),
  KEY `prod` (`product_id`),
  KEY `batch` (`batch_id`),
  KEY `stock` (`stockType`)
) ENGINE=InnoDB AUTO_INCREMENT=15 DEFAULT CHARSET=latin1;

/*Data for the table `prod_stock_adjustment` */

insert  into `prod_stock_adjustment`(`id`,`product_id`,`batch_id`,`stockType`,`stock`,`date`,`time`,`notes`,`uid`) values 
(1,1,1,1,366.00,'2026-03-11','03:33:00','Adding Stock - hh',24),
(2,2,2,2,9.00,'2026-03-11','03:33:36','Removing Stock - sample add by vijy',24),
(3,1,1,1,313.00,'2026-03-11','03:54:32','Adding Stock - pth new entry',24),
(4,6,6,1,2.00,'2026-03-11','09:31:27','Adding Stock - new entry',24),
(5,3,3,1,69.00,'2026-03-12','13:28:48','Adding Stock - balaji stock new entry',24),
(6,11,11,1,35.00,'2026-03-12','17:18:14','Adding Stock - BLACK WHITE',24),
(7,17,17,2,36.00,'2026-03-12','18:42:04','Removing Stock - wrong entry',24),
(8,5,5,1,49.00,'2026-03-12','08:30:48','Adding Stock - new entry',24),
(9,3,3,1,24.00,'2026-03-13','02:46:10','Adding Stock - new entry',24),
(10,2,2,1,169.00,'2026-03-13','06:25:13','Adding Stock - new entry stock',24),
(11,2,2,1,120.00,'2026-03-13','08:55:07','Adding Stock - new entry',24),
(12,1,1,1,103.00,'2026-03-13','09:23:30','Adding Stock - new entry',24),
(13,25,25,1,30.00,'2026-03-16','11:39:42','Adding Stock - mom fit',24),
(14,2,2,1,159.00,'2026-03-22','10:43:34','Adding Stock - 22/03/26',24);

/*Table structure for table `prod_stock_totals` */

DROP TABLE IF EXISTS `prod_stock_totals`;

CREATE TABLE `prod_stock_totals` (
  `id` int unsigned NOT NULL AUTO_INCREMENT,
  `prods_id` int unsigned NOT NULL DEFAULT '0',
  `stock` decimal(10,2) unsigned NOT NULL DEFAULT '0.00',
  `rack` char(1) NOT NULL DEFAULT '',
  `shelf` int NOT NULL DEFAULT '0',
  `userlog` text,
  `extra1` tinyint unsigned DEFAULT '0',
  `extra2` tinyint unsigned DEFAULT '0',
  PRIMARY KEY (`id`),
  KEY `store_id_index` (`prods_id`),
  KEY `stock` (`stock`)
) ENGINE=InnoDB DEFAULT CHARSET=latin1;

/*Data for the table `prod_stock_totals` */

/*Table structure for table `prod_supplier` */

DROP TABLE IF EXISTS `prod_supplier`;

CREATE TABLE `prod_supplier` (
  `id` int unsigned NOT NULL AUTO_INCREMENT,
  `name` varchar(255) NOT NULL,
  `phone_number` varchar(255) DEFAULT NULL,
  `description` varchar(255) DEFAULT NULL,
  `date` date DEFAULT NULL,
  `time` time DEFAULT NULL,
  `is_active` int DEFAULT '1',
  `gstin` varchar(255) DEFAULT NULL,
  `is_gst` int DEFAULT '0',
  PRIMARY KEY (`id`)
) ENGINE=InnoDB AUTO_INCREMENT=2 DEFAULT CHARSET=latin1;

/*Data for the table `prod_supplier` */

insert  into `prod_supplier`(`id`,`name`,`phone_number`,`description`,`date`,`time`,`is_active`,`gstin`,`is_gst`) values 
(1,'Grocery supplier','','','2026-02-19','12:20:52',1,NULL,0);

/*Table structure for table `prod_supplier_cheque_allocation` */

DROP TABLE IF EXISTS `prod_supplier_cheque_allocation`;

CREATE TABLE `prod_supplier_cheque_allocation` (
  `id` int NOT NULL AUTO_INCREMENT,
  `cheque_id` int NOT NULL,
  `purchase_id` int NOT NULL,
  `allocated_amount` decimal(10,2) NOT NULL,
  `allocated_date` date NOT NULL,
  `allocated_time` time NOT NULL,
  `allocated_uid` int NOT NULL,
  `due_date` date DEFAULT NULL,
  `credit_days` int DEFAULT '10',
  `status` varchar(20) NOT NULL DEFAULT 'ALLOCATED',
  `cleared_date` date DEFAULT NULL,
  `cleared_time` time DEFAULT NULL,
  `cleared_uid` int DEFAULT NULL,
  `is_reversed` tinyint(1) DEFAULT '0',
  `reversed_date` date DEFAULT NULL,
  `reversed_time` time DEFAULT NULL,
  `reversed_uid` int DEFAULT NULL,
  `is_active` tinyint(1) DEFAULT '1',
  PRIMARY KEY (`id`),
  KEY `idx_cheque` (`cheque_id`),
  KEY `idx_purchase` (`purchase_id`),
  KEY `idx_status` (`status`),
  KEY `idx_active` (`is_active`)
) ENGINE=InnoDB DEFAULT CHARSET=utf8mb4 COLLATE=utf8mb4_0900_ai_ci;

/*Data for the table `prod_supplier_cheque_allocation` */

/*Table structure for table `prod_supplier_cheque_events` */

DROP TABLE IF EXISTS `prod_supplier_cheque_events`;

CREATE TABLE `prod_supplier_cheque_events` (
  `id` int NOT NULL AUTO_INCREMENT,
  `cheque_id` int NOT NULL,
  `event_type` varchar(20) NOT NULL,
  `event_date` date NOT NULL,
  `event_time` time NOT NULL,
  `event_uid` int NOT NULL,
  `reason` text,
  PRIMARY KEY (`id`),
  KEY `idx_cheque` (`cheque_id`),
  KEY `idx_event_type` (`event_type`)
) ENGINE=InnoDB DEFAULT CHARSET=utf8mb4 COLLATE=utf8mb4_0900_ai_ci;

/*Data for the table `prod_supplier_cheque_events` */

/*Table structure for table `prod_supplier_cheque_stock` */

DROP TABLE IF EXISTS `prod_supplier_cheque_stock`;

CREATE TABLE `prod_supplier_cheque_stock` (
  `id` int NOT NULL AUTO_INCREMENT,
  `supplier_id` int NOT NULL,
  `cheque_number` varchar(255) NOT NULL,
  `bank_name` text,
  `entry_date` date NOT NULL,
  `entry_time` time NOT NULL,
  `entry_uid` int NOT NULL,
  `status` varchar(20) NOT NULL DEFAULT 'AVAILABLE',
  `is_active` tinyint(1) DEFAULT '1',
  PRIMARY KEY (`id`),
  KEY `idx_supplier` (`supplier_id`),
  KEY `idx_status` (`status`),
  KEY `idx_active` (`is_active`)
) ENGINE=InnoDB DEFAULT CHARSET=utf8mb4 COLLATE=utf8mb4_0900_ai_ci;

/*Data for the table `prod_supplier_cheque_stock` */

/*Table structure for table `prod_units` */

DROP TABLE IF EXISTS `prod_units`;

CREATE TABLE `prod_units` (
  `id` int unsigned NOT NULL AUTO_INCREMENT,
  `name` varchar(255) DEFAULT NULL,
  `is_active` int DEFAULT '1',
  PRIMARY KEY (`id`)
) ENGINE=InnoDB AUTO_INCREMENT=6 DEFAULT CHARSET=utf8mb4 COLLATE=utf8mb4_0900_ai_ci;

/*Data for the table `prod_units` */

insert  into `prod_units`(`id`,`name`,`is_active`) values 
(1,'NOS',1),
(2,'Gram',1),
(3,'KG',1),
(4,'Meter',1),
(5,'litre',1);

/*Table structure for table `sales_area` */

DROP TABLE IF EXISTS `sales_area`;

CREATE TABLE `sales_area` (
  `id` int unsigned NOT NULL AUTO_INCREMENT,
  `name` varchar(255) NOT NULL,
  `is_active` int DEFAULT NULL,
  `created_date` datetime DEFAULT NULL,
  PRIMARY KEY (`id`)
) ENGINE=InnoDB DEFAULT CHARSET=utf8mb4 COLLATE=utf8mb4_0900_ai_ci;

/*Data for the table `sales_area` */

/*Table structure for table `sales_man` */

DROP TABLE IF EXISTS `sales_man`;

CREATE TABLE `sales_man` (
  `id` int unsigned NOT NULL AUTO_INCREMENT,
  `name` varchar(255) NOT NULL,
  `is_active` int DEFAULT '1',
  `created_date` datetime DEFAULT NULL,
  PRIMARY KEY (`id`)
) ENGINE=InnoDB DEFAULT CHARSET=utf8mb4 COLLATE=utf8mb4_0900_ai_ci;

/*Data for the table `sales_man` */

/*Table structure for table `special_permission` */

DROP TABLE IF EXISTS `special_permission`;

CREATE TABLE `special_permission` (
  `id` int unsigned NOT NULL AUTO_INCREMENT,
  `content` varchar(255) NOT NULL,
  PRIMARY KEY (`id`)
) ENGINE=InnoDB AUTO_INCREMENT=2 DEFAULT CHARSET=utf8mb4 COLLATE=utf8mb4_0900_ai_ci;

/*Data for the table `special_permission` */

insert  into `special_permission`(`id`,`content`) values 
(1,'allow to Zero stock billing ');

/*Table structure for table `user_modules` */

DROP TABLE IF EXISTS `user_modules`;

CREATE TABLE `user_modules` (
  `id` int unsigned NOT NULL AUTO_INCREMENT,
  `module_name` varchar(255) NOT NULL,
  PRIMARY KEY (`id`)
) ENGINE=InnoDB AUTO_INCREMENT=13 DEFAULT CHARSET=latin1;

/*Data for the table `user_modules` */

insert  into `user_modules`(`id`,`module_name`) values 
(1,'Billing'),
(2,'Configuration'),
(3,'Stock Reports'),
(4,'User management'),
(5,'Inventory'),
(6,'Account Report'),
(7,'Admin'),
(8,'Dashboard'),
(10,'Credit Management'),
(12,'Expense');

/*Table structure for table `user_permission` */

DROP TABLE IF EXISTS `user_permission`;

CREATE TABLE `user_permission` (
  `id` int unsigned NOT NULL AUTO_INCREMENT,
  `module_id` int NOT NULL,
  `uid` int NOT NULL,
  `date` date DEFAULT NULL,
  `time` time DEFAULT NULL,
  PRIMARY KEY (`id`),
  KEY `mod` (`module_id`),
  KEY `uid` (`uid`)
) ENGINE=InnoDB AUTO_INCREMENT=130 DEFAULT CHARSET=latin1;

/*Data for the table `user_permission` */

insert  into `user_permission`(`id`,`module_id`,`uid`,`date`,`time`) values 
(70,1,1,'2025-09-19','11:43:23'),
(71,2,1,'2025-09-19','11:43:23'),
(72,3,1,'2025-09-19','11:43:23'),
(73,4,1,'2025-09-19','11:43:23'),
(74,5,1,'2025-09-19','11:43:23'),
(75,6,1,'2025-09-19','11:43:23'),
(76,7,1,'2025-09-19','11:43:23'),
(77,8,1,'2025-09-19','11:43:23'),
(81,8,1,'2025-09-19','11:51:25'),
(102,10,1,'2026-01-16',NULL),
(113,11,1,'2026-01-25',NULL),
(115,1,23,'2026-02-19','12:25:37'),
(116,12,1,'2026-02-19','12:00:00'),
(117,1,22,'2026-02-27','11:51:13'),
(118,12,22,'2026-02-27','11:51:13'),
(119,1,24,'2008-01-01','00:39:59'),
(120,2,24,'2008-01-01','00:39:59'),
(121,3,24,'2008-01-01','00:39:59'),
(122,4,24,'2008-01-01','00:39:59'),
(123,5,24,'2008-01-01','00:39:59'),
(124,6,24,'2008-01-01','00:39:59'),
(125,7,24,'2008-01-01','00:39:59'),
(126,8,24,'2008-01-01','00:39:59'),
(127,10,24,'2008-01-01','00:39:59'),
(128,12,24,'2008-01-01','00:39:59'),
(129,1,25,'2026-03-15','11:41:54');

/*Table structure for table `user_special_permission` */

DROP TABLE IF EXISTS `user_special_permission`;

CREATE TABLE `user_special_permission` (
  `id` int unsigned NOT NULL AUTO_INCREMENT,
  `content_id` int NOT NULL,
  `user_id` int NOT NULL,
  PRIMARY KEY (`id`)
) ENGINE=InnoDB AUTO_INCREMENT=5 DEFAULT CHARSET=utf8mb4 COLLATE=utf8mb4_0900_ai_ci;

/*Data for the table `user_special_permission` */

insert  into `user_special_permission`(`id`,`content_id`,`user_id`) values 
(1,1,1),
(3,1,24),
(4,1,25);

/*Table structure for table `users` */

DROP TABLE IF EXISTS `users`;

CREATE TABLE `users` (
  `id` int unsigned NOT NULL AUTO_INCREMENT,
  `user_name` varchar(255) NOT NULL,
  `password` varchar(255) NOT NULL,
  `is_active` int DEFAULT '1',
  `fullName` varchar(255) DEFAULT NULL,
  PRIMARY KEY (`id`)
) ENGINE=InnoDB AUTO_INCREMENT=26 DEFAULT CHARSET=latin1;

/*Data for the table `users` */

insert  into `users`(`id`,`user_name`,`password`,`is_active`,`fullName`) values 
(1,'admin','aecbf9a63cec1e93327dfc212f31acdb31c4f5d10bedccf8fbb8b042a6f0f39155797bdd04517905ae5d98b69fdc452cdb61b018e10939740ec96f36e133d639',1,'admin'),
(22,'demo','3c9909afec25354d551dae21590bb26e38d53f2173b8d3dc3eee4c047e7ab1c1eb8b85103e3be7ba613b31bb5c9c36214dc9f14a42fd7a2fdb84856bca5c44c2',1,'demo'),
(23,'hi','3c9909afec25354d551dae21590bb26e38d53f2173b8d3dc3eee4c047e7ab1c1eb8b85103e3be7ba613b31bb5c9c36214dc9f14a42fd7a2fdb84856bca5c44c2',1,'hi'),
(24,'nigesh','3c9909afec25354d551dae21590bb26e38d53f2173b8d3dc3eee4c047e7ab1c1eb8b85103e3be7ba613b31bb5c9c36214dc9f14a42fd7a2fdb84856bca5c44c2',1,'nigesh'),
(25,'JK','3627909a29c31381a071ec27f7c9ca97726182aed29a7ddd2e54353322cfb30abb9e3a6df2ac2c20fe23436311d678564d0c8d305930575f60e2d3d048184d79',1,'Jeyakumar');

/*!40101 SET SQL_MODE=@OLD_SQL_MODE */;
/*!40014 SET FOREIGN_KEY_CHECKS=@OLD_FOREIGN_KEY_CHECKS */;
/*!40014 SET UNIQUE_CHECKS=@OLD_UNIQUE_CHECKS */;
/*!40111 SET SQL_NOTES=@OLD_SQL_NOTES */;
